/*
Navicat Oracle Data Transfer
Oracle Client Version : 10.2.0.5.0

Source Server         : 121.43.168.125
Source Server Version : 110200
Source Host           : 121.43.168.125:55521
Source Schema         : DT

Target Server Type    : MYSQL
Target Server Version : 50599
File Encoding         : 65001

Date: 2018-03-19 08:24:58
*/


-- ----------------------------
-- Table structure for `ct_category`
-- ----------------------------
DROP TABLE IF EXISTS `ct_category`;
CREATE TABLE `ct_category` (
`id`  decimal(10,0) NOT NULL ,
`root`  decimal(65,30) NOT NULL ,
`name`  varchar(200) NULL ,
`mpic`  varchar(50) NULL ,
`parent_id`  decimal(10,0) NULL ,
`route`  text NULL ,
`mark`  text NULL ,
`node_level`  decimal(2,0) NULL ,
`od`  decimal(2,0) NULL ,
`isaction`  char(1) NULL ,
`deleted`  char(1) NULL ,
PRIMARY KEY (`id`)
)

;

-- ----------------------------
-- Records of CT_CATEGORY
-- ----------------------------
BEGIN;
INSERT INTO `ct_category` VALUES ('24', '1', '娱乐23', null, '1', '24', '1212', '1', '99', 'N', 'N'), ('25', '1', '体育', null, '1', '25', '1212', '1', '99', 'Y', 'N'), ('26', '1', '新节点', null, '25', '25-26', null, '2', '99', null, 'Y'), ('10', '1', '财经2', null, '1', '10', null, '1', '99', 'N', 'N'), ('11', '1', '社会2', null, '1', '11', null, '1', '99', 'N', 'N'), ('12', '1', '科技', null, '1', '12', null, '1', '99', null, 'N'), ('13', '1', '新节点', null, '10', '10-13', null, '2', '99', null, 'Y'), ('14', '2', '新节点', null, '2', '14', null, '1', '99', null, 'Y'), ('15', '1', '新节点', null, '13', '10-13-15', null, '3', '99', null, 'Y'), ('16', '1', '新节点', null, '11', '11-16', null, '2', '99', null, 'Y'), ('17', '1', '新节点', null, '12', '12-17', null, '2', '99', null, 'Y'), ('18', '1', '新节点', null, '17', '12-17-18', null, '3', '99', null, 'Y'), ('19', '1', '新节点', null, '17', '12-17-19', null, '3', '99', null, 'Y'), ('20', '1', '新节点', null, '19', '12-17-19-20', null, '4', '99', null, 'Y'), ('21', '2', '新节点2', null, '2', '21', '2', '1', '99', null, 'N'), ('22', '2', '新节点', null, '21', '21-22', null, '2', '99', null, 'Y'), ('23', '2', '新节点', null, '22', '21-22-23', null, '3', '99', null, 'Y'), ('28', '2', '不知道2', null, '2', '28', null, '1', '99', 'Y', 'N'), ('27', '1', '新节点', null, '26', '25-26-27', null, '3', '99', null, 'Y'), ('29', '1', '新节点', null, '24', '24-29', null, '2', '99', null, 'Y');
COMMIT;

-- ----------------------------
-- Table structure for `ct_category_root`
-- ----------------------------
DROP TABLE IF EXISTS `ct_category_root`;
CREATE TABLE `ct_category_root` (
`id`  decimal(65,30) NOT NULL ,
`name`  varchar(50) NULL ,
`type`  varchar(50) NULL ,
`mark`  varchar(100) NULL ,
`od`  decimal(1,0) NULL ,
`deleted`  char(1) NULL ,
PRIMARY KEY (`id`)
)

;

-- ----------------------------
-- Records of CT_CATEGORY_ROOT
-- ----------------------------
BEGIN;
INSERT INTO `ct_category_root` VALUES ('1', '新闻中心', 'news', 'N', '1', 'N'), ('2', '新闻中心2', 'doc', 'N', '2', 'N');
COMMIT;

-- ----------------------------
-- Table structure for `ct_content`
-- ----------------------------
DROP TABLE IF EXISTS `ct_content`;
CREATE TABLE `ct_content` (
`id`  varchar(50) NOT NULL ,
`cat_id`  varchar(50) NULL ,
`digest`  char(1) NULL ,
`title`  varchar(200) NULL ,
`profile`  text NULL ,
`urltype`  varchar(50) NULL ,
`url`  text NULL ,
`type`  varchar(100) NULL ,
`mpic`  varchar(50) NULL ,
`mpic_loc`  varchar(20) NULL ,
`content`  text NULL ,
`hits`  decimal(5,0) NULL ,
`author`  varchar(100) NULL ,
`sort`  decimal(2,0) NULL ,
`createtime`  datetime NULL ,
`modifytime`  datetime NULL ,
`display`  char(1) NULL ,
`tag`  varchar(50) NULL ,
`mark`  varchar(100) NULL ,
`deleted`  char(1) NULL ,
`user_id`  varchar(50) NULL ,
PRIMARY KEY (`id`)
)

;

-- ----------------------------
-- Records of CT_CONTENT
-- ----------------------------
BEGIN;
INSERT INTO `ct_content` VALUES ('35a188c53ef44538b289274daf192a8b', null, 'N', '12', '12', 'local', null, 'news', null, null, '<p>23你好</p>', '0', null, null, '2017-08-12 11:39:59', null, 'N', null, null, 'Y', null), ('62fb080ab0114750bf545ce1734e0da3', null, 'N', 'ce', '12', 'local', '12', 'news', 'F6046F197EAD422A959DE00BDAF17794', 'right', null, '0', null, null, '2017-08-12 15:09:44', '2017-08-12 15:09:44', 'N', null, null, 'Y', null), ('2a1e0aca5ca6490ab3c806fa9fbd94c4', null, 'N', '测试有图马', '测试有图马', 'local', '测试有图马', 'news', '43A008E8250DE4970BFA2203E82F6220', 'left', null, '0', null, null, '2017-08-12 15:14:04', '2017-08-12 15:14:04', 'N', null, null, 'Y', null), ('d39bb4ba103f4daf9ced44a8d9842fab', null, 'N', '1', '1', 'local', '12', 'news', '19FABD3ED3CB02A4DA81D5067ABBFF25', 'left', null, '0', null, null, '2017-08-12 15:15:11', '2017-08-12 15:15:11', 'N', null, null, 'N', null), ('6f62b1b55d1d486a9ae64512276566f3', null, 'N', '1', '1', 'local', '12', 'news', '17B3B8BF611714DEFE59B68BAE7D12E4', 'left', null, '0', null, null, '2017-08-12 15:16:17', '2017-08-12 15:16:17', 'N', null, null, 'N', null), ('fa306b5d84124fe6b1db71f97fae331c', null, 'N', '宁波本地新闻', '宁波本地新闻内容', 'local', null, 'news', '6B50C6CE446A54AB2CCC5F0DE420873D', 'left', '<p>宁波本地新闻内容宁波本地新闻内容宁波本地新闻内容宁波本地新闻内容</p>', '0', null, null, '2017-08-12 21:44:06', '2017-08-12 21:44:06', 'N', null, null, 'Y', null), ('59be21fb4c504dbf879a6f0d2b95edf1', null, 'N', '新的新闻', '新的新闻', 'local', null, 'news', '6E73B3561D2DCE92A9D4D9247BB32569', 'left', '<p>新的新闻</p>', '0', null, null, '2017-08-12 21:54:49', '2017-08-12 21:54:49', 'N', null, null, 'Y', null), ('06a7fb2c6ed34d9b80d8b55ab09c4853', null, 'N', '12', '12', 'local', null, 'news', null, null, '<p>23你好</p>', '0', null, null, '2017-08-12 11:39:59', null, 'N', null, null, 'Y', null), ('47355f52df3847d7b852e2cda3a9b05b', null, 'N', '12', '12', 'local', null, 'news', null, null, '<p>23你好</p>', '0', null, null, '2017-08-12 11:39:59', null, 'N', null, null, 'N', null), ('9380f1c431574864b95290fec0a84970', null, 'N', '12', '12', 'local', null, 'news', null, null, '<p>23你好</p>', '0', null, null, '2017-08-12 11:39:59', null, 'N', null, null, 'N', null), ('0bd40386d8354f388de16772f7d508e2', null, 'N', '12', '12', 'local', null, 'news', null, null, '<p>23你好</p>', '0', null, null, '2017-08-12 11:39:59', null, 'N', null, null, 'N', null), ('79164c6347d94d6398458aae18821a68', null, 'N', '12', '12', 'local', null, 'news', null, null, '<p>23你好</p>', '0', null, null, '2017-08-12 11:39:59', null, 'N', null, null, 'N', null), ('555425cc057045468fe1ac7c37c9b84e', null, 'N', '12', '12', 'local', null, 'news', null, null, '<p>23你好</p>', '0', null, null, '2017-08-12 11:39:59', null, 'N', null, null, 'N', null), ('20239837cf8c45a085f58a05d84def43', null, 'N', '12', '12', 'local', null, 'news', null, null, '<p>23你好</p>', '0', null, null, '2017-08-12 11:39:59', null, 'N', null, null, 'N', null), ('c1a8b380fe334258888bf25bde223b5d', null, 'N', '12', '12', 'local', null, 'news', null, null, '<p>23你好</p>', '0', null, null, '2017-08-12 11:39:59', null, 'N', null, null, 'N', null), ('b2fe3e8f90104d3a9620a79923aa4f3a', null, 'N', '12', '12', 'local', null, 'news', null, null, '<p>23你好</p>', '0', null, null, '2017-08-12 11:39:59', null, 'N', null, null, 'N', null), ('9054d35258dd49f392398463317fe12c', null, 'N', '12', '12', 'local', null, 'news', null, null, '<p>23你好</p>', '0', null, null, '2017-08-12 11:39:59', null, 'N', null, null, 'N', null), ('c5808c4c279445679388a96d270a4c47', null, 'N', '12', '12', 'local', null, 'news', null, null, '<p>23你好</p>', '0', null, null, '2017-08-12 11:39:59', null, 'N', null, null, 'N', null), ('cf045c8f194f4dfd99d284da04307660', null, 'N', '12', '12', 'local', null, 'news', null, null, '<p>23你好</p>', '0', null, null, '2017-08-12 11:39:59', null, 'N', null, null, 'Y', null), ('ec3ebb46e6a54db6abcd1dff86de838a', null, 'N', '12', '12', 'local', null, 'news', null, null, '<p>23你好</p>', '0', null, null, '2017-08-12 11:39:59', null, 'N', null, null, 'Y', null), ('3e7a37197c8a4fd5bb1882047b08d0c0', null, 'N', '12', '12', 'local', null, 'news', null, null, '<p>23你好</p>', '0', null, null, '2017-08-12 11:39:59', null, 'N', null, null, 'N', null), ('1a713e4cfc24446a84f5fe844019fc84', null, 'N', '1', '1', 'local', '12', 'news', '3E092426450B63DFC109D2EC0C9C0E32', 'left', null, '0', null, null, '2017-08-12 15:29:11', '2017-08-12 15:29:11', 'N', null, null, 'Y', null), ('2c032566fd62487eb9eda09f3a40cf2c', null, 'N', '12', '12', 'local', null, 'news', '6BD61DC191836E42E74C2F538EB246EC', 'left', null, '0', null, null, '2017-08-12 15:44:06', '2017-08-12 15:44:06', 'N', null, null, 'Y', null), ('77b5ba233edd4cc184888a22442a042e', null, 'N', '12', '12', 'local', null, 'news', '46A615C3BE6275BDA085DE07E45C2733', 'left', null, '0', null, null, '2017-08-12 15:44:41', '2017-08-12 15:44:41', 'N', null, null, 'Y', null), ('01a4b451db5e49b686b371bd5d6dfb26', null, 'N', '正式版本发布新闻', '正式版本发布新闻', 'local', '正式版本发布新闻', 'news', '5C23934A28490FD0887E42C2AF339528', 'left', '<p>正式版本发布新闻</p>', '0', null, null, '2017-08-12 16:04:20', '2017-08-12 16:04:20', 'N', null, null, 'Y', null), ('f9177b3449d64d36847c14a7bf5cd6ed', null, 'N', 'Kdsijuhibcjkscjb', 'Bbhcibhc', 'local', null, 'news', 'CF57DF23C437C36F99CECEAB5975D4C4', 'left', null, '0', null, null, '2017-08-12 18:30:37', '2017-08-12 18:30:37', 'N', null, null, 'Y', null), ('c29d4535920943bd952bc847379e8ede', null, 'N', '12', '12', null, '12', 'news', null, null, null, '0', null, null, '2017-08-12 11:39:59', null, 'N', null, null, 'N', null), ('d11d996373c54a578d00f79d0c91a843', null, 'N', '12', '12', 'local', null, 'news', null, null, null, '0', null, null, '2017-08-12 11:39:59', null, 'N', null, null, 'N', null), ('4957b78c4bc44f2c897790fb5ed63e3b', null, 'N', '12', '12', 'local', null, 'news', null, null, '<p>23你好</p>', '0', null, null, '2017-08-12 11:39:59', null, 'N', null, null, 'N', null), ('bf8f05067b7340a08884b9cd009cfbe1', null, 'N', '12', '12', 'local', null, 'news', null, null, '<p>23你好</p>', '0', null, null, '2017-08-12 11:39:59', null, 'N', null, null, 'N', null), ('b4f6a0728ec947879db083641b68c412', null, 'N', '12', '12', 'local', null, 'news', null, null, '<p>23你好</p>', '0', null, null, '2017-08-12 11:39:59', null, 'N', null, null, 'N', null), ('eed95cfec822490d99ed1d6b64e160de', null, 'N', '12', '12', 'local', null, 'news', null, null, '<p>23你好</p>', '0', null, null, '2017-08-12 11:39:59', null, 'N', null, null, 'N', null), ('3806a220bd9e43f78dfc78de4f1e4021', null, 'N', '12', '12', 'local', null, 'news', null, null, '<p>23你好</p>', '0', null, null, '2017-08-12 11:39:59', null, 'N', null, null, 'N', null), ('5c863e3b9f934ef7807202e7d945b6bc', null, 'N', '12', '12', 'local', null, 'news', null, null, '<p>23你好</p>', '0', null, null, '2017-08-12 11:39:59', null, 'N', null, null, 'N', null), ('077aad34a9a849cd8c756f6137b78b55', null, 'N', '12', '12', 'local', null, 'news', null, null, '<p>23你好</p>', '0', null, null, '2017-08-12 11:39:59', null, 'N', null, null, 'N', null), ('9a899a3ef6904dc9b29ef38b63abab88', null, 'N', '12', '12', 'local', null, 'news', null, null, '<p>23你好</p>', '0', null, null, '2017-08-12 11:39:59', null, 'N', null, null, 'N', null), ('ae4fb5f5af014404990fabbb9ebf404e', null, 'N', '12', '12', 'local', null, 'news', null, null, '<p>23你好</p>', '0', null, null, '2017-08-12 11:39:59', null, 'N', null, null, 'N', null), ('ba131094fa314657906e9005c390d1c0', null, 'N', '12', '12', 'local', null, 'news', null, null, '<p>23你好</p>', '0', null, null, '2017-08-12 11:39:59', null, 'N', null, null, 'N', null), ('335f437196ee432682dae07d25981f00', null, 'N', '12', '12', 'local', null, 'news', null, null, '<p>23你好</p>', '0', null, null, '2017-08-12 11:39:59', null, 'N', null, null, 'N', null), ('b1c8d30fcd164feaaa5b3311a494b8b8', null, 'N', '12', '12', 'local', null, 'news', null, null, '<p>23你好</p>', '0', null, null, '2017-08-12 11:39:59', null, 'N', null, null, 'N', null), ('a231dba21dcb49bc99d87d8b78a4db5d', null, 'N', '12', '12', 'local', null, 'news', null, null, '<p>23你好</p>', '0', null, null, '2017-08-12 11:39:59', null, 'N', null, null, 'N', null), ('e9012b40f57f437ca0b070c6a536e5dc', null, 'N', '12', '12', 'local', null, 'news', null, null, '<p>23你好</p>', '0', null, null, '2017-08-12 11:39:59', null, 'N', null, null, 'N', null), ('7575909b891641cb980581e4eae74fac', null, 'N', '12', '12', 'local', null, 'news', null, null, '<p>23你好</p>', '0', null, null, '2017-08-12 11:39:59', null, 'N', null, null, 'N', null), ('83045ffd48134975b3347a67d479d1d2', null, 'N', '12', '12', 'local', null, 'news', null, null, '<p>23你好</p>', '0', null, null, '2017-08-12 11:39:59', null, 'N', null, null, 'N', null), ('0d57aac1460a477d84a398d61f56cc56', null, 'N', '12', '12', 'local', null, 'news', null, null, '<p>23你好</p>', '0', null, null, '2017-08-12 11:39:59', null, 'N', null, null, 'N', null), ('571374568c97457baa5dcbcb6400a385', null, 'N', '12', '12', 'local', null, 'news', null, null, '<p>23你好</p>', '0', null, null, '2017-08-12 11:39:59', null, 'N', null, null, 'N', null), ('9e8158bdb6a549b5b51c6264e354c481', null, 'N', '12', '12', 'local', null, 'news', null, null, '<p>23你好</p>', '0', null, null, '2017-08-12 11:39:59', null, 'N', null, null, 'N', null), ('15a2a81aab74498aa059108081de54f6', null, 'N', '12', '12', 'local', null, 'news', null, null, '<p>23你好</p>', '0', null, null, '2017-08-12 11:39:59', null, 'N', null, null, 'N', null), ('18404d8a3f0f45948e05854ee14e1e72', null, 'N', '12', '12', 'local', null, 'news', null, null, '<p>23你好</p>', '0', null, null, '2017-08-12 11:39:59', null, 'N', null, null, 'N', null), ('bb6c1e2b2258454eac1c9e88ecaa0df7', null, 'N', '12', '12', 'local', null, 'news', null, null, '<p>23你好</p>', '0', null, null, '2017-08-12 11:39:59', null, 'N', null, null, 'N', null), ('c56825a044db4b97ac8782501b976f8a', null, 'N', '12', '12', 'local', null, 'news', null, null, '<p>23你好</p>', '0', null, null, '2017-08-12 09:46:55', '2017-08-12 09:46:55', 'N', null, null, 'N', null), ('d82832d85f30415389efc0d59962a12d', null, 'N', 'hello', '12', 'local', null, 'news', null, null, '<p>23你好</p>', '0', null, null, '2017-08-12 09:47:22', '2017-08-12 09:47:22', 'N', null, null, 'N', null), ('14fe37b88d0846a288dd9bc594286f7c', null, 'N', 'hello', '12', 'local', null, 'news', null, null, '<p>23你好</p>', '0', null, null, '2017-08-12 09:47:32', '2017-08-12 09:47:32', 'N', null, null, 'N', null), ('5fdc5e8eed9c4d0ebb866835061e0491', null, 'N', 'helloabda', 'helloabda', 'local', null, 'news', null, null, '<p>helloabda</p>', '0', null, null, '2017-08-12 12:57:19', '2017-08-12 12:57:19', 'N', null, null, 'Y', null), ('06eda84413514e9098f13efe034bae79', null, 'N', '这是一个测试新闻', '这是一个测试新闻', 'local', null, 'news', null, null, '<p>这是一个测试新闻</p>', '0', null, null, '2017-08-12 14:27:31', '2017-08-12 14:27:31', 'N', null, null, 'N', null), ('378e9e27b1034ac08dc405ce8a2f2424', null, 'N', 'ce', 'ces', 'outer', 'http://weibo.com/ajaxlogin.php?framelogin=1&callback=parent.sinaSSOController.feedBackUrlCallBack', 'news', null, null, null, '0', null, null, '2017-08-12 14:35:49', '2017-08-12 14:35:49', 'N', null, null, 'N', null), ('df43517f05254303af47191708b01409', null, 'N', '1', '1', 'local', '12', 'news', '24797B34ACFCD4795359A6A6B9340762', 'left', null, '0', null, null, '2017-08-12 15:25:06', '2017-08-12 15:25:06', 'N', null, null, 'N', null), ('acd1fd87bba64cc19a9b3cfa04dc5cc9', null, 'N', '1', '1', 'local', '12', 'news', '3D9D4ABCC2C26011B808F361BD51055C', 'left', null, '0', null, null, '2017-08-12 15:30:53', '2017-08-12 15:30:53', 'N', null, null, 'Y', null), ('853fbe08bf2d4483995a13d2156f4c5c', null, 'N', '12', '12', 'local', null, 'news', '0F3F7637B5355DE5B169054609801BB3', 'left', null, '0', null, null, '2017-08-12 15:39:31', '2017-08-12 15:39:31', 'N', null, null, 'Y', null), ('ac3994d0e78e4fc793a9b653449b55c3', null, 'N', '图片12', '12', 'local', null, 'news', '01EE1EFB31E7F7B95AA71B16C4A84902', 'left', null, '0', null, null, '2017-08-12 15:47:36', '2017-08-12 15:47:36', 'N', null, null, 'N', null), ('8c0d179a0fa9479392a3b8ca9fb2b2ca', null, 'N', '有图马哈哈', '有图马哈哈', 'local', '有图马哈哈', 'news', '0DAA8F6DE3E4A26F8C91E7010C08BFDB', 'left', null, '0', null, null, '2017-08-12 15:53:33', '2017-08-12 15:53:33', 'N', null, null, 'Y', null), ('2a2a7578c1714bbd9b4c0c89134eaf5c', null, 'N', null, null, null, null, 'other', null, null, null, '0', null, null, '2017-08-12 21:47:43', '2017-08-12 21:47:43', 'N', null, null, 'N', null), ('b71342810fc14d63ac113828d6005d17', null, 'N', null, null, null, null, 'other', null, null, null, '0', null, null, '2017-08-12 21:48:01', '2017-08-12 21:48:01', 'N', null, null, 'N', null), ('06fbd4a2922e46e0bc0f383a554f18f6', null, 'N', null, null, null, null, 'other', null, null, null, '0', null, null, '2017-08-12 21:51:22', '2017-08-12 21:51:22', 'N', null, null, 'N', null), ('sys_company', null, 'N', '标题', 'profiile', null, null, 'other', 'C6240C67B12423A251AFBC189DFD6DDA', null, '<p>阿道夫</p>', '0', null, null, '2017-08-12 21:53:47', '2017-11-22 15:43:43', 'N', null, null, 'N', null), ('976841c095d14a3facc141de6ad9f8f5', null, 'N', '1212', '12', 'local', null, 'news', 'BE4AE8735BA3999FFB95D1618C2B5ED2', 'left', null, '0', null, null, '2017-08-12 21:58:55', '2017-08-12 21:58:55', 'N', null, null, 'Y', null), ('b393adfc765445ae9a2645e4e96739ac', null, 'N', '12', '12', 'local', null, 'news', null, null, '<p>23你好</p>', '0', null, null, '2017-08-12 11:39:59', null, 'N', null, null, 'N', null), ('2223987bc8b647aca6e6e43ba7480bf8', null, 'N', '12', '12', 'local', null, 'news', null, null, '<p>23你好</p>', '0', null, null, '2017-08-12 11:39:59', null, 'N', null, null, 'N', null), ('8eaf4feb68fa4000bf1e345e9e264930', null, 'N', '12', '12', 'local', null, 'news', null, null, '<p>23你好</p>', '0', null, null, '2017-08-12 11:39:59', null, 'N', null, null, 'N', null), ('f9004d8e4a084b59bdf00f1f27a92ed2', null, 'N', '12', '12', 'local', null, 'news', null, null, '<p>23你好</p>', '0', null, null, '2017-08-12 11:39:59', null, 'N', null, null, 'N', null), ('49b76f711dd844509eaccccd163e23ad', null, 'N', '12', '12', 'local', null, 'news', null, null, '<p>23你好</p>', '0', null, null, '2017-08-12 11:39:59', null, 'N', null, null, 'N', null), ('6cde2b27959e4489bfd86bf6034b2236', null, 'N', '12', '12', 'local', null, 'news', null, null, '<p>23你好</p>', '0', null, null, '2017-08-12 11:39:59', null, 'N', null, null, 'N', null), ('c914a4ebdd8d4004873c3d32f3a4118b', null, 'N', '12', '12', 'local', null, 'news', null, null, '<p>23你好</p>', '0', null, null, '2017-08-12 11:39:59', null, 'N', null, null, 'N', null), ('88e313ce05794ee5a07ecceba7142c1f', null, 'N', '12', '12', 'local', null, 'news', null, null, '<p>23你好</p>', '0', null, null, '2017-08-12 11:39:59', null, 'N', null, null, 'N', null), ('d309a6c1bbe144f4b2c60527658c16cd', null, 'N', '12', '12', 'local', null, 'news', null, null, '<p>23你好</p>', '0', null, null, '2017-08-12 11:39:59', null, 'N', null, null, 'N', null), ('7f7164a0f1b64122a5fb26520802f889', null, 'N', '12', '12', 'local', null, 'news', null, null, '<p>23你好</p>', '0', null, null, '2017-08-12 11:39:59', null, 'N', null, null, 'N', null), ('e301293db37540b3a5ff0e683724a33d', null, 'N', '12', '12', 'local', null, 'news', null, null, '<p>23你好</p>', '0', null, null, '2017-08-12 11:39:59', null, 'N', null, null, 'N', null), ('9292a9bfbea94db698eb767581142a9d', null, 'N', '12', '12', 'local', null, 'news', null, null, '<p>23你好</p>', '0', null, null, '2017-08-12 11:39:59', null, 'N', null, null, 'N', null), ('4296192323324c66bfdce6195d4c9598', null, 'N', '12', '12', 'local', null, 'news', null, null, '<p>23你好</p>', '0', null, null, '2017-08-12 11:39:59', null, 'N', null, null, 'N', null), ('21ef5ef03125430b905c5a298fb91b33', null, 'N', '12', '12', 'local', null, 'news', null, null, '<p>23你好</p>', '0', null, null, '2017-08-12 11:39:59', null, 'N', null, null, 'N', null), ('a5d2314af434459596302e06b1bec055', null, 'N', '12', '12', 'local', null, 'news', null, null, '<p>23你好</p>', '0', null, null, '2017-08-12 11:39:59', null, 'N', null, null, 'N', null), ('697e4c79fcd846b4ad047c89189755a1', null, 'N', '12', '12', 'local', null, 'news', null, null, '<p>23你好</p>', '0', null, null, '2017-08-12 11:39:59', null, 'N', null, null, 'N', null), ('c20df8b07f9a47fc9a7fd9cc23bb6474', null, 'N', '12', '12', 'local', null, 'news', null, null, '<p>23你好</p>', '0', null, null, '2017-08-12 11:39:59', null, 'N', null, null, 'N', null), ('5133a508b417461ba6e5261828118dd3', null, 'N', '12', '12', 'local', null, 'news', null, null, '<p>23你好</p>', '0', null, null, '2017-08-12 11:39:59', null, 'N', null, null, 'N', null), ('15f3439f55954ff2bae3d52ad1a8ed17', null, 'N', '12', '12', 'local', null, 'news', null, null, '<p>23你好</p>', '0', null, null, '2017-08-12 11:39:59', null, 'N', null, null, 'N', null), ('d04152944c6840b7a32ac424e739afeb', null, 'N', '12', '12', 'local', null, 'news', null, null, '<p>23你好</p>', '0', null, null, '2017-08-12 11:39:59', null, 'N', null, null, 'N', null), ('d77899d1f1d24db19b8070afd7921cfd', null, 'N', '12', '12', 'local', null, 'news', null, null, '<p>23你好</p>', '0', null, null, '2017-08-12 11:39:59', null, 'N', null, null, 'N', null), ('a50e92de70e34c2b846ef7c35e73fc36', null, 'N', '12', '12', 'local', null, 'news', null, null, '<p>23你好</p>', '0', null, null, '2017-08-12 11:39:59', null, 'N', null, null, 'N', null), ('d236c8c3223d4281a08216e51cd68381', null, 'N', '12', '12', 'local', null, 'news', null, null, '<p>23你好</p>', '0', null, null, '2017-08-12 11:39:59', null, 'N', null, null, 'N', null), ('bddfcba1210e485691f42a83bb15d9a8', null, 'N', '12', '12', 'local', null, 'news', null, null, '<p>23你好</p>', '0', null, null, '2017-08-12 11:39:59', null, 'N', null, null, 'N', null), ('72cac0c1ae3f465884e651c8a4df5aba', null, 'N', '12', '12', 'local', null, 'news', null, null, '<p>23你好</p>', '0', null, null, '2017-08-12 11:39:59', null, 'N', null, null, 'N', null), ('893d14e140cf41bc810afde600367c83', null, 'N', '12', '12', 'local', null, 'news', null, null, '<p>23你好</p>', '0', null, null, '2017-08-12 11:39:59', null, 'N', null, null, 'N', null), ('ca0fd91178e14b2dbd479065ce4e3f51', null, 'N', '12', '12', 'local', null, 'news', null, null, '<p>23你好</p>', '0', null, null, '2017-08-12 11:39:59', null, 'N', null, null, 'N', null), ('4b35590bdf2f4b879a2dd39d0bd5a6ec', null, 'N', '12', '12', 'local', null, 'news', null, null, '<p>23你好</p>', '0', null, null, '2017-08-12 11:39:59', null, 'N', null, null, 'N', null), ('0dfc73761c554b6995c8db0e1dad7bde', null, 'N', '12', '12', 'local', null, 'news', null, null, '<p>23你好</p>', '0', null, null, '2017-08-12 11:39:59', null, 'N', null, null, 'N', null), ('f07cdbe387a04b97a983256aac80036d', null, 'N', '12', '12', 'local', null, 'news', null, null, '<p>23你好</p>', '0', null, null, '2017-08-12 11:39:59', null, 'N', null, null, 'N', null), ('1efe8dedea384df08ebadd3457cc103e', null, 'N', '12', '12', 'local', null, 'news', null, null, '<p>23你好</p>', '0', null, null, '2017-08-12 11:39:59', null, 'N', null, null, 'N', null), ('9f9c736a1ed44efbbae8b405e3625d6e', null, 'N', '12', '12', 'local', null, 'news', null, null, '<p>23你好</p>', '0', null, null, '2017-08-12 11:39:59', null, 'N', null, null, 'N', null), ('1b6a1f2619df4903933523c5f1994ec0', null, 'N', '12', '12', 'local', null, 'news', null, null, '<p>23你好</p>', '0', null, null, '2017-08-12 11:39:59', null, 'N', null, null, 'N', null), ('e8836e55c0db4cb2a25b6bdcd18f68d1', null, 'N', '12', '12', 'local', null, 'news', null, null, '<p>23你好</p>', '0', null, null, '2017-08-12 11:39:59', null, 'N', null, null, 'N', null);
INSERT INTO `ct_content` VALUES ('4a98d6c64eaf46ceb976cd0c445cd8fe', null, 'N', '12', '12', 'local', null, 'news', null, null, '<p>23你好</p>', '0', null, null, '2017-08-12 11:39:59', null, 'N', null, null, 'N', null), ('3abf80527bc04feabf1d6682a96f8fa9', null, 'N', '12', '12', 'local', null, 'news', null, null, '<p>23你好</p>', '0', null, null, '2017-08-12 11:39:59', null, 'N', null, null, 'N', null), ('3b184652777d449a8fa45112ebdf07f1', null, 'N', '12', '12', 'local', null, 'news', null, null, '<p>23你好</p>', '0', null, null, '2017-08-12 11:39:59', null, 'N', null, null, 'N', null), ('ac4b689bc27c405c8b8efba262d45741', null, 'N', '12', '12', 'local', null, 'news', null, null, '<p>23你好</p>', '0', null, null, '2017-08-12 11:39:59', null, 'N', null, null, 'N', null), ('7e67f13a41fc4cf785eef1c5c68c10f3', null, 'N', '12', '12', 'local', null, 'news', null, null, '<p>23你好</p>', '0', null, null, '2017-08-12 11:39:59', null, 'N', null, null, 'N', null), ('27d86a431b3b4373a7ae5e07b71df8b6', null, 'N', '12', '12', 'local', null, 'news', null, null, '<p>23你好</p>', '0', null, null, '2017-08-12 11:39:59', null, 'N', null, null, 'N', null), ('3cd66e525f70403c9c050144842b6e5f', null, 'N', '12', '12', 'local', null, 'news', null, null, '<p>23你好</p>', '0', null, null, '2017-08-12 11:39:59', null, 'N', null, null, 'N', null), ('dd59ad2865984a2e85bbdfe1f912c6d9', null, 'N', '12', '12', 'local', null, 'news', null, null, '<p>23你好</p>', '0', null, null, '2017-08-12 11:39:59', null, 'N', null, null, 'N', null), ('1de3e1fe09cb4b30bfedf38eb9f6e53d', null, 'N', '12', '12', 'local', null, 'news', null, null, '<p>23你好</p>', '0', null, null, '2017-08-12 11:39:59', null, 'N', null, null, 'N', null), ('2beeb7c06bf34719b68f654989fcf5e6', null, 'N', '12', '12', 'local', null, 'news', null, null, '<p>23你好</p>', '0', null, null, '2017-08-12 11:39:59', null, 'N', null, null, 'N', null), ('866d3d48e909460a8c40f05db218c8fb', null, 'N', '12', '12', 'local', null, 'news', null, null, '<p>23你好</p>', '0', null, null, '2017-08-12 11:39:59', null, 'N', null, null, 'N', null), ('d9719073b9bb4545ab8a32d86405cbaa', null, 'N', '12', '12', 'local', null, 'news', null, null, '<p>23你好</p>', '0', null, null, '2017-08-12 11:39:59', null, 'N', null, null, 'N', null), ('49fb9704ba9b47a9a5dfa5f5533a8f7b', null, 'N', '12', '12', 'local', null, 'news', null, null, '<p>23你好</p>', '0', null, null, '2017-08-12 11:39:59', null, 'N', null, null, 'N', null), ('cfc1cf874ddd4098b678ff3c88007963', null, 'N', '12', '12', 'local', null, 'news', null, null, '<p>23你好</p>', '0', null, null, '2017-08-12 11:39:59', null, 'N', null, null, 'N', null), ('480b27a2344f4bffb262b905bc1d4ccc', null, 'N', '12', '12', 'local', null, 'news', null, null, '<p>23你好</p>', '0', null, null, '2017-08-12 11:39:59', null, 'N', null, null, 'N', null), ('5aaad4071a074c95a817fd86b185862c', null, 'N', '12', '12', 'local', null, 'news', null, null, '<p>23你好</p>', '0', null, null, '2017-08-12 11:39:59', null, 'N', null, null, 'N', null), ('ef4f3d06b20d43158e372bfa58307f15', null, 'N', '12', '12', 'local', null, 'news', null, null, '<p>23你好</p>', '0', null, null, '2017-08-12 11:39:59', null, 'N', null, null, 'N', null), ('854a1151f4db4b9bb9f2eee177c03fe5', null, 'N', '12', '12', 'local', null, 'news', null, null, '<p>23你好</p>', '0', null, null, '2017-08-12 11:39:59', null, 'N', null, null, 'N', null), ('517df8e4070146db8c575e2e6d4b9259', null, 'N', '12', '12', 'local', null, 'news', null, null, '<p>23你好</p>', '0', null, null, '2017-08-12 11:39:59', null, 'N', null, null, 'N', null), ('420272cea7e84b9c8c47c619eff9833b', null, 'N', '12', '12', 'local', null, 'news', null, null, '<p>23你好</p>', '0', null, null, '2017-08-12 11:39:59', null, 'N', null, null, 'N', null), ('4bd9df2208ab49e48dc1283f3e9b9614', null, 'N', '12', '12', 'local', null, 'news', null, null, '<p>23你好</p>', '0', null, null, '2017-08-12 11:39:59', null, 'N', null, null, 'N', null), ('370f82a17da54e33856e2f5870731671', null, 'N', '12', '12', 'local', null, 'news', null, null, '<p>23你好</p>', '0', null, null, '2017-08-12 11:39:59', null, 'N', null, null, 'N', null), ('7f5b450e3e014e4194024490bd7fa96d', null, 'N', '12', '12', 'local', null, 'news', null, null, '<p>23你好</p>', '0', null, null, '2017-08-12 11:39:59', null, 'N', null, null, 'N', null), ('2b47e38d8ee5489a9b89948305c04375', null, 'N', '12', '12', 'local', null, 'news', null, null, '<p>23你好</p>', '0', null, null, '2017-08-12 11:39:59', null, 'N', null, null, 'N', null), ('fece424d80ed486facee32b52194e826', null, 'N', '12', '12', 'local', null, 'news', null, null, '<p>23你好</p>', '0', null, null, '2017-08-12 11:39:59', null, 'N', null, null, 'N', null), ('4a35be75160a4a15ba130517ffdbeb3b', null, 'N', '12', '12', 'local', null, 'news', null, null, '<p>23你好</p>', '0', null, null, '2017-08-12 11:39:59', null, 'N', null, null, 'N', null), ('c6e2617b219b48eb9c9027e5d41d0ccf', null, 'N', '12', '12', 'local', null, 'news', null, null, '<p>23你好</p>', '0', null, null, '2017-08-12 11:39:59', null, 'N', null, null, 'N', null), ('af8d6763710845db93dee5da9061a1c9', null, 'N', '12', '12', 'local', null, 'news', null, null, '<p>23你好</p>', '0', null, null, '2017-08-12 11:39:59', null, 'N', null, null, 'N', null), ('0b7d20bfe72c47ca82465187961fc117', null, 'N', '12', '12', 'local', null, 'news', null, null, '<p>23你好</p>', '0', null, null, '2017-08-12 11:39:59', null, 'N', null, null, 'N', null), ('6778d915e4e84c849371c2a02765acbf', null, 'N', '12', '12', 'local', null, 'news', null, null, '<p>23你好</p>', '0', null, null, '2017-08-12 11:39:59', null, 'N', null, null, 'N', null), ('98af6c1ee9da475a8ef24e2eb1f89e4e', null, 'N', '12', '12', 'local', null, 'news', null, null, '<p>23你好</p>', '0', null, null, '2017-08-12 11:39:59', null, 'N', null, null, 'N', null), ('b718d3ccd1a043cbaf9a722addac9c70', null, 'N', '12', '12', 'local', null, 'news', null, null, '<p>23你好</p>', '0', null, null, '2017-08-12 11:39:59', null, 'N', null, null, 'N', null), ('fc2b8864ff1543588ffcddedf3167d1d', null, 'N', '12', '12', 'local', null, 'news', null, null, '<p>23你好</p>', '0', null, null, '2017-08-12 11:39:59', null, 'N', null, null, 'N', null), ('26a9ffe4594643e4b3a422d0164f0f4b', null, 'N', '12', '12', 'local', null, 'news', null, null, '<p>23你好</p>', '0', null, null, '2017-08-12 11:39:59', null, 'N', null, null, 'N', null), ('d4795856559f408eaf0f3198aecc8f35', null, 'N', '12', '12', 'local', null, 'news', null, null, '<p>23你好</p>', '0', null, null, '2017-08-12 11:39:59', null, 'N', null, null, 'N', null), ('19cb3d54ec864631af4c24813e11c8ea', null, 'N', '12', '12', 'local', null, 'news', null, null, '<p>23你好</p>', '0', null, null, '2017-08-12 11:39:59', null, 'N', null, null, 'N', null), ('90584eabf9e44eb3916a7401ce233833', null, 'N', '12', '12', 'local', null, 'news', null, null, '<p>23你好</p>', '0', null, null, '2017-08-12 11:39:59', null, 'N', null, null, 'N', null), ('4c149c0673284cb49561f65070c641b4', null, 'N', '12', '12', 'local', null, 'news', null, null, '<p>23你好</p>', '0', null, null, '2017-08-12 11:39:59', null, 'N', null, null, 'N', null), ('1ae3d29b14af4c529446ba9981101826', null, 'N', '12', '12', 'local', null, 'news', null, null, '<p>23你好</p>', '0', null, null, '2017-08-12 11:39:59', null, 'N', null, null, 'N', null), ('94129ec0e27a4b7c95f6a92d55f71a34', null, 'N', '12', '12', 'local', null, 'news', null, null, '<p>23你好</p>', '0', null, null, '2017-08-12 11:39:59', null, 'N', null, null, 'N', null), ('214acc986b6b40dc8d0755cc2d9e0612', null, 'N', '12', '12', 'local', null, 'news', null, null, '<p>23你好</p>', '0', null, null, '2017-08-12 11:39:59', null, 'N', null, null, 'N', null), ('209bf6fbf63444409a77062ebe7be184', null, 'N', '12', '12', 'local', null, 'news', null, null, '<p>23你好</p>', '0', null, null, '2017-08-12 11:39:59', null, 'N', null, null, 'N', null), ('96fbfc0a881f45e3921878b682e45bb2', null, 'N', '12', '12', 'local', null, 'news', null, null, '<p>23你好</p>', '0', null, null, '2017-08-12 11:39:59', null, 'N', null, null, 'N', null), ('bd08b3b2d9a54ccaad0adafc8823f711', null, 'N', '12', '12', 'local', null, 'news', null, null, '<p>23你好</p>', '0', null, null, '2017-08-12 11:39:59', null, 'N', null, null, 'N', null), ('b46c6d4b90d24eacb29d3cdd4d33906e', null, 'N', '12', '12', 'local', null, 'news', null, null, '<p>23你好</p>', '0', null, null, '2017-08-12 11:39:59', null, 'N', null, null, 'N', null), ('4b32e941c5af4f7596f653bfd61ffaf2', null, 'N', '12', '12', 'local', null, 'news', null, null, '<p>23你好</p>', '0', null, null, '2017-08-12 11:39:59', null, 'N', null, null, 'N', null), ('d69f65b6b29d4c82991f9e15c4e2182f', null, 'N', '12', '12', 'local', null, 'news', null, null, '<p>23你好</p>', '0', null, null, '2017-08-12 11:39:59', null, 'N', null, null, 'N', null), ('64accb8bd9e94c2088e54e3deb916c2e', null, 'N', '1', '1', 'local', '12', 'news', 'ADC032ACDAAEE34BE563838746034EA2', 'left', null, '0', null, null, '2017-08-12 15:23:45', '2017-08-12 15:23:45', 'N', null, null, 'Y', null), ('2a390f51bd2746d69d1e1e7b1e634033', null, 'N', '今天是个好日子', '今天是个好日子', 'local', null, 'news', '4A234F1D539A906441D9F016DA82D4A1', 'left', '<p>今天是个好日子</p>', '0', null, null, '2017-08-14 10:13:07', '2017-08-14 10:13:07', 'N', null, null, 'Y', null), ('f9702f3877034a19b58a7314bac9951f', null, 'N', '发布信息', '发布信息', 'local', '12', 'news', '14904361FED9F3532FD2797A300212B6', 'left', '<p>的发送到发</p>', '0', null, null, '2017-11-22 15:46:26', '2017-11-22 15:46:26', 'N', null, null, 'Y', null);
COMMIT;

-- ----------------------------
-- Table structure for `ct_uri`
-- ----------------------------
DROP TABLE IF EXISTS `ct_uri`;
CREATE TABLE `ct_uri` (
`store_id`  varchar(50) NOT NULL ,
`name`  text NULL ,
`cat_id`  varchar(50) NULL ,
`uri`  text NULL ,
`uri_parameter`  text NULL ,
`user_id`  varchar(50) NULL ,
`sql`  text NULL ,
`db_id`  text NULL ,
`ctime`  datetime NULL ,
`is_deleted`  char(1) NULL ,
`acl`  varchar(50) NULL COMMENT 'public,user' ,
`mark`  text NULL ,
`return_type`  varchar(100) NULL ,
`is_used`  char(1) NULL ,
`alias_id`  varchar(100) NULL ,
PRIMARY KEY (`store_id`)
)

;

-- ----------------------------
-- Records of CT_URI
-- ----------------------------
BEGIN;
INSERT INTO `ct_uri` VALUES ('1', '测试访问22', null, null, null, null, 'select  *   from ct_uri  tab', null, null, 'N', 'user', '测试用途22', 'array', 'Y', null), ('4bf50b8f-dc3f-4817-b497-73d55b1d8403', '12', null, null, null, null, '12', null, null, null, 'public', '12', 'array', 'Y', null), ('e113c6f8-153c-4cfb-a265-4494d2bbe16a', '测试2', null, null, null, null, 'select  * from sys_job', null, null, 'Y', 'user', '121212', 'array', 'Y', null), ('3b0ab2d7-f5e8-4166-8dbe-deb6d70d258d', '12', null, null, null, null, 'select 1 from dual', null, null, 'Y', 'public', '12', 'array', 'Y', null);
COMMIT;

-- ----------------------------
-- Table structure for `dt_a`
-- ----------------------------
DROP TABLE IF EXISTS `dt_a`;
CREATE TABLE `dt_a` (
`id`  varchar(200) NULL 
)

;

-- ----------------------------
-- Records of DT_A
-- ----------------------------
BEGIN;
COMMIT;

-- ----------------------------
-- Table structure for `hrm_org_employee`
-- ----------------------------
DROP TABLE IF EXISTS `hrm_org_employee`;
CREATE TABLE `hrm_org_employee` (
`id`  varchar(50) NOT NULL ,
`node_id`  varchar(50) NULL ,
`empl_id`  varchar(50) NULL ,
`deleted`  char(1) NULL ,
PRIMARY KEY (`id`)
)

;

-- ----------------------------
-- Records of HRM_ORG_EMPLOYEE
-- ----------------------------
BEGIN;
INSERT INTO `hrm_org_employee` VALUES ('f28c1db0233c451599036de534136d69', '2', '000228', 'N'), ('3a0627d7f4ba4362bf2ba17592f96517', '2', '000218', 'N'), ('9e82ff6bec644d8baeaac1ffc32089f9', '5', '000218', 'N'), ('90327f126361424bbc2827b9486fc472', '6', '000218', 'N'), ('02d5778b690e40a09e021278be8e162c', '2', '000220', 'N'), ('374fa99f8c5f47d8851c421d2e5d7760', '2', '000219', 'N'), ('9091859e0e6c4c79bff82b56a685fb1d', '5', '000220', 'N'), ('7ea964dc9eda4aba8fdd83d4dbc0f328', '5', '000221', 'N'), ('f71496ba4a164c78a43fd2b74a9c3a12', '2', '000221', 'N'), ('1e3942adf3c040a89f6b89141dd82939', '6', '000222', 'N');
COMMIT;

-- ----------------------------
-- Table structure for `hrm_org_info`
-- ----------------------------
DROP TABLE IF EXISTS `hrm_org_info`;
CREATE TABLE `hrm_org_info` (
`org_id`  decimal(5,0) NOT NULL ,
`org_name`  varchar(100) NULL ,
`is_action`  char(1) NULL ,
`deleted`  char(1) NULL ,
PRIMARY KEY (`org_id`)
)

;

-- ----------------------------
-- Records of HRM_ORG_INFO
-- ----------------------------
BEGIN;
INSERT INTO `hrm_org_info` VALUES ('1', '公司组织架构', 'Y', 'N');
COMMIT;

-- ----------------------------
-- Table structure for `hrm_org_part`
-- ----------------------------
DROP TABLE IF EXISTS `hrm_org_part`;
CREATE TABLE `hrm_org_part` (
`node_id`  decimal(5,0) NOT NULL ,
`node_name`  varchar(100) NULL ,
`org_id`  decimal(5,0) NULL ,
`parent_id`  decimal(5,0) NULL ,
`route`  varchar(100) NULL ,
`type`  varchar(20) NULL ,
`route_name`  text NULL ,
PRIMARY KEY (`node_id`)
)

;

-- ----------------------------
-- Records of HRM_ORG_PART
-- ----------------------------
BEGIN;
INSERT INTO `hrm_org_part` VALUES ('3', '杭州分公司222', '1', '1', '3', null, '杭州分公司222'), ('2', '宁波总部', '1', '1', '2', null, '宁波总部'), ('4', '信息部', '1', '2', '2-4', null, '宁波总部/信息部'), ('5', '财务部2', '1', '2', '2-5', null, '宁波总部/财务部2'), ('6', '电商事业部', '1', '1', '6', null, '电商事业部'), ('7', '华北分公司', '1', '1', '7', null, '华北分公司');
COMMIT;

-- ----------------------------
-- Table structure for `mall_city`
-- ----------------------------
DROP TABLE IF EXISTS `mall_city`;
CREATE TABLE `mall_city` (
`area_id`  varchar(50) NULL ,
`area_name`  varchar(50) NULL ,
`is_used`  char(1) NULL 
)

;

-- ----------------------------
-- Records of MALL_CITY
-- ----------------------------
BEGIN;
COMMIT;

-- ----------------------------
-- Table structure for `mall_logistics`
-- ----------------------------
DROP TABLE IF EXISTS `mall_logistics`;
CREATE TABLE `mall_logistics` (
`id`  varchar(50) NOT NULL ,
`shop_id`  varchar(50) NULL ,
`name`  text NULL ,
`yunfei`  decimal(5,0) NULL ,
`addyunfei`  decimal(5,0) NULL ,
`is_delete`  char(1) NULL ,
PRIMARY KEY (`id`)
)

;

-- ----------------------------
-- Records of MALL_LOGISTICS
-- ----------------------------
BEGIN;
COMMIT;

-- ----------------------------
-- Table structure for `mall_myshop`
-- ----------------------------
DROP TABLE IF EXISTS `mall_myshop`;
CREATE TABLE `mall_myshop` (
`shop_id`  varchar(50) NULL ,
`user_id`  varchar(50) NULL 
)

;

-- ----------------------------
-- Records of MALL_MYSHOP
-- ----------------------------
BEGIN;
INSERT INTO `mall_myshop` VALUES ('3ec3309a3d4b45728b317d844571b5ee', 'sys');
COMMIT;

-- ----------------------------
-- Table structure for `mall_order`
-- ----------------------------
DROP TABLE IF EXISTS `mall_order`;
CREATE TABLE `mall_order` (
`order_id`  varchar(100) NOT NULL ,
`order_type`  varchar(50) NULL ,
`user_id`  varchar(50) NULL ,
`isneedlogistics`  char(1) NULL ,
`amountreal`  decimal(10,0) NULL ,
`provinceid`  varchar(50) NULL ,
`cityid`  varchar(50) NULL ,
`areaid`  varchar(50) NULL ,
`address`  text NULL ,
`linkman`  text NULL ,
`mobile`  varchar(200) NULL ,
`code`  text NULL ,
`status`  decimal(4,0) NULL ,
`is_delete`  char(1) NULL ,
`dtl_number`  decimal(3,0) NULL ,
`remark`  text NULL ,
`cdate`  datetime NULL ,
`mdate`  datetime NULL ,
`calcute`  varchar(50) NULL ,
`id`  varchar(50) NULL ,
`amount`  decimal(10,0) NULL ,
`yunprice`  decimal(10,0) NULL ,
`is_pay`  char(1) NULL ,
`prepay_id`  varchar(100) NULL ,
`pdate`  datetime NULL ,
`fdate`  datetime NULL ,
PRIMARY KEY (`order_id`)
)

;

-- ----------------------------
-- Records of MALL_ORDER
-- ----------------------------
BEGIN;
INSERT INTO `mall_order` VALUES ('OD17112322442478AF5922', null, 'sys', '0', '124', null, null, null, null, null, null, null, '2', 'N', '2', null, '2017-11-23 22:44:24', '2017-11-23 22:44:24', null, '244bb0358e721f2a2c0bcfe3affef109', '124', '0', 'N', null, null, null), ('OD171123224632F5C09398', null, 'sys', '0', '112', null, null, null, null, null, null, null, '1', 'N', '1', '快速', '2017-11-23 22:46:32', '2017-11-23 22:46:32', null, 'd0f1447772ce4441152771c3adaf8968', '112', '0', 'N', null, null, null), ('OD1711271611456637C116', null, 'f7e9de374ca24f41b5f9f7428984e6c4', '0', '112', null, null, null, null, null, null, null, '1', 'N', '1', null, '2017-11-27 16:11:45', '2017-11-27 16:11:45', null, '8c7b16a7bb57f7b2e8e54ada335f46fa', '112', '0', 'N', null, null, null), ('OD171123154221063FB665', null, 'sys', '0', '12', null, null, null, null, null, null, null, '10', 'N', '1', null, '2017-11-23 15:42:21', '2017-11-23 15:42:21', null, 'ca517094d2afe21d18e428ae4ddfd51c', '12', '0', 'Y', null, '2017-11-23 15:42:23', null), ('OD1711240733281018E825', null, 'sys', '0', '24', null, null, null, null, null, null, null, '2', 'N', '1', '尽快发货', '2017-11-24 07:33:28', '2017-11-24 07:33:28', null, '1cb113066b3744d1111a150da7d4c850', '24', '0', 'N', null, null, null), ('OD171127162739DA7CA447', null, 'f7e9de374ca24f41b5f9f7428984e6c4', '1', '36', '320000', '320100', '320111', '苏家小区', '金额', '15728001523', '315174', '4', 'N', '2', null, '2017-11-27 16:27:39', '2017-11-27 16:27:39', null, 'a71bf3798e283f8a87f28a60d5060d03', '36', '0', 'Y', null, '2017-11-27 16:27:40', null), ('OD17112319280457CD4441', null, 'sys', '1', '12', '110000', '110101', null, '鄞州区天一支行招商分行审计部2楼', '阿斯顿发', '1231223445', '315174', '1', 'N', '1', null, '2017-11-23 19:28:04', '2017-11-23 19:28:04', null, '883a5b061996b7ccec26d10c9b0c5b4d', '12', '0', 'N', null, null, null), ('OD1711231940527966D258', null, 'sys', '0', '12', null, null, null, null, null, null, null, '8', 'N', '1', null, '2017-11-23 19:40:52', '2017-11-23 19:40:52', null, 'c8884f06fe4e440611af9b0ab6c71a5d', '12', '0', 'Y', null, '2017-11-23 19:40:55', null), ('OD1711240821313E9F8306', null, 'sys', '0', '112', null, null, null, null, null, null, null, '2', 'N', '1', null, '2017-11-24 08:21:31', '2017-11-24 08:21:31', null, '8ee174276636be5e7276b1f09de4b625', '112', '0', 'N', null, null, null), ('OD171125082716FE100898', null, 'f7e9de374ca24f41b5f9f7428984e6c4', '1', '1212', '110000', '110101', null, '1212地址', '用户', '15728001212', '121212', '1', 'N', '1', null, '2017-11-25 08:27:16', '2017-11-25 08:27:16', null, '14b4a8a29ef2ac9e0740cc2167c8e547', '1212', '0', 'N', null, null, null), ('OD171127170816C9BE7504', null, 'f7e9de374ca24f41b5f9f7428984e6c4', '1', '12', '320000', '320100', '320111', '苏家小区', '金额', '15728001523', '315174', '4', 'N', '1', null, '2017-11-27 17:08:16', '2017-11-27 17:08:16', null, '974680e396808a57259a6e720c902f8c', '12', '0', 'Y', null, '2017-11-27 17:08:18', null), ('OD171123154259459B9391', null, 'sys', '0', '448', null, null, null, null, null, null, null, '10', 'N', '1', null, '2017-11-23 15:42:59', '2017-11-23 15:42:59', null, '1157162163401531f73433fc0fc5a827', '448', '0', 'Y', null, '2017-11-23 15:43:01', null), ('OD171124100612313A7402', null, '69b456bcc0d84ba6b416d09535f481be', '0', '12', null, null, null, null, null, null, null, '8', 'N', '1', null, '2017-11-24 10:06:12', '2017-11-24 10:06:12', null, '2499ce5f2b712bd2350b9b3f7118c0e6', '12', '0', 'Y', null, '2017-11-24 10:06:14', null), ('OD171124171635C09AC945', null, 'f7e9de374ca24f41b5f9f7428984e6c4', '1', '1212', '110000', '110101', null, '1212地址', '用户', '15728001212', '121212', '1', 'N', '1', null, '2017-11-24 17:16:35', '2017-11-24 17:16:35', null, '7b97693cb8ea010c77892d03b99b4f28', '1212', '0', 'N', null, null, null), ('OD17112710295571654276', null, 'f7e9de374ca24f41b5f9f7428984e6c4', '1', '5245', '110000', '110101', null, '1212地址', '用户', '15728001212', '121212', '1', 'N', '1', null, '2017-11-27 10:29:55', '2017-11-27 10:29:55', null, 'de312d7540d22ab9fd87472b39025407', '5245', '0', 'N', null, null, null), ('OD171127160758FD344271', null, 'f7e9de374ca24f41b5f9f7428984e6c4', '0', '224', null, null, null, null, null, null, null, '10', 'N', '1', null, '2017-11-27 16:07:58', '2017-11-27 16:07:58', null, '2295781b277bcc526e4b7330a16446e2', '224', '0', 'Y', null, '2017-11-27 16:08:01', null), ('OD1711231938483C33F246', null, 'sys', '1', '12', '110000', '110101', null, '鄞州区天一支行招商分行审计部2楼', '阿斯顿发', '1231223445', '315174', '4', 'N', '1', null, '2017-11-23 19:38:48', '2017-11-23 19:38:48', null, '8f2b53b2b91a44d009f52fcf117a835d', '12', '0', 'Y', null, '2017-11-23 19:38:51', null), ('OD171123194150E0C5D180', null, 'sys', '1', '12', '110000', '110101', null, '鄞州区天一支行招商分行审计部2楼', '阿斯顿发', '1231223445', '315174', '4', 'N', '1', null, '2017-11-23 19:41:50', '2017-11-23 19:41:50', null, '5501383ce313848896704fdbdac1f713', '12', '0', 'Y', null, '2017-11-23 20:48:37', null), ('OD171123203725F2DE6198', null, 'sys', '0', '448', null, null, null, null, null, null, null, '1', 'N', '1', null, '2017-11-23 20:37:25', '2017-11-23 20:37:25', null, 'da299fd6f872bcb1c97a390b314b0d8e', '448', '0', 'N', null, null, null), ('OD1711232044407360C508', null, 'sys', '0', '112', null, null, null, null, null, null, null, '8', 'N', '1', null, '2017-11-23 20:44:40', '2017-11-23 20:44:40', null, '7b5c144c5d3d31277b2a6f0b7cc9c924', '112', '0', 'Y', null, '2017-11-23 20:48:31', null), ('OD171124101809B8FAB168', null, 'f7e9de374ca24f41b5f9f7428984e6c4', '0', '24', null, null, null, null, null, null, null, '8', 'N', '1', '测试', '2017-11-24 10:18:09', '2017-11-24 10:18:09', null, '23b71107ec9cc7aa9a529717c2df2655', '24', '0', 'Y', null, '2017-11-24 10:18:12', null), ('OD1711241041120BF46585', null, 'f7e9de374ca24f41b5f9f7428984e6c4', '1', '12', '110000', '110101', null, '1212地址', '用户', '15728001212', '121212', '4', 'N', '1', null, '2017-11-24 10:41:12', '2017-11-24 10:41:12', null, 'da31c07aab41ca47b908c50ba547abc0', '12', '0', 'Y', null, '2017-11-27 16:27:41', null), ('OD1711281358556B36E179', null, 'f7e9de374ca24f41b5f9f7428984e6c4', '0', '224', null, null, null, null, null, null, null, '2', 'N', '1', null, '2017-11-28 13:58:55', '2017-11-28 13:58:55', null, '76b9baa946b6a3bf3925821cb434ce47', '224', '0', 'N', null, null, null), ('OD18020814012451B2E456', null, 'f7e9de374ca24f41b5f9f7428984e6c4', '1', '1212', '130000', '130200', '130202', '12', '12', '1212121', '12', '2', 'N', '1', null, '2018-02-08 14:01:24', '2018-02-08 14:01:24', null, 'a3cbe0fe70106dc4114740728193d61b', '1212', '0', 'N', null, null, null);
COMMIT;

-- ----------------------------
-- Table structure for `mall_order_detail`
-- ----------------------------
DROP TABLE IF EXISTS `mall_order_detail`;
CREATE TABLE `mall_order_detail` (
`id`  varchar(50) NOT NULL ,
`order_id`  varchar(100) NULL ,
`spu`  varchar(50) NULL ,
`buy_number`  decimal(10,0) NULL ,
`pic_id`  varchar(50) NULL ,
`prod_name`  varchar(50) NULL ,
`price`  varchar(50) NULL ,
`sku`  varchar(50) NULL ,
`propertychildids`  text NULL ,
`is_delete`  char(1) NULL ,
`label`  text NULL ,
`cdate`  datetime NULL ,
`reputation`  decimal(10,0) NULL ,
`ct_evaluate`  text NULL ,
`shop_id`  varchar(50) NULL ,
PRIMARY KEY (`id`)
)

;

-- ----------------------------
-- Records of MALL_ORDER_DETAIL
-- ----------------------------
BEGIN;
INSERT INTO `mall_order_detail` VALUES ('4e8d138f8c6ff3799a108facb5c8df6f', 'OD17112322442478AF5922', 'ed17a67e-63aa-41d4-8589-cb88e84d72c9', '1', 'ECB8120973A783F610B861A3CCCD0ECB', '化妆品', '112', 'f815a3a401d74b54bed69132af694bdb', '9:30,10:25,', 'N', '颜色:绿色  尺寸:X  ', '2017-11-23 22:44:24', null, null, '3ec3309a3d4b45728b317d844571b5ee'), ('3303b79228fe084ff1a421cd3dc8b248', 'OD17112322442478AF5922', 'ed17a67e-63aa-41d4-8589-cb88e84d72c9', '1', 'ECB8120973A783F610B861A3CCCD0ECB', '化妆品', '12', 'ebaad51247a449fd8ea24e13dd3b8903', '9:30,10:28,', 'N', '颜色:绿色  尺寸:L  ', '2017-11-23 22:44:24', null, null, '3ec3309a3d4b45728b317d844571b5ee'), ('7db31a93860767cfd2381420be93b78c', 'OD171123224632F5C09398', 'ed17a67e-63aa-41d4-8589-cb88e84d72c9', '1', 'ECB8120973A783F610B861A3CCCD0ECB', '化妆品', '112', 'f815a3a401d74b54bed69132af694bdb', '9:30,10:25,', 'N', '颜色:绿色  尺寸:X  ', '2017-11-23 22:46:32', null, null, '3ec3309a3d4b45728b317d844571b5ee'), ('8475d8567bc651e5122fb9eb07f39c0d', 'OD1711271611456637C116', 'ed17a67e-63aa-41d4-8589-cb88e84d72c9', '1', 'ECB8120973A783F610B861A3CCCD0ECB', '化妆品', '112', 'f815a3a401d74b54bed69132af694bdb', '9:30,10:25,', 'N', '颜色:绿色  尺寸:X  ', '2017-11-27 16:11:45', null, null, '3ec3309a3d4b45728b317d844571b5ee'), ('7bf894fd643cad3affee60081887f354', 'OD171123154221063FB665', 'ed17a67e-63aa-41d4-8589-cb88e84d72c9', '1', 'ECB8120973A783F610B861A3CCCD0ECB', '化妆品', '12', 'ebaad51247a449fd8ea24e13dd3b8903', '9:30,10:28,', 'N', '颜色:绿色  尺寸:L  ', '2017-11-23 15:42:21', '1', '非常愉快的一次购物！', '3ec3309a3d4b45728b317d844571b5ee'), ('4b5604d3fc87d71dadfd5f4fa5d82099', 'OD1711240733281018E825', 'ed17a67e-63aa-41d4-8589-cb88e84d72c9', '2', 'ECB8120973A783F610B861A3CCCD0ECB', '化妆品', '12', 'ebaad51247a449fd8ea24e13dd3b8903', '9:30,10:28,', 'N', '颜色:绿色  尺寸:L  ', '2017-11-24 07:33:28', null, null, '3ec3309a3d4b45728b317d844571b5ee'), ('af5690fc2d1554c125d6c78c0dc4f59f', 'OD171127162739DA7CA447', 'a36bd8fc-f057-40d3-9ee1-2c96bed926e5', '1', 'ECB8120973A783F610B861A3CCCD0ECB', '25衣服23', '12', 'cfd1f329068949d7b6dc5096642917ef', '9:30,10:28,', 'N', '颜色:绿色  尺寸:L  ', '2017-11-27 16:27:39', null, null, '3ec3309a3d4b45728b317d844571b5ee'), ('841a8c83af9556ee97029ad219aaac0e', 'OD171127162739DA7CA447', 'f02ec074-188e-4db0-9423-2e3ee470ba6e', '2', 'ECB8120973A783F610B861A3CCCD0ECB', '产品A', '12', 'f7337af6350643eab85565fa27a1fd84', '9:29,10:28,', 'N', '颜色:黄色  尺寸:L  ', '2017-11-27 16:27:39', null, null, '3ec3309a3d4b45728b317d844571b5ee'), ('bca719202ded5782c025573dc6868cf1', 'OD17112319280457CD4441', 'a36bd8fc-f057-40d3-9ee1-2c96bed926e5', '1', 'ECB8120973A783F610B861A3CCCD0ECB', '25衣服23', '12', '291416fe3f9943c0b159609ec98bde52', '9:30,10:25,', 'N', '颜色:绿色  尺寸:X  ', '2017-11-23 19:28:04', null, null, '3ec3309a3d4b45728b317d844571b5ee'), ('aff721d00d52c681e400d77b22eda05f', 'OD1711231940527966D258', 'ed17a67e-63aa-41d4-8589-cb88e84d72c9', '1', 'ECB8120973A783F610B861A3CCCD0ECB', '化妆品', '12', 'ebaad51247a449fd8ea24e13dd3b8903', '9:30,10:28,', 'N', '颜色:绿色  尺寸:L  ', '2017-11-23 19:40:52', null, null, '3ec3309a3d4b45728b317d844571b5ee'), ('a61683477cb4faf477ba9a12c85d8232', 'OD1711240821313E9F8306', 'ed17a67e-63aa-41d4-8589-cb88e84d72c9', '1', 'ECB8120973A783F610B861A3CCCD0ECB', '化妆品', '112', 'f815a3a401d74b54bed69132af694bdb', '9:30,10:25,', 'N', '颜色:绿色  尺寸:X  ', '2017-11-24 08:21:31', null, null, '3ec3309a3d4b45728b317d844571b5ee'), ('efa1a528c0b8bcb261d7f419a43d71ed', 'OD171125082716FE100898', '6ca0c8a2-04d8-4b21-b5b0-13519b4bf7b5', '1', 'F727A91C57DBA3945B439E667E8C2715', '吟哦裤子', '1212', 'c150a7aa49794edb866792d760c3096e', '9:30,10:25,', 'N', '颜色:绿色  尺寸:X  ', '2017-11-25 08:27:16', null, null, '3ec3309a3d4b45728b317d844571b5ee'), ('6a173db9a7e580ca307ed2e44aa66751', 'OD171127170816C9BE7504', 'a36bd8fc-f057-40d3-9ee1-2c96bed926e5', '1', 'ECB8120973A783F610B861A3CCCD0ECB', '25衣服23', '12', '291416fe3f9943c0b159609ec98bde52', '9:30,10:25,', 'N', '颜色:绿色  尺寸:X  ', '2017-11-27 17:08:16', null, null, '3ec3309a3d4b45728b317d844571b5ee'), ('edae0ed47aff1a194105df90dbfe9c11', 'OD171123154259459B9391', 'ed17a67e-63aa-41d4-8589-cb88e84d72c9', '4', 'ECB8120973A783F610B861A3CCCD0ECB', '化妆品', '112', 'f815a3a401d74b54bed69132af694bdb', '9:30,10:25,', 'N', '颜色:绿色  尺寸:X  ', '2017-11-23 15:42:59', '1', '非常票', '3ec3309a3d4b45728b317d844571b5ee'), ('8c6e5fd8e69d84ad6951a7dd9e1b873f', 'OD171124100612313A7402', 'ed17a67e-63aa-41d4-8589-cb88e84d72c9', '1', 'ECB8120973A783F610B861A3CCCD0ECB', '化妆品', '12', 'ebaad51247a449fd8ea24e13dd3b8903', '9:30,10:28,', 'N', '颜色:绿色  尺寸:L  ', '2017-11-24 10:06:12', null, null, '3ec3309a3d4b45728b317d844571b5ee'), ('a87b3c0c1378606267fad8a51a892482', 'OD171124171635C09AC945', '6ca0c8a2-04d8-4b21-b5b0-13519b4bf7b5', '1', 'F727A91C57DBA3945B439E667E8C2715', '吟哦裤子', '1212', 'c150a7aa49794edb866792d760c3096e', '9:30,10:25,', 'N', '颜色:绿色  尺寸:X  ', '2017-11-24 17:16:35', null, null, '3ec3309a3d4b45728b317d844571b5ee'), ('5a273b28d181efd83475e2ffd2ef7734', 'OD17112710295571654276', '6ca0c8a2-04d8-4b21-b5b0-13519b4bf7b5', '1', 'F727A91C57DBA3945B439E667E8C2715', '吟哦裤子', '5245', '7fee6e23ce2f44599fbddd57bfdf00fb', '9:30,10:28,', 'N', '颜色:绿色  尺寸:L  ', '2017-11-27 10:29:55', null, null, '3ec3309a3d4b45728b317d844571b5ee'), ('caee01f3883c9ba8531031dead1b58c4', 'OD171127160758FD344271', 'ed17a67e-63aa-41d4-8589-cb88e84d72c9', '2', 'ECB8120973A783F610B861A3CCCD0ECB', '化妆品', '112', 'f815a3a401d74b54bed69132af694bdb', '9:30,10:25,', 'N', '颜色:绿色  尺寸:X  ', '2017-11-27 16:07:58', '1', '非常愉快的一次购物！', '3ec3309a3d4b45728b317d844571b5ee'), ('9dd7ed08448a5af07277c5be2320e8ac', 'OD1711231938483C33F246', 'a36bd8fc-f057-40d3-9ee1-2c96bed926e5', '1', 'ECB8120973A783F610B861A3CCCD0ECB', '25衣服23', '12', '291416fe3f9943c0b159609ec98bde52', '9:30,10:25,', 'N', '颜色:绿色  尺寸:X  ', '2017-11-23 19:38:48', null, null, '3ec3309a3d4b45728b317d844571b5ee'), ('29c1ab304548ac5510347661b0fe93f5', 'OD171123194150E0C5D180', 'a36bd8fc-f057-40d3-9ee1-2c96bed926e5', '1', 'ECB8120973A783F610B861A3CCCD0ECB', '25衣服23', '12', 'f8d209cf6b0c48edb6daabec7ceccd86', '9:30,10:26,', 'N', '颜色:绿色  尺寸:XL  ', '2017-11-23 19:41:50', null, null, '3ec3309a3d4b45728b317d844571b5ee'), ('f733d7d9446baeaee5e9e63f5bf109b7', 'OD171123203725F2DE6198', 'ed17a67e-63aa-41d4-8589-cb88e84d72c9', '4', 'ECB8120973A783F610B861A3CCCD0ECB', '化妆品', '112', 'f815a3a401d74b54bed69132af694bdb', '9:30,10:25,', 'N', '颜色:绿色  尺寸:X  ', '2017-11-23 20:37:25', null, null, '3ec3309a3d4b45728b317d844571b5ee'), ('49919d4a89ffb5de940b66ea50f24bed', 'OD1711232044407360C508', 'ed17a67e-63aa-41d4-8589-cb88e84d72c9', '1', 'ECB8120973A783F610B861A3CCCD0ECB', '化妆品', '112', 'f815a3a401d74b54bed69132af694bdb', '9:30,10:25,', 'N', '颜色:绿色  尺寸:X  ', '2017-11-23 20:44:40', null, null, '3ec3309a3d4b45728b317d844571b5ee'), ('7e59bc865b4aefcf7f58f8744c9b1fe9', 'OD171124101809B8FAB168', 'ed17a67e-63aa-41d4-8589-cb88e84d72c9', '2', 'ECB8120973A783F610B861A3CCCD0ECB', '化妆品', '12', 'ebaad51247a449fd8ea24e13dd3b8903', '9:30,10:28,', 'N', '颜色:绿色  尺寸:L  ', '2017-11-24 10:18:09', null, null, '3ec3309a3d4b45728b317d844571b5ee'), ('b421c6899791387ee1b44d7082b78442', 'OD1711241041120BF46585', 'a36bd8fc-f057-40d3-9ee1-2c96bed926e5', '1', 'ECB8120973A783F610B861A3CCCD0ECB', '25衣服23', '12', '291416fe3f9943c0b159609ec98bde52', '9:30,10:25,', 'N', '颜色:绿色  尺寸:X  ', '2017-11-24 10:41:12', null, null, '3ec3309a3d4b45728b317d844571b5ee'), ('3f2fef3682e4b3564cfe42beed827875', 'OD1711281358556B36E179', 'ed17a67e-63aa-41d4-8589-cb88e84d72c9', '2', 'ECB8120973A783F610B861A3CCCD0ECB', '化妆品', '112', 'f815a3a401d74b54bed69132af694bdb', '9:30,10:25,', 'N', '颜色:绿色  尺寸:X  ', '2017-11-28 13:58:55', null, null, '3ec3309a3d4b45728b317d844571b5ee'), ('033f11adcb02b725811d78fb68ded1cc', 'OD18020814012451B2E456', '6ca0c8a2-04d8-4b21-b5b0-13519b4bf7b5', '1', 'F727A91C57DBA3945B439E667E8C2715', '吟哦裤子', '1212', 'c150a7aa49794edb866792d760c3096e', '9:30,10:25,', 'N', '颜色:绿色  尺寸:X  ', '2018-02-08 14:01:24', null, null, '3ec3309a3d4b45728b317d844571b5ee');
COMMIT;

-- ----------------------------
-- Table structure for `mall_order_log`
-- ----------------------------
DROP TABLE IF EXISTS `mall_order_log`;
CREATE TABLE `mall_order_log` (
`id`  varchar(50) NOT NULL ,
`order_id`  varchar(100) NULL ,
`user_id`  varchar(50) NULL ,
`action`  varchar(50) NULL ,
`ct`  text NULL ,
`cdate`  datetime NULL ,
PRIMARY KEY (`id`)
)

;

-- ----------------------------
-- Records of MALL_ORDER_LOG
-- ----------------------------
BEGIN;
INSERT INTO `mall_order_log` VALUES ('dd52b918-78a3-4d69-8a39-519d7ce30a82', '201711221422151f643f5787a0432ba382f35e62e7fc43', 'sys', 'create', 'create order.', '2017-11-22 14:22:15'), ('46bd431a-bd38-4a5a-b1e1-9326295ffd69', '20171122143445ba9a722eb70b30e33355c85d5e489e5c', 'sys', 'create', 'create order.', '2017-11-22 14:34:45'), ('f3362aa8-5c71-476b-8819-2d2406232d13', '2017112214400355126e0d18dfd921e0b6c7f805d32f4b', 'sys', 'create', 'create order.', '2017-11-22 14:40:03'), ('5440b5a2-d40d-4fe4-bc6d-5b9d34eaef33', '201711221447305be7a56a778507c48c90b689113dc402', 'sys', 'create', 'create order.', '2017-11-22 14:47:30'), ('30e6c45b-4675-4259-95c9-c54e27b6b50a', '201711221450197831c2ed869780be7e0e779eb5e9473d', 'sys', 'create', 'create order.', '2017-11-22 14:50:19'), ('9854dbd7-fdbe-498b-9b37-d968c7b3c83c', '20171122214214ad1497cf07653340d485e71070bf01ce', 'sys', 'create', 'create order.', '2017-11-22 21:42:14'), ('9bc81c11-3899-4c67-8bb5-8f7132231e80', '20171123090750cc62391f7e237ee1e4e5c1980a770f5a', 'sys', 'create', 'create order.', '2017-11-23 09:07:50'), ('9b73dd2e-3dba-49e2-9816-71c166b27a8f', 'OD171123091626E8275564', 'sys', 'create', 'cancel order.', '2017-11-23 10:14:14'), ('1ffc5695-6a37-4f73-90dc-d1d3aec59f9d', 'OD171123134709FCC92811', 'sys', 'create', '创建订单', '2017-11-23 13:47:09'), ('a24afacd-ab03-4d8d-8e07-e8e55faf2f3e', 'OD171123134709FCC92811', 'sys', 'pay', '订单支付', '2017-11-23 13:49:10'), ('d3b2ae20-502f-4e2a-98ca-7ee38fc1ad88', 'OD171123134709FCC92811', 'sys', 'pay', '订单支付', '2017-11-23 13:49:14'), ('5c8d1765-7498-46e9-b81d-eb3f08b291a5', 'OD171123134709FCC92811', 'sys', 'pay', '订单支付', '2017-11-23 13:51:48'), ('fb2f0e93-cfbc-4868-8c5b-97b70efe9d51', 'OD171123134709FCC92811', 'sys', 'reputation', '评价订单', '2017-11-23 13:52:30'), ('1e158230-624c-4830-a558-3ea151bf4398', 'OD171123150152EC20E492', 'sys', 'create', '创建订单', '2017-11-23 15:01:52'), ('f8553c39-71b7-4500-bab9-fd4ae22c3d36', 'OD1711231459289FAEC399', 'sys', 'pay', '订单支付', '2017-11-23 15:01:59'), ('f843c652-5c06-4370-91f7-f292361cf429', 'OD171123150535AC2E0246', 'sys', 'pay', '订单支付', '2017-11-23 15:05:38'), ('c4ac05f5-a505-42e9-a1ae-5430384857ef', 'OD17112322442478AF5922', 'sys', 'create', '创建订单', '2017-11-23 22:44:24'), ('3cc8bfbd-9f1e-4e15-bb8a-5c477894026e', 'OD171123224632F5C09398', 'sys', 'create', '创建订单', '2017-11-23 22:46:32'), ('b1c2e978-73cb-4b29-8d01-90741c3322fc', 'OD1711271611456637C116', 'f7e9de374ca24f41b5f9f7428984e6c4', 'create', '创建订单', '2017-11-27 16:11:45'), ('c8c9f3b5-6c1e-45f8-b14b-de3d01cb2caa', 'OD171127160758FD344271', 'f7e9de374ca24f41b5f9f7428984e6c4', 'reputation', '评价订单', '2017-11-27 16:11:51'), ('a94bd733-44c0-4e3e-8361-69fd01ac3eba', 'OD17112710295571654276', 'f7e9de374ca24f41b5f9f7428984e6c4', 'cancel', '取消订单', '2017-11-27 16:12:05'), ('79395b18-8373-46f0-9609-adc4dca05c6f', '20171122090244e71404921fdf13611ff34d7324d5a01a', 'sys', 'create', 'create order.', '2017-11-22 09:02:44'), ('505e95ff-aecf-40ff-8101-49ce521ce3a2', '201711220902505a0c2561f061935af14c28754b3245ae', 'sys', 'create', 'create order.', '2017-11-22 09:02:50'), ('b2125dbd-0f2f-4788-aac7-66de773eade5', '201711222000065fbde564cb487f21e104ddac6770970d', 'sys', 'create', 'create order.', '2017-11-22 20:00:06'), ('b55d9ad5-1566-4ed5-81a4-148c8c54003f', 'OD171123091626E8275564', 'sys', 'create', 'create order.', '2017-11-23 09:16:26'), ('1ad96a8f-bc65-490e-9183-7f99665e60bc', 'OD17112314573812E5C672', 'sys', 'create', '创建订单', '2017-11-23 14:57:38'), ('a6461c83-98d1-44dc-9ef8-b1d708f64534', 'OD17112314573812E5C672', 'sys', 'pay', '订单支付', '2017-11-23 14:57:40'), ('85ee6fe9-071f-4338-9eb0-18b05323f7ae', 'OD1711231459289FAEC399', 'sys', 'create', '创建订单', '2017-11-23 14:59:28'), ('951104ad-26d6-473f-b2c6-dab41d491de9', 'OD171123150152EC20E492', 'sys', 'pay', '订单支付', '2017-11-23 15:01:56'), ('28d642e8-3885-4f9f-b929-5fee65acec7d', 'OD17112315273321017608', 'sys', 'pay', '订单支付', '2017-11-23 15:27:36'), ('1011f15f-9233-452b-9d42-fb4361c9d5d2', 'OD17112315273321017608', 'sys', 'pay', '订单支付', '2017-11-23 15:27:38'), ('28fe01d0-1fc3-42b4-a547-cf957f633239', 'OD171123152904F1F21435', 'sys', 'create', '创建订单', '2017-11-23 15:29:04'), ('743ec806-1973-45d0-a8ac-f229b97132ea', 'OD17112315295928734359', 'sys', 'create', '创建订单', '2017-11-23 15:29:59'), ('47a1eb61-69e3-4867-93ca-4da8cbc764f5', 'OD171123153907FF821517', 'sys', 'create', '创建订单', '2017-11-23 15:39:08'), ('ae26febf-2ea8-4181-b752-a9c6da39b4bf', 'OD171123154221063FB665', 'sys', 'create', '创建订单', '2017-11-23 15:42:21'), ('93b8276c-e120-4ef9-bff3-3050538994f7', 'OD171123154259459B9391', 'sys', 'reputation', '评价订单', '2017-11-23 15:43:44'), ('af7fc403-9842-4586-99eb-036d594052d6', 'OD171123154221063FB665', 'sys', 'reputation', '评价订单', '2017-11-23 15:43:52'), ('84abfd62-63c9-4892-85bf-e539e0a1ab71', 'OD1711232044407360C508', 'sys', 'pay', '订单支付', '2017-11-23 20:48:31'), ('c3cefb16-2f17-4810-a86a-d632ed057c0a', 'OD1711240733281018E825', 'sys', 'create', '创建订单', '2017-11-24 07:33:28'), ('f7b7a0ce-0082-4de0-91a2-4beba9b93de7', 'OD171127162739DA7CA447', 'f7e9de374ca24f41b5f9f7428984e6c4', 'create', '创建订单', '2017-11-27 16:27:39'), ('939ee22b-eaa1-4139-abc4-2d1c8c5baabc', 'OD171127162739DA7CA447', 'f7e9de374ca24f41b5f9f7428984e6c4', 'pay', '订单支付', '2017-11-27 16:27:40'), ('ceec075b-b157-40bc-89e5-9a1c19eca7b7', 'OD1711241041120BF46585', 'f7e9de374ca24f41b5f9f7428984e6c4', 'pay', '订单支付', '2017-11-27 16:27:41'), ('46bee007-d7be-43cf-a0b0-9b80f98324ca', 'OD171127170816C9BE7504', 'f7e9de374ca24f41b5f9f7428984e6c4', 'pay', '订单支付', '2017-11-27 17:08:18'), ('3ec6a859-c280-41cc-919a-6972b8de1268', '20171122085744c8ec2ac01105c28036d41b65772e8e16', 'sys', 'create', 'create order.', '2017-11-22 08:57:44'), ('f2f7a761-74ff-46ae-81c1-29c3a138aa78', '201711220857456cda3e6742fe4a7d075732b1702c35e3', 'sys', 'create', 'create order.', '2017-11-22 08:57:45'), ('8aec0914-b3cb-4cc2-8d43-5d16d6afd1ef', '2017112209011820d05247431bbd288a9842b147add22f', 'sys', 'create', 'create order.', '2017-11-22 09:01:18'), ('f98ce428-b15d-451c-92a3-9b3a29b919ea', '20171122093732e67a923040cbb5592b2c133509b6d193', 'sys', 'create', 'create order.', '2017-11-22 09:37:32'), ('f25c5fcd-f2aa-4ea9-acdb-f4a9ffc6a79c', '20171122094022c1a110aa4f07bdd38ec13bd8c3708082', 'sys', 'create', 'create order.', '2017-11-22 09:40:22'), ('ed1c05fe-c2f3-44b3-ab5e-f63665846ed2', '201711221421089bf3bef1fa8777490dc44a9349a1388b', 'sys', 'create', 'create order.', '2017-11-22 14:21:08'), ('a60d2f4f-3c81-45ef-bc5f-2ebb038fd21c', '2017112214250836e1071cca5f4f32205c2d1122a1847e', 'sys', 'create', 'create order.', '2017-11-22 14:25:08'), ('a406f76b-a4b1-4c63-ad1d-e6efec5e1217', '20171122143137404b22b35a094d4cda700f872abadb8c', 'sys', 'create', 'create order.', '2017-11-22 14:31:37'), ('f2da7c3a-0f22-442c-851c-5cc25e9e6a62', '201711221432079f04d445ce70e9c6d49bbb5312ec677d', 'sys', 'create', 'create order.', '2017-11-22 14:32:07'), ('b6a44fb2-0357-45eb-8c5a-e92759359f27', 'OD171123150535AC2E0246', 'sys', 'create', '创建订单', '2017-11-23 15:05:35'), ('bc97cf2c-27c6-4350-a340-61b8d39a894c', 'OD171123150535AC2E0246', 'sys', 'reputation', '评价订单', '2017-11-23 15:05:49'), ('25e129b7-950b-4f45-8370-1a83d7199ac0', 'OD17112315273321017608', 'sys', 'create', '创建订单', '2017-11-23 15:27:33'), ('f277995d-b8ae-480a-ae81-6c7cb1846bac', 'OD17112319280457CD4441', 'sys', 'create', '创建订单', '2017-11-23 19:28:04'), ('38b3ee8a-de5e-44a1-b45d-794ab78ee26b', 'OD17112319280457CD4441', 'sys', 'cancel', '取消订单', '2017-11-23 19:28:10'), ('7ada60bd-2ff3-40c6-83be-28ece447e29b', 'OD1711231940527966D258', 'sys', 'create', '创建订单', '2017-11-23 19:40:52'), ('4d96bbb8-4c48-4336-b683-a34e1cf7ff33', 'OD1711232044407360C508', 'sys', 'pay', '订单支付', '2017-11-23 20:48:30'), ('4f260502-cfa3-4b1a-868a-765ea46b1cf0', 'OD171123194150E0C5D180', 'sys', 'pay', '订单支付', '2017-11-23 20:48:37'), ('a4812de6-d8cd-416a-95ed-6afb2a78a8c2', 'OD171123224632F5C09398', 'sys', 'cancel', '取消订单', '2017-11-23 22:46:39'), ('c7f51b96-1e9a-4bb5-80c8-ddb8f0029430', 'OD1711240821313E9F8306', 'sys', 'create', '创建订单', '2017-11-24 08:21:31'), ('6623fb6b-5d6e-4787-a96a-e5a983e396b5', 'OD171125082716FE100898', 'f7e9de374ca24f41b5f9f7428984e6c4', 'create', '创建订单', '2017-11-25 08:27:16'), ('39d0bfb6-b5bc-4c73-af07-351728c39780', 'OD171125082716FE100898', 'f7e9de374ca24f41b5f9f7428984e6c4', 'cancel', '取消订单', '2017-11-25 08:27:24'), ('c70697d8-c097-4a4d-8ff4-f37ab80af5e9', 'OD1711271611456637C116', 'f7e9de374ca24f41b5f9f7428984e6c4', 'cancel', '取消订单', '2017-11-27 16:11:59'), ('12ae9ef1-c3b3-44e2-9342-ea722c3b78f6', 'OD171127170816C9BE7504', 'f7e9de374ca24f41b5f9f7428984e6c4', 'create', '创建订单', '2017-11-27 17:08:16'), ('bab44a9b-700b-4b35-a63d-49f13b67853a', '201711220852401f65902347591b7ceb9e3a732d840442', 'sys', 'create', 'create order.', '2017-11-22 08:52:40'), ('891d2d0f-ee5b-4ee5-b4e2-2d4863f7345b', '201711220854510ab10a507178109db8a99f1a8b8b3b95', 'sys', 'create', 'create order.', '2017-11-22 08:54:51'), ('818c1ee4-c306-4a1b-9bdc-68ed4567af57', '20171122085554be3835686e7655c5541d075527a59799', 'sys', 'create', 'create order.', '2017-11-22 08:55:54'), ('929681dc-590a-498b-b121-e1f25cd9eb5e', '201711220859313fc92635ecd0942fbc98c9194f3d0b11', 'sys', 'create', 'create order.', '2017-11-22 08:59:31'), ('6e5a37b7-0102-422e-a877-d35ff89b9a8e', '201711220901180209dc4dfa4ee75f21beb0e7befa985a', 'sys', 'create', 'create order.', '2017-11-22 09:01:18'), ('6e4bde57-5a1c-4b1d-bf33-1fe29a4f4e35', '201711220950413f742f2a24b8e12378c4b93f58cd3d3e', 'sys', 'create', 'create order.', '2017-11-22 09:50:41'), ('0ebc2f11-f49f-4f35-9dad-c3e27538772c', 'OD171123134709FCC92811', 'sys', 'pay', '订单支付', '2017-11-23 13:47:11'), ('6457a734-1556-40b4-87b1-bb1640b940fa', 'OD171123134709FCC92811', 'sys', 'pay', '订单支付', '2017-11-23 13:47:16'), ('7092ba28-1ebf-4856-bffe-d6b30087a5b4', 'OD171123134709FCC92811', 'sys', 'pay', '订单支付', '2017-11-23 13:47:22'), ('a4351c39-08e0-4cf1-9255-fbb37265fc15', 'OD171123134709FCC92811', 'sys', 'pay', '订单支付', '2017-11-23 13:47:32'), ('05c08c00-303a-4fad-ba04-a2e99e27c2bb', 'OD171123153907FF821517', 'sys', 'pay', '订单支付', '2017-11-23 15:39:10'), ('eb7eecfa-11b6-49e5-a22a-55238b42ba64', 'OD171123154259459B9391', 'sys', 'create', '创建订单', '2017-11-23 15:42:59'), ('3879e8e2-3f62-4cae-8bd2-6b3b2498ee63', 'OD171123154259459B9391', 'sys', 'pay', '订单支付', '2017-11-23 15:43:01'), ('2995bd49-6e4f-4334-8fbf-29e107a0010f', 'OD171124100612313A7402', '69b456bcc0d84ba6b416d09535f481be', 'create', '创建订单', '2017-11-24 10:06:12'), ('eee5ec43-0920-4480-abd7-fedfb9c5b936', 'OD171124100612313A7402', '69b456bcc0d84ba6b416d09535f481be', 'pay', '订单支付', '2017-11-24 10:06:14'), ('d3ae0c9b-1867-4a91-b0e5-7bc988125e9d', 'OD171124101809B8FAB168', 'f7e9de374ca24f41b5f9f7428984e6c4', 'pay', '订单支付', '2017-11-24 10:18:12'), ('dad7ef06-859b-42e3-abc7-4a678b46d904', 'OD171124171635C09AC945', 'f7e9de374ca24f41b5f9f7428984e6c4', 'create', '创建订单', '2017-11-24 17:16:35'), ('7c08be8f-d3fd-47bf-a82f-ef97d240b1e9', 'OD171124171635C09AC945', 'f7e9de374ca24f41b5f9f7428984e6c4', 'cancel', '取消订单', '2017-11-24 17:16:47'), ('b5365a4c-d6ac-4bfb-944f-ca5983b24eac', 'OD17112710295571654276', 'f7e9de374ca24f41b5f9f7428984e6c4', 'create', '创建订单', '2017-11-27 10:29:55'), ('03e662b0-6909-4de5-a80b-8675dda34313', 'OD171127160758FD344271', 'f7e9de374ca24f41b5f9f7428984e6c4', 'create', '创建订单', '2017-11-27 16:07:58'), ('773cc1f9-6501-4b4a-84b0-a674a70b0dec', 'OD171127160758FD344271', 'f7e9de374ca24f41b5f9f7428984e6c4', 'pay', '订单支付', '2017-11-27 16:08:01'), ('4bd8da4f-08c7-4640-ad9b-09d07fda771a', '2017112208323310ea667bcdad7294dd03194b19fa8d60', 'sys', 'create', 'create order.', '2017-11-22 08:32:33'), ('3b377a53-0fca-461f-b137-998bccabba96', '2017112208323566e339c5c31afb94b7988eaab26d9bb7', 'sys', 'create', 'create order.', '2017-11-22 08:32:35'), ('f4362590-c9c0-4162-8fae-a54e02f6a5b5', '201711220937304127df215dec7da81f0a3d921ec9b011', 'sys', 'create', 'create order.', '2017-11-22 09:37:30'), ('9cae8452-06c3-4b97-9bd6-ad61ada1cfea', '20171122094417e8ab700c3c70a92e58566a7f8aee31b6', 'sys', 'create', 'create order.', '2017-11-22 09:44:17'), ('ae08e024-1940-43b0-a017-1eb1fa0fc49d', '20171122094419c8662f2ee9de10aa98de3f6537dae324', 'sys', 'create', 'create order.', '2017-11-22 09:44:19'), ('acccac48-bbd2-4360-b7e0-e57f7396caea', '20171122094608f51ccb117382f3837bf8201517df14dd', 'sys', 'create', 'create order.', '2017-11-22 09:46:09'), ('dab74780-0237-44c3-b8f8-d8759ef01fba', '20171122094654bcb31e695c590e5d3d19bd94971efeb4', 'sys', 'create', 'create order.', '2017-11-22 09:46:54'), ('e0d2dd4e-6ae6-4247-b28e-f7170dcd12ce', '201711220950046e6d672696cdb686ddad4123ca635a8c', 'sys', 'create', 'create order.', '2017-11-22 09:50:04'), ('8131b80e-2dac-4c3d-963c-5cd69750c033', '20171122095116cccaeeb08d8f6f66bd486a118b5b2dd6', 'sys', 'create', 'create order.', '2017-11-22 09:51:17'), ('75c54558-3ac8-4cb9-8b6c-1dc980380ff5', '20171122143023276e189b041d70c8e0c69da9b5f5473a', 'sys', 'create', 'create order.', '2017-11-22 14:30:23'), ('a1f2e7e0-cf72-4151-9b90-d99feb154afe', '20171122143909e7b6aa8760e6b22b37dd1a0eef96b743', 'sys', 'create', 'create order.', '2017-11-22 14:39:09'), ('4eacf037-3080-47c4-a00c-b6319d5f06de', '20171122144107983ff706f6d184c88ae8f009ff8bd90c', 'sys', 'create', 'create order.', '2017-11-22 14:41:07'), ('2c56fa61-0cb3-4d0b-9588-95b9c426b7f2', '20171122212713d96b885b27409035b891fde7408ea312', 'sys', 'create', 'create order.', '2017-11-22 21:27:13');
INSERT INTO `mall_order_log` VALUES ('ffd529df-b2c4-4efc-a07f-dd8ff21a7592', 'OD171123120801337A0331', 'sys', 'create', '创建订单.', '2017-11-23 12:08:01'), ('8723cf30-862c-47f8-b3e5-68d3b90355f4', 'OD171123120801337A0331', 'sys', 'cancel', '取消订单', '2017-11-23 12:08:06'), ('b380c91f-85ff-40b4-87d6-1b7207e6716d', 'OD17112312084648969772', 'sys', 'create', '创建订单.', '2017-11-23 12:08:46'), ('96734e03-c574-478f-8186-9ad836faa6f9', '20171123090750cc62391f7e237ee1e4e5c1980a770f5a', 'sys', 'receipt', '确认收货', '2017-11-23 12:11:36'), ('2f35a285-da05-4117-b237-2f39e8fc0e4f', '20171123090750cc62391f7e237ee1e4e5c1980a770f5a', 'sys', 'reputation', '评价订单', '2017-11-23 12:42:49'), ('c6688581-a251-40ab-ae40-401a5fdcc0fe', 'OD171123134709FCC92811', 'sys', 'pay', '订单支付', '2017-11-23 13:49:14'), ('91fc601f-9719-40d0-89bb-49ec144e4675', 'OD17112315273321017608', 'sys', 'pay', '订单支付', '2017-11-23 15:28:42'), ('6f1224c6-0a02-4a93-baf2-37f89acc816e', 'OD171123152904F1F21435', 'sys', 'pay', '订单支付', '2017-11-23 15:29:07'), ('bd1b21ef-1bf9-4682-a97f-c34aa354d270', 'OD17112315295928734359', 'sys', 'pay', '订单支付', '2017-11-23 15:30:02'), ('c6e87eea-36f3-4dbf-be85-c34e3ae848b8', 'OD171123154221063FB665', 'sys', 'pay', '订单支付', '2017-11-23 15:42:23'), ('6696ec13-20fa-4bf7-8c58-574dcf4358a7', 'OD1711231938483C33F246', 'sys', 'create', '创建订单', '2017-11-23 19:38:48'), ('b459ed94-7c39-413f-99a6-217e29e5a307', 'OD1711231938483C33F246', 'sys', 'pay', '订单支付', '2017-11-23 19:38:50'), ('9f5d2750-45d0-4a59-917f-ad79abf2826d', 'OD1711231940527966D258', 'sys', 'pay', '订单支付', '2017-11-23 19:40:55'), ('65d1bc42-a1b8-4c04-a32e-e6a0790316b9', 'OD171123194150E0C5D180', 'sys', 'create', '创建订单', '2017-11-23 19:41:50'), ('9179f403-1fc9-49de-975c-8965938510a2', 'OD171123203725F2DE6198', 'sys', 'create', '创建订单', '2017-11-23 20:37:25'), ('3bfdf323-befd-41ff-bcb5-f2e86d336521', 'OD171123203725F2DE6198', 'sys', 'cancel', '取消订单', '2017-11-23 20:37:49'), ('dca673e9-16d6-4197-ad50-80dfe4525c34', 'OD1711232044407360C508', 'sys', 'create', '创建订单', '2017-11-23 20:44:40'), ('ffa3343a-8fcf-4288-97c3-cee21b4e4f20', 'OD171124101809B8FAB168', 'f7e9de374ca24f41b5f9f7428984e6c4', 'create', '创建订单', '2017-11-24 10:18:09'), ('75566050-e8d4-491f-bdb8-f3ab885549f3', 'OD1711241041120BF46585', 'f7e9de374ca24f41b5f9f7428984e6c4', 'create', '创建订单', '2017-11-24 10:41:12'), ('4b4fcdf3-69b7-4044-be95-ef101b0b349b', 'OD1711281358556B36E179', 'f7e9de374ca24f41b5f9f7428984e6c4', 'create', '创建订单', '2017-11-28 13:58:55'), ('d6ee7310-b484-4e2d-ad6f-c2ca45d16e5b', 'OD18020814012451B2E456', 'f7e9de374ca24f41b5f9f7428984e6c4', 'create', '创建订单', '2018-02-08 14:01:24');
COMMIT;

-- ----------------------------
-- Table structure for `mall_pay_list`
-- ----------------------------
DROP TABLE IF EXISTS `mall_pay_list`;
CREATE TABLE `mall_pay_list` (
`id`  varchar(50) NOT NULL ,
`prepay_id`  varchar(100) NULL ,
PRIMARY KEY (`id`)
)

;

-- ----------------------------
-- Records of MALL_PAY_LIST
-- ----------------------------
BEGIN;
COMMIT;

-- ----------------------------
-- Table structure for `mall_shop`
-- ----------------------------
DROP TABLE IF EXISTS `mall_shop`;
CREATE TABLE `mall_shop` (
`shop_id`  varchar(50) NULL ,
`shop_name`  varchar(200) NULL ,
`deleted`  char(1) NULL ,
`status`  varchar(50) NULL ,
`logo`  varchar(50) NULL ,
`mark`  varchar(50) NULL ,
`createtime`  datetime NULL 
)

;

-- ----------------------------
-- Records of MALL_SHOP
-- ----------------------------
BEGIN;
INSERT INTO `mall_shop` VALUES ('3ec3309a3d4b45728b317d844571b5ee', '店铺21', 'N', 'normal', null, '店铺22', null), ('c318b0aeb1ed447da878ddd4c09fc704', '测试', 'N', null, null, '测试', null), ('2afa34f2d0a24930b6d2e64463b12c09', '1店铺2', 'N', 'stop', null, '店铺2', null), ('32bc2fbc5fc145cabaa85edbf19eddf8', '12', 'N', 'stop', null, 'kj', null), ('e2ddf0c309c94abcae5561c81e238fe9', '店铺3', 'N', 'normal', null, '店铺3', null), ('90649b2c0f6a429d99a1c798176c6610', '旗舰店', 'N', 'stop', null, '测试', null);
COMMIT;

-- ----------------------------
-- Table structure for `om_backup_app`
-- ----------------------------
DROP TABLE IF EXISTS `om_backup_app`;
CREATE TABLE `om_backup_app` (
`app_id`  varchar(50) NOT NULL ,
`type`  varchar(100) NULL ,
`name`  text NULL ,
`is_delete`  char(1) NULL ,
`ip`  varchar(100) NULL ,
`policy`  text NULL ,
`if_warn`  char(1) NULL ,
`valid`  char(1) NULL ,
`warn_day`  decimal(10,0) NULL ,
`mark`  varchar(100) NULL ,
PRIMARY KEY (`app_id`)
)

;

-- ----------------------------
-- Records of OM_BACKUP_APP
-- ----------------------------
BEGIN;
COMMIT;

-- ----------------------------
-- Table structure for `om_backup_apptype`
-- ----------------------------
DROP TABLE IF EXISTS `om_backup_apptype`;
CREATE TABLE `om_backup_apptype` (
`id`  varchar(50) NOT NULL ,
`name`  text NULL ,
PRIMARY KEY (`id`)
)

;

-- ----------------------------
-- Records of OM_BACKUP_APPTYPE
-- ----------------------------
BEGIN;
INSERT INTO `om_backup_apptype` VALUES ('1', 'oracle数据库'), ('2', 'mysql数据库'), ('3', '文件');
COMMIT;

-- ----------------------------
-- Table structure for `om_backup_rec`
-- ----------------------------
DROP TABLE IF EXISTS `om_backup_rec`;
CREATE TABLE `om_backup_rec` (
`id`  varchar(50) NOT NULL ,
`app_id`  varchar(50) NULL ,
`sdate`  datetime NULL ,
`edate`  datetime NULL ,
`recdate`  datetime NULL ,
`data_size`  decimal(10,0) NULL ,
`mark`  text NULL ,
`is_delete`  char(1) NULL ,
`source`  varchar(50) NULL ,
PRIMARY KEY (`id`)
)

;

-- ----------------------------
-- Records of OM_BACKUP_REC
-- ----------------------------
BEGIN;
COMMIT;

-- ----------------------------
-- Table structure for `om_node`
-- ----------------------------
DROP TABLE IF EXISTS `om_node`;
CREATE TABLE `om_node` (
`id`  varchar(50) NOT NULL ,
`type`  varchar(50) NULL ,
`smalltype`  varchar(50) NULL ,
`name`  text NULL ,
`operator`  varchar(50) NULL ,
`ip`  text NULL ,
`username`  varchar(100) NULL ,
`pwd`  varchar(100) NULL ,
`logintype`  varchar(100) NULL ,
`port`  varchar(100) NULL ,
`isvalid`  char(1) NULL ,
`isrunning`  char(1) NULL ,
`deleted`  char(1) NULL ,
`mark`  text NULL ,
`od`  decimal(5,0) NULL ,
`cdate`  datetime NULL ,
`mdate`  datetime NULL ,
`pwdmd5`  varchar(100) NULL ,
`cmd_start`  text NULL ,
`cmd_stop`  text NULL ,
`cmd_status`  text NULL ,
PRIMARY KEY (`id`)
)

;

-- ----------------------------
-- Records of OM_NODE
-- ----------------------------
BEGIN;
INSERT INTO `om_node` VALUES ('542cfe13-b1ff-4490-8d7f-8043a003e5af', 'host', 'window', '183.1', null, '192.168.66.39', 'root', 'SNvincent9', 'ssh', '22', 'Y', 'N', 'N', null, '1', '2017-12-27 08:33:19', '2017-12-27 08:33:19', '1c89dd31806b927ceee1f7a171464cd3', null, null, null), ('1', 'host', 'linux', '测试', null, null, null, null, null, null, 'Y', null, 'Y', null, null, null, null, '1', null, null, null), ('2', 'host', 'linux', '测试212', null, '192.168.188.1', 'root', 'oracle', 'ssh', '21', 'Y', 'N', 'Y', null, '1', null, null, 'a189c633d9995e11bf8607170ec9a4b8', null, null, null), ('681ab72d-b864-445f-bdce-a5ef20e39da1', 'host', 'linux', '测试庸碌', null, '192.168.188.1', null, '0', 'ssh', null, 'Y', 'N', 'N', null, '1', '2017-12-27 09:19:53', '2017-12-27 09:19:53', 'cfcd208495d565ef66e7dff9f98764da', null, null, null), ('accda04e-0874-4e46-be0b-2e46923f37b0', 'host', 'linux', '1212', null, '121.196.111.11', null, '0', 'ssh', null, 'Y', 'N', 'N', null, '1', '2017-12-27 09:18:46', '2017-12-27 09:18:46', 'cfcd208495d565ef66e7dff9f98764da', null, null, null), ('f9083444-590a-4f0b-9d09-facc4129e930', 'host', 'linux', '1212', null, '121.43.168.125', 'root', 'IBG1uFcrs', 'ssh', '60613', 'Y', 'N', 'N', null, '1', '2017-12-26 14:57:52', '2017-12-26 14:57:52', 'b56ee297ad7860e3dd16de1d14e64e52', null, null, null);
COMMIT;

-- ----------------------------
-- Table structure for `om_node_app`
-- ----------------------------
DROP TABLE IF EXISTS `om_node_app`;
CREATE TABLE `om_node_app` (
`id`  varchar(50) NOT NULL ,
`node_id`  varchar(50) NULL ,
`type`  varchar(100) NULL ,
`name`  text NULL ,
`username`  varchar(100) NULL ,
`pwd`  varchar(100) NULL ,
`port`  varchar(50) NULL ,
`pwdmd5`  varchar(100) NULL ,
`mark`  text NULL ,
`isvalid`  char(1) NULL ,
`status`  varchar(100) NULL ,
`cdate`  datetime NULL ,
`mdate`  datetime NULL ,
`deleted`  char(1) NULL ,
`od`  decimal(5,0) NULL ,
`cmd_start`  text NULL ,
`cmd_stop`  text NULL ,
`cmd_status`  text NULL ,
`ip`  varchar(100) NULL ,
`use_host_login`  char(1) NULL ,
PRIMARY KEY (`id`)
)

;

-- ----------------------------
-- Records of OM_NODE_APP
-- ----------------------------
BEGIN;
COMMIT;

-- ----------------------------
-- Table structure for `om_node_app_type`
-- ----------------------------
DROP TABLE IF EXISTS `om_node_app_type`;
CREATE TABLE `om_node_app_type` (
`id`  varchar(50) NOT NULL ,
`name`  varchar(100) NULL ,
`deleted`  char(1) NULL ,
`status`  char(1) NULL ,
`od`  decimal(5,0) NULL ,
PRIMARY KEY (`id`)
)

;

-- ----------------------------
-- Records of OM_NODE_APP_TYPE
-- ----------------------------
BEGIN;
COMMIT;

-- ----------------------------
-- Table structure for `om_node_exec`
-- ----------------------------
DROP TABLE IF EXISTS `om_node_exec`;
CREATE TABLE `om_node_exec` (
`id`  varchar(50) NOT NULL ,
`ct`  text NULL ,
`mark`  varchar(50) NULL ,
PRIMARY KEY (`id`)
)

;

-- ----------------------------
-- Records of OM_NODE_EXEC
-- ----------------------------
BEGIN;
COMMIT;

-- ----------------------------
-- Table structure for `om_node_oper_log`
-- ----------------------------
DROP TABLE IF EXISTS `om_node_oper_log`;
CREATE TABLE `om_node_oper_log` (
`id`  varchar(50) NOT NULL ,
`user_id`  varchar(50) NULL ,
`rdate`  datetime NULL ,
`url`  text NULL ,
`msg`  text NULL ,
`mark`  text NULL ,
PRIMARY KEY (`id`)
)

;

-- ----------------------------
-- Records of OM_NODE_OPER_LOG
-- ----------------------------
BEGIN;
COMMIT;

-- ----------------------------
-- Table structure for `product`
-- ----------------------------
DROP TABLE IF EXISTS `product`;
CREATE TABLE `product` (
`spu`  varchar(50) NOT NULL ,
`prod_name`  varchar(100) NULL ,
`cat_id`  decimal(10,0) NULL ,
`list_price`  decimal(10,0) NOT NULL ,
`list_ori_price`  decimal(10,0) NULL ,
`stock`  decimal(10,0) NOT NULL ,
`code`  varchar(100) NULL ,
`sales`  decimal(10,0) NOT NULL ,
`is_off`  char(1) NOT NULL ,
`is_deleted`  char(1) NOT NULL ,
`prod_desc`  text NULL ,
`brand_id`  varchar(50) NULL ,
`unit`  varchar(50) NULL ,
`title`  varchar(100) NULL ,
`place`  varchar(50) NULL ,
`pic_id`  varchar(50) NULL ,
`shop_id`  varchar(50) NULL ,
`goodreputation`  decimal(10,0) NULL ,
`bonuspoints`  decimal(10,0) NULL ,
`mobile_profile_html`  text NULL ,
`isneedlogistics`  decimal(65,30) NULL COMMENT '是否需要物流信息0不需要 1需要' ,
`weight`  decimal(4,0) NULL ,
`cdate`  datetime NULL ,
PRIMARY KEY (`spu`)
)

;

-- ----------------------------
-- Records of PRODUCT
-- ----------------------------
BEGIN;
INSERT INTO `product` values ('e9670a0a-dbd4-43c0-a2e4-b271448664ba', '测23', '61', '1223', '1223', '-78', '23', '25', 'n', 'y', null, 'a7021b6e-ded8-4c87-8e06-8b8ade473c1c', '1223', '1223', '1223', 'ecb8120973a783f610b861a3cccd0ecb', '3ec3309a3d4b45728b317d844571b5ee', '0', '0', '产品介绍略', '1', '0', null), ('fbd9d68f-3bb8-4def-833d-a6cb697205ba', '12', '60', '12', '7', '2', '12', '0', 'y', 'y', null, null, '12', '12', '12', 'ecb8120973a783f610b861a3cccd0ecb', '3ec3309a3d4b45728b317d844571b5ee', '0', '0', '产品介绍略', '1', '0', null), ('38d6e589-60ff-44d0-8eca-d98eeec39851', '12', '60', '1', '2', '2', null, '0', 'n', 'y', null, null, '2', '2', null, 'ecb8120973a783f610b861a3cccd0ecb', '3ec3309a3d4b45728b317d844571b5ee', '0', '0', '产品介绍略', '1', '0', null), ('f09fb6e6-d75f-42d3-8fb2-ae94067e0ca4', 'fkfkfkfk你好', '60', '2', '3', '2', null, '0', 'n', 'y', null, null, '3', '1', null, 'ecb8120973a783f610b861a3cccd0ecb', '3ec3309a3d4b45728b317d844571b5ee', '0', '0', '产品介绍略', '1', '0', null), ('58b50d5c-b85a-48a5-a6a7-164083bc4b7e', '112', '60', '12', '12', '1', null, '0', 'n', 'y', null, null, '12', '12', null, 'ecb8120973a783f610b861a3cccd0ecb', '3ec3309a3d4b45728b317d844571b5ee', '0', '0', '产品介绍略', '1', '0', null), ('99a55a11-88b3-4318-9c1d-9dadca1d98a5', '12', '60', '12', '-15', '7', '1', '0', 'n', 'y', null, null, '1', '12', null, 'ecb8120973a783f610b861a3cccd0ecb', '3ec3309a3d4b45728b317d844571b5ee', '0', '0', '产品介绍略', '1', '0', null), ('6da349c9-9cee-4b18-9a7a-f0872752a611', '名称', '60', '1', '-7', '1', null, '0', 'n', 'y', null, 'a7021b6e-ded8-4c87-8e06-8b8ade473c1c', '可', '标题', '北京', 'ecb8120973a783f610b861a3cccd0ecb', '3ec3309a3d4b45728b317d844571b5ee', '0', '0', '产品介绍略', '1', '0', null), ('4ab118d6-570c-4899-9c57-9d7f1820266f', '11', '75', '1', '1', '2', null, '0', 'n', 'y', null, null, '1', '1', null, 'ecb8120973a783f610b861a3cccd0ecb', '3ec3309a3d4b45728b317d844571b5ee', '0', '0', '产品介绍略', '1', '0', null), ('31ba23ae-5b22-48ba-b8cf-ca12b880f467', '111', '75', '11', '11', '2', null, '0', 'n', 'y', null, null, '11', '111', null, 'ecb8120973a783f610b861a3cccd0ecb', '3ec3309a3d4b45728b317d844571b5ee', '0', '0', '产品介绍略', '1', '0', null), ('a36bd8fc-f057-40d3-9ee1-2c96bed926e5', '25衣服23', '60', '12225', '1225', '2327', '2325', '6', 'n', 'n', null, null, '2512', '25y23', '1225', 'ecb8120973a783f610b861a3cccd0ecb', '3ec3309a3d4b45728b317d844571b5ee', '0', '0', null, '1', '0', null), ('f5feb8ea-7ca3-4b1a-ad56-a533bf7662bc', 'abcdd', '60', '121212', '121212', '1150', '121212', '0', 'y', 'y', null, 'db212e8c-55ec-4020-8f5b-81f3e3bbbaa8', '可1212', '服装a货121212', '12121', 'ecb8120973a783f610b861a3cccd0ecb', '3ec3309a3d4b45728b317d844571b5ee', '0', '0', '产品介绍略', '1', '0', null), ('f82e4f28-1f32-43e6-a13b-dd068eac79ca', '水母', '60', '1', '2', '110', null, '0', 'y', 'y', null, null, '1', '水母', null, 'ecb8120973a783f610b861a3cccd0ecb', '3ec3309a3d4b45728b317d844571b5ee', '0', '0', '产品介绍略', '1', '0', null), ('e37e959f-b1e0-4e54-ac59-2a429a694699', '测试', '60', '1', '2', '2', null, '0', 'y', 'y', null, null, '3', '测试', null, 'ecb8120973a783f610b861a3cccd0ecb', '3ec3309a3d4b45728b317d844571b5ee', '0', '0', '产品介绍略', '1', '0', null), ('21266cde-dd92-46f7-a960-0ab76de4f121', '服务器', '60', '1', '1', '1', null, '0', 'n', 'y', null, null, '1', '服务器', null, 'ecb8120973a783f610b861a3cccd0ecb', '3ec3309a3d4b45728b317d844571b5ee', '0', '0', '产品介绍略', '1', '0', null), ('9924c503-2604-4701-b190-373c6300fe2e', '2今天测试', '41', '2', '2', '23', null, '0', 'n', 'y', null, null, '2', '12', null, 'ecb8120973a783f610b861a3cccd0ecb', '3ec3309a3d4b45728b317d844571b5ee', '0', '0', '产品介绍略', '1', '0', null), ('379c8f33-74a6-473c-8e31-b9800f288ea6', '裤子aa', '75', '57', '101', '3', 'abca', '0', 'n', 'y', null, 'bca57921-c48f-49c0-b4cc-ebe5bc1d71a4', '宁波aa公司a', '裤子a', '宁波a', 'ecb8120973a783f610b861a3cccd0ecb', '3ec3309a3d4b45728b317d844571b5ee', '0', '0', '产品介绍略', '1', '0', null), ('2783a434-e6e2-417c-8301-5dc1528f7ab0', 'a', '60', '1', '2', '2', 'a', '0', 'y', 'y', null, 'db212e8c-55ec-4020-8f5b-81f3e3bbbaa8', '1', '1', '1', 'ecb8120973a783f610b861a3cccd0ecb', '3ec3309a3d4b45728b317d844571b5ee', '0', '0', '产品介绍略', '1', '0', null), ('a8cf7844-7c57-4130-ab29-ee23677a5098', '不知道', '60', '12', '-17', '212', null, '0', 'y', 'y', null, null, '1', '12', null, 'ecb8120973a783f610b861a3cccd0ecb', '3ec3309a3d4b45728b317d844571b5ee', '0', '0', '产品介绍略', '1', '0', null), ('df3cc720-dca0-4a57-9df2-8d68e188666d', '测试', '60', '1', '2', '1', null, '0', 'n', 'y', null, null, '3', '测试', null, 'ecb8120973a783f610b861a3cccd0ecb', '3ec3309a3d4b45728b317d844571b5ee', '0', '0', '产品介绍略', '1', '0', null), ('7a628a37-f478-4c38-8ba0-2a0eeb63a912', 'fucj', '60', '1', '-27', '2', null, '0', 'n', 'y', null, null, '3', '12', null, 'ecb8120973a783f610b861a3cccd0ecb', '3ec3309a3d4b45728b317d844571b5ee', '0', '0', '产品介绍略', '1', '0', null), ('1639dd7b-6114-4efc-9d70-6f023ae45d42', '今天测试', '41', '12', '-8', '3', null, '0', 'n', 'y', null, null, '12', '12', null, 'ecb8120973a783f610b861a3cccd0ecb', '3ec3309a3d4b45728b317d844571b5ee', '0', '0', '产品介绍略', '1', '0', null), ('34288b28-5849-42d2-a976-8f33f35a58f9', '`', '75', '12', '-12', '1', null, '0', 'n', 'y', null, null, '1', '`', null, 'ECB8120973A783F610B861A3CCCD0ECB', null, '0', '0', '产品介绍略', '1', '0', null), ('77e86b59-9f58-4ee9-bd73-b45ec4d71b1d', '服装A货B121212', '60', '121212', '121212', '26', '121212', '0', 'Y', 'Y', null, null, '可1212', '服装A货121212', '12121', 'ECB8120973A783F610B861A3CCCD0ECB', '3ec3309a3d4b45728b317d844571b5ee', '0', '0', '产品介绍略', '1', '0', null), ('d508d4fd-666a-4cd7-882b-8b77c7aa98a1', '服装A货B121212', '60', '121212', '121212', '10', '121212', '0', 'Y', 'Y', null, null, '可1212', '服装A货121212', '12121', 'ECB8120973A783F610B861A3CCCD0ECB', '3ec3309a3d4b45728b317d844571b5ee', '0', '0', '产品介绍略', '1', '0', null), ('68b2596d-bf15-4091-9dcb-5c1946e16c31', '测试产品', '60', '12', '12', '10', null, '0', 'Y', 'Y', null, null, '12', '测试产品', null, 'ECB8120973A783F610B861A3CCCD0ECB', '3ec3309a3d4b45728b317d844571b5ee', '0', '0', '产品介绍略', '1', '0', null), ('35f8cede-8aa4-4c48-86b0-b50f3aa4578f', '12', '60', '1', '2', '2', null, '0', 'N', 'Y', null, null, '2', '2', null, 'ECB8120973A783F610B861A3CCCD0ECB', '3ec3309a3d4b45728b317d844571b5ee', '0', '0', '产品介绍略', '1', '0', null), ('cc57dbaf-9eb4-4c15-b40b-778ee7cee212', '这是裤子', '75', '11', '12', '4', '1', '0', 'Y', 'Y', null, 'db212e8c-55ec-4020-8f5b-81f3e3bbbaa8', '12', '这是裤子', '北京', 'ECB8120973A783F610B861A3CCCD0ECB', '3ec3309a3d4b45728b317d844571b5ee', '0', '0', '产品介绍略', '1', '0', null), ('d088d172-dadc-4a3b-aa58-ea8589964bb7', '好看的衣服', '60', '12', '12', '116', '12', '0', 'N', 'Y', null, 'a7021b6e-ded8-4c87-8e06-8b8ade473c1c', '1', '好看的衣服标题', '12', 'ECB8120973A783F610B861A3CCCD0ECB', '3ec3309a3d4b45728b317d844571b5ee', '0', '0', '产品介绍略', '1', '0', null), ('f02ec074-188e-4db0-9423-2e3ee470ba6e', '产品A', '60', '12', '12', '46', '产品A', '1', 'N', 'N', null, 'bd23c88c-2298-4135-9d03-d73947d2189b', '12', '产品A', '产品A', 'ECB8120973A783F610B861A3CCCD0ECB', '3ec3309a3d4b45728b317d844571b5ee', '0', '0', null, '1', '0', null), ('6ca0c8a2-04d8-4b21-b5b0-13519b4bf7b5', '吟哦裤子', '60', '12', '12', '4794', null, '0', 'N', 'N', null, '4ed534ab-357d-4b6c-8918-50c38d6a764c', '12', '缺乏', '吟哦裤子', 'F727A91C57DBA3945B439E667E8C2715', '3ec3309a3d4b45728b317d844571b5ee', '0', '0', null, '1', '0', '2017-11-24 15:57:19'), ('4d3363c2-2e22-4cfa-b7ea-e60eb4904c34', '服装A货B121212', '60', '121212', '121212', '17', '121212', '0', 'Y', 'Y', null, null, '可1212', '服装A货121212', '12121', 'ECB8120973A783F610B861A3CCCD0ECB', '3ec3309a3d4b45728b317d844571b5ee', '0', '0', '产品介绍略', '1', '0', null), ('a569127d-fef7-4d59-93ae-f0bbcbb8b037', '服装A货B121212', '60', '121212', '121212', '3', '121212', '0', 'Y', 'Y', null, null, '可1212', '服装A货121212', '12121', 'ECB8120973A783F610B861A3CCCD0ECB', '3ec3309a3d4b45728b317d844571b5ee', '0', '0', '产品介绍略', '1', '0', null), ('0d5b1801-62d3-4a87-bbaa-dc6538c497d0', '服装A货B121212', '60', '121212', '121212', '2', '121212', '0', 'Y', 'Y', null, null, '可1212', '服装A货121212', '12121', 'ECB8120973A783F610B861A3CCCD0ECB', '3ec3309a3d4b45728b317d844571b5ee', '0', '0', '产品介绍略', '1', '0', null), ('eaaa6be3-a700-4eb4-a3cd-d19a0b497c33', '12', '60', '12', '7', '2', '12', '0', 'Y', 'Y', null, null, '12', '12', '12', 'ECB8120973A783F610B861A3CCCD0ECB', '3ec3309a3d4b45728b317d844571b5ee', '0', '0', '产品介绍略', '1', '0', null), ('e353b45a-f7ff-41f8-a3d5-e56325e42243', '测试环境2', '60', '12', '12', '2', null, '0', 'N', 'Y', null, null, '12', '123', null, 'ECB8120973A783F610B861A3CCCD0ECB', '3ec3309a3d4b45728b317d844571b5ee', '0', '0', '产品介绍略', '1', '0', null), ('20c76582-4715-451b-a493-302a04669113', '11', '75', '1', '1', '2', null, '0', 'N', 'Y', null, null, '1', '1', null, 'ECB8120973A783F610B861A3CCCD0ECB', '3ec3309a3d4b45728b317d844571b5ee', '0', '0', '产品介绍略', '1', '0', null), ('ed17a67e-63aa-41d4-8589-cb88e84d72c9', '化妆品', '60', '12', '12', '4', null, '12', 'N', 'N', null, null, '12', '1', null, 'ECB8120973A783F610B861A3CCCD0ECB', '3ec3309a3d4b45728b317d844571b5ee', '0', '0', 'adfadf', '0', '0', null), ('9a17036e-9e9e-4d5b-b543-ed413235d67a', '1212', '60', '-18', '12', '1212', '1212', '0', 'N', 'N', null, null, '12', '121', '12121', 'CA77D3A966A22D7ED0D27F7B0272524A', '3ec3309a3d4b45728b317d844571b5ee', '0', '0', null, '1', '0', '2017-11-24 15:48:19');
COMMIT;

-- ----------------------------
-- Table structure for `product_attr_set`
-- ----------------------------
DROP TABLE IF EXISTS `product_attr_set`;
CREATE TABLE `product_attr_set` (
`id`  varchar(50) NOT NULL ,
`spu`  varchar(50) NULL ,
`attr_set_id`  decimal(10,0) NULL ,
`attr_id`  decimal(10,0) NULL ,
`attr_name`  varchar(100) NULL ,
`is_sku`  char(1) NULL ,
`value`  varchar(200) NULL COMMENT 'attr_type为input的时候需要填充数据' ,
PRIMARY KEY (`id`)
)

;

-- ----------------------------
-- Records of PRODUCT_ATTR_SET
-- ----------------------------
BEGIN;
INSERT INTO `product_attr_set` VALUES ('a45a805f-a057-4fe2-8608-b2c85b353713', '4d3363c2-2e22-4cfa-b7ea-e60eb4904c34', '19', '11', null, 'N', null), ('93d372aa-a968-4a8b-bb4c-78f245261b8a', '4d3363c2-2e22-4cfa-b7ea-e60eb4904c34', '31', '9', null, 'Y', null), ('e743d51c-9714-470a-8163-df4171b9c020', '0d5b1801-62d3-4a87-bbaa-dc6538c497d0', '30', '9', null, 'Y', null), ('cad0ca19-0def-4631-8237-08e972e06a86', 'a569127d-fef7-4d59-93ae-f0bbcbb8b037', null, '12', null, 'N', '12'), ('e1ef9e60-fc40-4ce4-903d-5cf33924bf15', '77e86b59-9f58-4ee9-bd73-b45ec4d71b1d', '18', '11', null, 'N', null), ('f5a961ae-b621-42d1-9446-9040ce800abd', '77e86b59-9f58-4ee9-bd73-b45ec4d71b1d', '29', '9', null, 'Y', null), ('9e085095-e443-41aa-9838-46eeb3190262', 'd508d4fd-666a-4cd7-882b-8b77c7aa98a1', '18', '11', null, 'N', null), ('86490edc-528f-45f5-8907-a024ef8d57d4', 'd508d4fd-666a-4cd7-882b-8b77c7aa98a1', '25', '10', null, 'Y', null), ('68d55f31-b81f-4bd5-90eb-9d776a7070c8', '68b2596d-bf15-4091-9dcb-5c1946e16c31', '18', '11', null, 'N', null), ('3a6ee6a1-218e-46d8-892c-3132389a7730', '0d5b1801-62d3-4a87-bbaa-dc6538c497d0', null, '12', null, 'N', '描述'), ('809ded6c-31ca-4925-b3ba-2d31bb13b04f', '68b2596d-bf15-4091-9dcb-5c1946e16c31', '28', '10', null, 'Y', null), ('a4f14614-2d39-462a-80d1-f9d651ee53ca', 'e9670a0a-dbd4-43c0-a2e4-b271448664ba', '36', '16', null, 'Y', null), ('086fee80-eddb-417c-8a0f-3ca22bc32e03', 'f5feb8ea-7ca3-4b1a-ad56-a533bf7662bc', null, '12', null, 'N', '121212'), ('3ce2fdcd-f5cf-4126-85c4-18df00d0eca3', 'fbd9d68f-3bb8-4def-833d-a6cb697205ba', '25', '10', null, 'Y', null), ('033ebcc9-1769-4068-a246-18ef36b6bc3a', 'fbd9d68f-3bb8-4def-833d-a6cb697205ba', null, '12', null, 'N', '1'), ('782350e4-f481-458b-b82f-826fbbe0c67d', 'f82e4f28-1f32-43e6-a13b-dd068eac79ca', '18', '11', null, 'N', null), ('3c2bea09-d3e0-4529-a857-fe632a40ffa5', '38d6e589-60ff-44d0-8eca-d98eeec39851', null, '12', null, 'N', '22'), ('5d76d2fa-b56c-4fde-99e7-383bdeba308b', '38d6e589-60ff-44d0-8eca-d98eeec39851', '19', '11', null, 'N', null), ('d73f3274-668f-4510-bbca-52358ea1aa7c', '38d6e589-60ff-44d0-8eca-d98eeec39851', '30', '9', null, 'Y', null), ('69d00b88-f0da-4a3a-b70c-f0ce3ec6c5f9', '38d6e589-60ff-44d0-8eca-d98eeec39851', '25', '10', null, 'Y', null), ('fd2f6e05-986f-407b-bfad-7e1a1cf7a2c8', '99a55a11-88b3-4318-9c1d-9dadca1d98a5', null, '12', null, 'N', '1212'), ('78d48454-2a33-412d-b7d7-3dee9c7a6654', '99a55a11-88b3-4318-9c1d-9dadca1d98a5', '18', '11', null, 'N', null), ('118dff98-f07f-4385-8762-d54857e7bc90', '6da349c9-9cee-4b18-9a7a-f0872752a611', null, '12', null, 'N', '1212'), ('7e12a63d-d860-4dd7-8c39-18425cf63b40', '58b50d5c-b85a-48a5-a6a7-164083bc4b7e', null, '12', null, 'N', '12'), ('671d8516-e1ae-4344-bc77-cc5ad0562fc9', '58b50d5c-b85a-48a5-a6a7-164083bc4b7e', '17', '11', null, 'N', null), ('9c4e98a5-1403-44a8-8b49-4c5158e09f20', '58b50d5c-b85a-48a5-a6a7-164083bc4b7e', '30', '9', null, 'Y', null), ('adfbc0d1-f36f-4ce0-a132-72790a7c3612', '58b50d5c-b85a-48a5-a6a7-164083bc4b7e', '25', '10', null, 'Y', null), ('877b33e469bf43fdba5f400013c2d9cb', '99a55a11-88b3-4318-9c1d-9dadca1d98a5', '29', '9', null, 'Y', null), ('56f09ad1d1d24f08b463112e09255188', '99a55a11-88b3-4318-9c1d-9dadca1d98a5', '30', '9', null, 'Y', null), ('0ce5a68b94504ea8adb372210b217500', '99a55a11-88b3-4318-9c1d-9dadca1d98a5', '25', '10', null, 'Y', null), ('fb8ea6ac495c49099a7c0455020860e7', '99a55a11-88b3-4318-9c1d-9dadca1d98a5', '28', '10', null, 'Y', null), ('2a07a4e600a6475280f26a494ce231c1', 'f09fb6e6-d75f-42d3-8fb2-ae94067e0ca4', '25', '10', null, 'Y', null), ('2e688586-07ab-41b9-9a38-06193bb8ef74', '6da349c9-9cee-4b18-9a7a-f0872752a611', '17', '11', null, 'N', null), ('c2d0ec38f43648b08d816c48bffeab4c', '6da349c9-9cee-4b18-9a7a-f0872752a611', '30', '9', null, 'Y', null), ('cb303c410e414823b210ad77623d5688', '6da349c9-9cee-4b18-9a7a-f0872752a611', '25', '10', null, 'Y', null), ('ca85c8e3-922a-41e5-b20f-d6ff1c6dd044', '4ab118d6-570c-4899-9c57-9d7f1820266f', null, '24', null, 'N', '12'), ('8366a712-035d-484a-b2f0-9dd3877ffd2c', '4ab118d6-570c-4899-9c57-9d7f1820266f', '56', '26', null, 'N', null), ('4cb574e9c6244f0f82280b0cd52c9be7', '4ab118d6-570c-4899-9c57-9d7f1820266f', '52', '28', null, 'Y', null), ('0e131cec-c184-4dad-b4d6-cf7bb165db3c', '31ba23ae-5b22-48ba-b8cf-ca12b880f467', null, '24', null, 'N', '12'), ('e58f50d6-09ff-4cb7-830c-25e8416726b2', '31ba23ae-5b22-48ba-b8cf-ca12b880f467', '56', '26', null, 'N', null), ('c8ee9f0681df4909a0d62d285dabfc76', '31ba23ae-5b22-48ba-b8cf-ca12b880f467', '51', '27', null, 'Y', null), ('63c3620401d141af8cec247a5cc26f30', '31ba23ae-5b22-48ba-b8cf-ca12b880f467', '52', '28', null, 'Y', null), ('08cc55ab646d440e92b27319b8604173', 'd088d172-dadc-4a3b-aa58-ea8589964bb7', '30', '9', null, 'Y', null), ('02587121b4d5473c9218accf16c46c5b', 'd088d172-dadc-4a3b-aa58-ea8589964bb7', '29', '9', null, 'Y', null), ('da7d336f588c44168ea3754693470bad', 'd088d172-dadc-4a3b-aa58-ea8589964bb7', '25', '10', null, 'Y', null), ('3e33dfa66de14bfa9a31b1f24004da4a', 'd088d172-dadc-4a3b-aa58-ea8589964bb7', '26', '10', null, 'Y', null), ('e2f599c8-b594-42de-86fa-ae35bdb0cd4f', 'a36bd8fc-f057-40d3-9ee1-2c96bed926e5', null, '12', null, 'N', '1225'), ('edca3fb1-989a-4061-8fd3-2b19af9a6904', 'a36bd8fc-f057-40d3-9ee1-2c96bed926e5', '17', '11', null, 'N', null), ('d6c1126a792b42189fae59d4e4c4c80a', 'a36bd8fc-f057-40d3-9ee1-2c96bed926e5', '30', '9', null, 'Y', null), ('52981a447efe457381ebff9a89ccde0f', 'a36bd8fc-f057-40d3-9ee1-2c96bed926e5', '25', '10', null, 'Y', null), ('de9c037e555c4070906e86c543e27554', 'a36bd8fc-f057-40d3-9ee1-2c96bed926e5', '26', '10', null, 'Y', null), ('189933ad87fc430b84df8e47291618ab', 'a36bd8fc-f057-40d3-9ee1-2c96bed926e5', '28', '10', null, 'Y', null), ('767567f1-3e01-4571-a940-b91544edfd84', '4d3363c2-2e22-4cfa-b7ea-e60eb4904c34', '30', '9', null, 'Y', null), ('21bc8f97-4e9f-44f4-a33a-ba268152f2dd', '4d3363c2-2e22-4cfa-b7ea-e60eb4904c34', '25', '10', null, 'Y', null), ('c66890f0-b4a4-4fa2-9704-2ef3a6a98f57', '0d5b1801-62d3-4a87-bbaa-dc6538c497d0', '18', '11', null, 'N', null), ('591aa399-fac9-446d-9005-e6cb781ca5d9', 'f5feb8ea-7ca3-4b1a-ad56-a533bf7662bc', '25', '10', null, 'Y', null), ('c8eb4fd2-39e9-4c44-ba09-d4a2d8aa8417', 'a569127d-fef7-4d59-93ae-f0bbcbb8b037', '18', '11', null, 'N', null), ('24524e8f-e2c9-489c-94cb-34646bf85218', 'a569127d-fef7-4d59-93ae-f0bbcbb8b037', '30', '9', null, 'Y', null), ('e9211ff8-4386-4cfd-b9ab-69184849e4f6', '77e86b59-9f58-4ee9-bd73-b45ec4d71b1d', '30', '9', null, 'Y', null), ('64b99fc5-da12-4286-9a9f-0b9ef90d5617', 'd508d4fd-666a-4cd7-882b-8b77c7aa98a1', '28', '10', null, 'Y', null), ('74cebb0d-b7f7-4765-9740-770d257673f7', 'e9670a0a-dbd4-43c0-a2e4-b271448664ba', '38', '16', null, 'Y', null), ('b5d4d48b-8c45-48d3-b8fa-7f19554389bd', 'eaaa6be3-a700-4eb4-a3cd-d19a0b497c33', null, '12', null, 'N', '1'), ('777221c4-7796-4921-8ba9-33f834b439e6', '2783a434-e6e2-417c-8301-5dc1528f7ab0', '25', '10', null, 'Y', null), ('1c7d1772-b09e-46c1-874c-64fad51ce2f6', 'eaaa6be3-a700-4eb4-a3cd-d19a0b497c33', '30', '9', null, 'Y', null), ('18588b86-969d-4d15-aea6-18b547a53517', '21266cde-dd92-46f7-a960-0ab76de4f121', null, '12', null, 'N', '1'), ('c64b2f8c-958f-44c0-b741-342bbf1ae920', '21266cde-dd92-46f7-a960-0ab76de4f121', '19', '11', null, 'N', null), ('386e9eac-a102-4520-a102-83b9b5638ade', '21266cde-dd92-46f7-a960-0ab76de4f121', '25', '10', null, 'Y', null), ('ee2bb6bdfc0044acbe67a7eea3a9a235', '9924c503-2604-4701-b190-373c6300fe2e', '39', '19', null, 'Y', null), ('8cf2ac6f-0d29-455c-b6a0-274e907601b1', null, null, '12', null, 'N', '12'), ('257db104-4af0-488a-8d48-656ba7f19022', null, '17', '11', null, 'N', null), ('bc1ea60468cc4eceaf8592e5a1eb394b', '379c8f33-74a6-473c-8e31-b9800f288ea6', '51', '27', null, 'Y', null), ('d92030d214214298ab59f47426ace8da', '379c8f33-74a6-473c-8e31-b9800f288ea6', '52', '28', null, 'Y', null), ('72f3fbb65fb647ca8f025ceababb2f0d', '379c8f33-74a6-473c-8e31-b9800f288ea6', '54', '28', null, 'Y', null), ('df0bbac6-7580-41d4-b074-644fda90207a', '4d3363c2-2e22-4cfa-b7ea-e60eb4904c34', '28', '10', null, 'Y', null), ('f92f22a5-4b07-44f8-a010-a50e9223bdfb', 'f5feb8ea-7ca3-4b1a-ad56-a533bf7662bc', '30', '9', null, 'Y', null), ('79711b6f-1a6e-4420-aa67-93af90138a36', '68b2596d-bf15-4091-9dcb-5c1946e16c31', '30', '9', null, 'Y', null), ('3bdcebed-7281-43a7-9806-a6146cccf3b2', 'a569127d-fef7-4d59-93ae-f0bbcbb8b037', '25', '10', null, 'Y', null), ('1585929b-88ea-4308-bc9c-058ffae2248c', '77e86b59-9f58-4ee9-bd73-b45ec4d71b1d', '31', '9', null, 'Y', null), ('5dcb29cb-c228-4f83-b0fc-b45e69e46df3', 'd508d4fd-666a-4cd7-882b-8b77c7aa98a1', '30', '9', null, 'Y', null), ('dd48a465-88b5-4ac4-a7c6-a6ecf86ec452', 'eaaa6be3-a700-4eb4-a3cd-d19a0b497c33', '18', '11', null, 'N', null), ('f6ec8bb5-d1bf-4cd9-81db-beab89de2283', 'eaaa6be3-a700-4eb4-a3cd-d19a0b497c33', '28', '10', null, 'Y', null), ('eb60dcae-8111-4312-a101-1054e323c5ca', 'fbd9d68f-3bb8-4def-833d-a6cb697205ba', '30', '9', null, 'Y', null), ('d5c485f8-7dea-4e0c-8212-65c11a89a219', 'f82e4f28-1f32-43e6-a13b-dd068eac79ca', '30', '9', null, 'Y', null), ('85854105-9d34-4ab1-ab77-13430b05d96a', 'e37e959f-b1e0-4e54-ac59-2a429a694699', null, '12', null, 'N', '1'), ('02e52043-63e2-4cc7-bd13-b0169d007036', 'e37e959f-b1e0-4e54-ac59-2a429a694699', '30', '9', null, 'Y', null), ('a080e6d1-43c9-4bda-88e5-01e31ac99586', 'a8cf7844-7c57-4130-ab29-ee23677a5098', null, '12', null, 'N', '12'), ('187a9bbb-e9e6-4e09-a064-cab6b4d2d14d', 'a8cf7844-7c57-4130-ab29-ee23677a5098', '17', '11', null, 'N', null), ('2e57e97b-7ffa-418e-9822-d7f29502ef33', 'a8cf7844-7c57-4130-ab29-ee23677a5098', '30', '9', null, 'Y', null), ('71807d9f-ad7e-46bf-b8d9-36585d3073c7', 'df3cc720-dca0-4a57-9df2-8d68e188666d', null, '12', null, 'N', '1'), ('0fb41e16-6587-4086-a142-4d2acf9eb5b2', 'df3cc720-dca0-4a57-9df2-8d68e188666d', '17', '11', null, 'N', null), ('737edadf-ca06-4520-b8c1-c0912c19b790', 'df3cc720-dca0-4a57-9df2-8d68e188666d', '30', '9', null, 'Y', null), ('597c38d9-c0f8-4e96-a37f-83aeb7f953ea', 'df3cc720-dca0-4a57-9df2-8d68e188666d', '28', '10', null, 'Y', null), ('4575dbea-8d5e-4905-af3c-b99841df8b2a', '7a628a37-f478-4c38-8ba0-2a0eeb63a912', null, '12', null, 'N', '1'), ('fdeb2309-77c2-4e12-86cc-8334b57e6e36', '7a628a37-f478-4c38-8ba0-2a0eeb63a912', '17', '11', null, 'N', null), ('e3c53527-5292-4cea-ba21-182b67fb5fa1', '7a628a37-f478-4c38-8ba0-2a0eeb63a912', '30', '9', null, 'Y', null), ('b6e2a213-e6d6-4898-8f4c-2a375fad7a9f', '7a628a37-f478-4c38-8ba0-2a0eeb63a912', '25', '10', null, 'Y', null), ('361f20fa96954bdcac9743edd5419752', '1639dd7b-6114-4efc-9d70-6f023ae45d42', '39', '19', null, 'Y', null), ('0cc96c8ae52245759db5f8a199f4d96e', '1639dd7b-6114-4efc-9d70-6f023ae45d42', '40', '19', null, 'Y', null), ('69167788-8ed1-4f5e-8010-2de1771322b6', '379c8f33-74a6-473c-8e31-b9800f288ea6', null, '24', null, 'N', '5AA'), ('ba6fecd2-ca72-4165-b61a-efb329c7f1d6', '379c8f33-74a6-473c-8e31-b9800f288ea6', '55', '26', null, 'N', null);
INSERT INTO `product_attr_set` VALUES ('2a8371e0-c879-4f3f-9ee4-22763b047b23', '34288b28-5849-42d2-a976-8f33f35a58f9', null, '24', null, 'N', null), ('bddc13a4-ea51-442a-a50e-6efd19e02d5e', '34288b28-5849-42d2-a976-8f33f35a58f9', null, '26', null, 'N', null), ('12f9b01f682444218bed079462446f47', '34288b28-5849-42d2-a976-8f33f35a58f9', '51', '27', null, 'Y', null), ('971a593b8b9a4c60b711d95ef46fddae', '34288b28-5849-42d2-a976-8f33f35a58f9', '52', '28', null, 'Y', null), ('a59537cb-f6c9-4ccb-9a54-9c50112675c4', '4d3363c2-2e22-4cfa-b7ea-e60eb4904c34', '26', '10', null, 'Y', null), ('3005e9f1-dee5-485a-9424-4852263811d1', '2783a434-e6e2-417c-8301-5dc1528f7ab0', '30', '9', null, 'Y', null), ('ff1c1908-cea9-46f8-97b7-b2966ba15fc2', '68b2596d-bf15-4091-9dcb-5c1946e16c31', '29', '9', null, 'Y', null), ('4f768ad3-e7b9-465b-8069-052f7df30733', '77e86b59-9f58-4ee9-bd73-b45ec4d71b1d', '25', '10', null, 'Y', null), ('bfbd0237-5a9b-44ea-8442-5444c42c0df3', '2783a434-e6e2-417c-8301-5dc1528f7ab0', null, '12', null, 'N', '2'), ('37eede06-5616-49d7-8254-63263bb67b1a', 'fbd9d68f-3bb8-4def-833d-a6cb697205ba', '28', '10', null, 'Y', null), ('29fa19d7-6cab-4900-9e82-e32745bf21ff', 'f82e4f28-1f32-43e6-a13b-dd068eac79ca', null, '12', null, 'N', '无'), ('418c62d4-ad11-478f-aed3-d43a177d8765', 'e37e959f-b1e0-4e54-ac59-2a429a694699', '18', '11', null, 'N', null), ('c0924a37-c051-4bbc-94ae-b969383155a2', '35f8cede-8aa4-4c48-86b0-b50f3aa4578f', null, '12', null, 'N', '22'), ('7b78996a-3cf8-4d58-aecc-ff0bc773303e', '35f8cede-8aa4-4c48-86b0-b50f3aa4578f', '19', '11', null, 'N', null), ('0adf1f09-efb2-4f20-8145-b4820a03a191', '35f8cede-8aa4-4c48-86b0-b50f3aa4578f', '30', '9', null, 'Y', null), ('33eda0d4-793c-4e8f-9234-36d1ad66c9bd', '35f8cede-8aa4-4c48-86b0-b50f3aa4578f', '25', '10', null, 'Y', null), ('b896aa74-2b0f-4991-85ac-274428f3b170', 'f09fb6e6-d75f-42d3-8fb2-ae94067e0ca4', null, '12', null, 'N', '1'), ('dd195029-9aca-404b-8ecc-6089a880da4f', 'f09fb6e6-d75f-42d3-8fb2-ae94067e0ca4', '18', '11', null, 'N', null), ('1a9365a9-b329-4bf6-9bb0-e2045b968c3b', 'd088d172-dadc-4a3b-aa58-ea8589964bb7', '17', '11', null, 'N', null), ('ea28b7a0-0697-42a8-8d18-8cc5ecc0a718', '6ca0c8a2-04d8-4b21-b5b0-13519b4bf7b5', null, '12', null, 'N', '12'), ('1ce0878d-8b31-4741-9830-0aa532332b4d', '6ca0c8a2-04d8-4b21-b5b0-13519b4bf7b5', '17', '11', null, 'N', null), ('03ec04eb-b31a-460d-b09f-fc0fe84dcc83', 'f02ec074-188e-4db0-9423-2e3ee470ba6e', null, '12', null, 'N', '12'), ('5bbe3bf6-cdc2-41ab-a3e7-6423568223d5', 'cc57dbaf-9eb4-4c15-b40b-778ee7cee212', null, '12', null, 'N', '12'), ('7142be40-de26-4e41-9958-6d3d0984701f', 'cc57dbaf-9eb4-4c15-b40b-778ee7cee212', '17', '11', null, 'N', null), ('74b4bd5432ae4714a9c6b0db19347408', 'cc57dbaf-9eb4-4c15-b40b-778ee7cee212', '30', '9', null, 'Y', null), ('fccf0110e06248519d71a42b9544cc86', 'cc57dbaf-9eb4-4c15-b40b-778ee7cee212', '25', '10', null, 'Y', null), ('7d9605c1b94945708f7e71181c807702', 'cc57dbaf-9eb4-4c15-b40b-778ee7cee212', '28', '10', null, 'Y', null), ('98ceae38-f35b-4a42-af9c-55fb503f8383', 'd088d172-dadc-4a3b-aa58-ea8589964bb7', null, '12', null, 'N', '12'), ('c95c559b-43f0-483d-baac-56542e5de46a', 'f02ec074-188e-4db0-9423-2e3ee470ba6e', '18', '11', null, 'N', null), ('be1dac78a4974d128c4601d446ec1e62', 'f02ec074-188e-4db0-9423-2e3ee470ba6e', '30', '9', null, 'Y', null), ('ff5691dc858247e48dc3b95633a6e0c8', 'f02ec074-188e-4db0-9423-2e3ee470ba6e', '29', '9', null, 'Y', null), ('afaa72d378e445eaa27199dcfde25066', 'f02ec074-188e-4db0-9423-2e3ee470ba6e', '25', '10', null, 'Y', null), ('ca1bee53244346fc851a739b9aff293d', 'f02ec074-188e-4db0-9423-2e3ee470ba6e', '28', '10', null, 'Y', null), ('eb96f37721c74f35ab6e3d74e35eac85', '6ca0c8a2-04d8-4b21-b5b0-13519b4bf7b5', '30', '9', null, 'Y', null), ('b7006c0db6b840528cd72e487f1204fe', '6ca0c8a2-04d8-4b21-b5b0-13519b4bf7b5', '31', '9', null, 'Y', null), ('4e81ffe231bb4d669bbfcc8ac2238e6c', '6ca0c8a2-04d8-4b21-b5b0-13519b4bf7b5', '25', '10', null, 'Y', null), ('358e0387ad9f4d5aafd7edd7d9655e0b', '6ca0c8a2-04d8-4b21-b5b0-13519b4bf7b5', '28', '10', null, 'Y', null), ('758acd6e-85b8-46d7-aa52-fbf1ad0c405c', '4d3363c2-2e22-4cfa-b7ea-e60eb4904c34', null, '12', null, 'N', '12'), ('0b67179e-7fa9-471f-8651-88ef9ce67d67', '4d3363c2-2e22-4cfa-b7ea-e60eb4904c34', '29', '9', null, 'Y', null), ('05a7b355-767f-49d0-9ddc-43ac5ba68e13', '68b2596d-bf15-4091-9dcb-5c1946e16c31', null, '12', null, 'N', null), ('80e6d84d-f9b1-4a91-b7c2-9959722d9e5e', '77e86b59-9f58-4ee9-bd73-b45ec4d71b1d', null, '12', null, 'N', '12'), ('6fcb56cb-1355-452f-8f74-8c5640e535fb', 'd508d4fd-666a-4cd7-882b-8b77c7aa98a1', null, '12', null, 'N', '12'), ('2bbec1c8-a4db-42f7-b902-22667c0cf77b', 'd508d4fd-666a-4cd7-882b-8b77c7aa98a1', '29', '9', null, 'Y', null), ('4d3b739b-f230-4035-b66a-3c222cabe14e', '68b2596d-bf15-4091-9dcb-5c1946e16c31', '25', '10', null, 'Y', null), ('f6680355-465a-4df6-b110-e6da190858b5', 'f5feb8ea-7ca3-4b1a-ad56-a533bf7662bc', '19', '11', null, 'N', null), ('5a923f09-66bc-4e39-b221-002701faa083', 'fbd9d68f-3bb8-4def-833d-a6cb697205ba', '18', '11', null, 'N', null), ('43872328-f477-48e9-8f48-33513f482d95', '2783a434-e6e2-417c-8301-5dc1528f7ab0', '18', '11', null, 'N', null), ('431c3a65-14ff-4050-bac0-618dea7591ea', 'f82e4f28-1f32-43e6-a13b-dd068eac79ca', '25', '10', null, 'Y', null), ('d5352f5d-476c-43dd-b9b2-0321c503efde', 'e353b45a-f7ff-41f8-a3d5-e56325e42243', null, '12', null, 'N', '1'), ('671fa251-05d6-463e-b8c7-1b1840ce5d22', 'e353b45a-f7ff-41f8-a3d5-e56325e42243', '17', '11', null, 'N', null), ('ed83f4e4-8c59-41a9-b7a3-2546e1204d80', 'e353b45a-f7ff-41f8-a3d5-e56325e42243', '30', '9', null, 'Y', null), ('11780858-27cb-4356-83b6-8a91549963b3', '20c76582-4715-451b-a493-302a04669113', null, '24', null, 'N', '12'), ('93afe52e-09cd-45ae-a7f7-3aff4b21ea63', '20c76582-4715-451b-a493-302a04669113', '56', '26', null, 'N', null), ('a3beec7ca7d24ac39b5107ebe18e22c8', '20c76582-4715-451b-a493-302a04669113', '52', '28', null, 'Y', null), ('9ebba6eb-e512-46f2-aae5-372688857717', 'ed17a67e-63aa-41d4-8589-cb88e84d72c9', null, '12', null, 'N', '12'), ('e5f49416-5bf8-4909-be0f-673fc59af62c', 'ed17a67e-63aa-41d4-8589-cb88e84d72c9', '19', '11', null, 'N', null), ('a35af1ea836c423b8684ce4ceac17d2f', 'ed17a67e-63aa-41d4-8589-cb88e84d72c9', '30', '9', null, 'Y', null), ('adb6a4cfc28b451bbfde12f693131b2d', 'ed17a67e-63aa-41d4-8589-cb88e84d72c9', '25', '10', null, 'Y', null), ('d5879f0bc73648c0ac11900254228a1b', 'ed17a67e-63aa-41d4-8589-cb88e84d72c9', '28', '10', null, 'Y', null), ('b68ef26f-5acf-4f5e-996c-1ea9c61803b6', '9a17036e-9e9e-4d5b-b543-ed413235d67a', null, '12', null, 'N', '12'), ('082a0d06-e518-4de2-be20-4b6971731803', '9a17036e-9e9e-4d5b-b543-ed413235d67a', '18', '11', null, 'N', null), ('ba1dfcf859474e0187021cc7c79810bc', '9a17036e-9e9e-4d5b-b543-ed413235d67a', '30', '9', null, 'Y', null);
COMMIT;

-- ----------------------------
-- Table structure for `product_brand`
-- ----------------------------
DROP TABLE IF EXISTS `product_brand`;
CREATE TABLE `product_brand` (
`brand_id`  varchar(50) NOT NULL ,
`brand_code`  varchar(50) NULL ,
`name`  varchar(100) NULL ,
`is_deleted`  varchar(50) NULL ,
`mark`  text NULL ,
`od`  decimal(65,30) NULL ,
PRIMARY KEY (`brand_id`)
)

;

-- ----------------------------
-- Records of PRODUCT_BRAND
-- ----------------------------
BEGIN;
INSERT INTO `product_brand` VALUES ('27148b03-7c3e-42b0-b2fe-2eded3c6431e', '2', 'M', 'Y', null, null), ('a7021b6e-ded8-4c87-8e06-8b8ade473c1c', '22221', 'ATT', 'Y', null, null), ('bca57921-c48f-49c0-b4cc-ebe5bc1d71a4', '1212', '121', 'Y', null, null), ('bd23c88c-2298-4135-9d03-d73947d2189b', '123', 't t', 'N', null, null), ('db212e8c-55ec-4020-8f5b-81f3e3bbbaa8', 'Y2', '雅戈尔2', 'N', null, null), ('2bf0038e-e3f5-46c4-99f5-52b32c5ec4d4', '1212', '1212', 'Y', null, null), ('4ed534ab-357d-4b6c-8918-50c38d6a764c', '1212', '1212', 'N', null, null);
COMMIT;

-- ----------------------------
-- Table structure for `product_cat_map_attr`
-- ----------------------------
DROP TABLE IF EXISTS `product_cat_map_attr`;
CREATE TABLE `product_cat_map_attr` (
`id`  varchar(50) NOT NULL ,
`cat_id`  decimal(10,0) NULL ,
`user_cat_id`  decimal(10,0) NULL ,
`attr_id`  decimal(10,0) NOT NULL ,
`attr_set_id`  decimal(10,0) NULL ,
PRIMARY KEY (`id`)
)

;

-- ----------------------------
-- Records of PRODUCT_CAT_MAP_ATTR
-- ----------------------------
BEGIN;
COMMIT;

-- ----------------------------
-- Table structure for `product_cat_user`
-- ----------------------------
DROP TABLE IF EXISTS `product_cat_user`;
CREATE TABLE `product_cat_user` (
`id`  decimal(10,0) NOT NULL ,
`parent_id`  decimal(10,0) NULL ,
`text`  varchar(40) NULL ,
`is_deleted`  char(1) NOT NULL ,
`is_cat`  char(1) NOT NULL ,
`route`  text NULL ,
`root_id`  decimal(65,30) NULL ,
PRIMARY KEY (`id`)
)

;

-- ----------------------------
-- Records of PRODUCT_CAT_USER
-- ----------------------------
BEGIN;
INSERT INTO `product_cat_user` VALUES ('3', '2', '新品类', 'N', 'Y', '2-3', '1'), ('5', '1', '生鲜/果品/零食', 'N', 'N', '5', '1'), ('11', '9', '测试', 'N', 'N', '11', '9'), ('12', '5', '新节点', 'N', 'N', '5-12', '1'), ('2', '1', '衣服/服饰/穿戴', 'N', 'N', '2', '1'), ('6', '5', '新品类', 'N', 'Y', '5-6', '1'), ('7', '5', '新品类', 'N', 'Y', '5-7', '1'), ('13', '11', '新品类', 'N', 'Y', '11-13', '9'), ('19', '18', '小黑瓶家族', 'N', 'N', '19', '18'), ('20', '18', '彩妆', 'N', 'N', '20', '18'), ('21', '18', '新节点', 'N', 'N', '21', '18'), ('22', '18', '护肤', 'N', 'N', '22', '18'), ('23', '21', '新品类', 'N', 'Y', '21-23', '18'), ('4', '2', '新节点', 'N', 'N', '2-4', '1'), ('10', '8', '新节点', 'N', 'N', '10', '8'), ('15', '1', '新节点', 'N', 'N', '15', '1'), ('16', '1', '新节点', 'N', 'N', '16', '1'), ('17', '16', 'abc', 'N', 'Y', '16-17', '1');
COMMIT;

-- ----------------------------
-- Table structure for `product_cat_user_root`
-- ----------------------------
DROP TABLE IF EXISTS `product_cat_user_root`;
CREATE TABLE `product_cat_user_root` (
`id`  decimal(10,0) NOT NULL ,
`text`  varchar(50) NULL ,
`is_deleted`  char(1) NULL ,
`is_used`  char(1) NULL ,
`mark`  text NULL ,
`code`  varchar(50) NULL ,
`od`  decimal(65,30) NULL ,
PRIMARY KEY (`id`)
)

;

-- ----------------------------
-- Records of PRODUCT_CAT_USER_ROOT
-- ----------------------------
BEGIN;
INSERT INTO `product_cat_user_root` VALUES ('1', '导购2', 'N', 'N', 'mark2', '2code', '1'), ('9', '测试', 'N', 'Y', '12', '1212', null), ('18', '微商城首页分类', 'N', 'Y', '小程序商城首页导航', 'wxmall', null), ('8', '分类1', 'N', 'Y', '12', '12', null), ('14', '测试22212', 'N', 'N', '12aa', 'aa12', null);
COMMIT;

-- ----------------------------
-- Table structure for `product_category`
-- ----------------------------
DROP TABLE IF EXISTS `product_category`;
CREATE TABLE `product_category` (
`id`  decimal(10,0) NOT NULL ,
`parent_id`  decimal(10,0) NULL ,
`text`  varchar(40) NULL ,
`is_deleted`  char(1) NOT NULL ,
`is_cat`  char(1) NOT NULL ,
`route`  text NULL ,
PRIMARY KEY (`id`)
)

;

-- ----------------------------
-- Records of PRODUCT_CATEGORY
-- ----------------------------
BEGIN;
INSERT INTO `product_category` VALUES ('1', '0', '服装', 'Y', 'N', '1'), ('14', '11', '服务器', 'N', 'N', '3-11-14'), ('18', '11', '未知', 'Y', 'Y', '3-11-18'), ('22', '0', '生鲜', 'N', 'N', '22'), ('23', '16', '新品类', 'Y', 'Y', '16-23'), ('29', '24', '西装', 'Y', 'N', '16-24-29'), ('42', '22', '水果', 'Y', 'Y', '22-42'), ('45', '16', '新品类', 'Y', 'Y', '16-45'), ('4', '3', '手机', 'N', 'N', '3-4'), ('6', '5', '调料', 'Y', 'N', '5-6'), ('10', '3', '路由器', 'Y', 'N', '3-10'), ('12', '11', '路由器', 'N', 'N', '3-11-12'), ('15', '12', '新品类', 'Y', 'Y', '3-11-12-15'), ('17', '16', '男装', 'Y', 'Y', '16-17'), ('27', '24', '新节点', 'Y', 'N', '16-24-27'), ('28', '24', '领带', 'Y', 'Y', '16-24-28'), ('32', '29', '定制西装', 'Y', 'N', '16-24-29-32'), ('33', '29', '定制西装', 'Y', 'Y', '16-24-29-33'), ('34', '29', '新品类', 'Y', 'Y', '16-24-29-34'), ('38', '16', '西装', 'Y', 'Y', '16-38'), ('43', '22', '海鲜', 'Y', 'Y', '22-43'), ('55', '16', '婴儿', 'Y', 'N', '16-55'), ('56', '2', '测试', 'Y', 'Y', '2-56'), ('58', '2', '新品类', 'N', 'Y', '2-58'), ('59', '14', 'X86', 'N', 'Y', '3-11-14-59'), ('61', '16', '衬衫', 'N', 'Y', '16-61'), ('2', '0', '服务', 'N', 'N', '2'), ('7', '6', '味精', 'Y', 'Y', '5-6-7'), ('11', '3', '通讯设备', 'N', 'N', '3-11'), ('13', '11', '交换机', 'N', 'N', '3-11-13'), ('20', '5', '新品类', 'Y', 'Y', '5-20'), ('26', '25', '新节点', 'Y', 'N', '16-25-26'), ('31', '29', '商务西装', 'Y', 'Y', '16-24-29-31'), ('46', '16', '新品类', 'Y', 'Y', '16-46'), ('48', '16', '新品类', 'Y', 'Y', '16-48'), ('49', '16', '22', 'Y', 'Y', '16-49'), ('54', '16', '儿童', 'N', 'N', '16-54'), ('66', '0', '新节点', 'Y', 'N', '66'), ('67', '0', '新节点', 'Y', 'N', '67'), ('68', '0', '新节点', 'Y', 'N', '68'), ('69', '0', '今天', 'Y', 'N', '69'), ('74', '22', '测试', 'N', 'Y', '22-74'), ('75', '52', '裤子', 'N', 'Y', '16-52-75'), ('8', '6', '酱油', 'Y', 'Y', '5-6-8'), ('16', '0', '服饰', 'N', 'N', '16'), ('19', '3', '电脑', 'N', 'N', '3-19'), ('21', '5', '新节点', 'Y', 'N', '5-21'), ('30', '29', '休闲西装', 'Y', 'Y', '16-24-29-30'), ('40', '16', '西装', 'Y', 'Y', '16-40'), ('41', '2', '台式机', 'N', 'Y', '2-41'), ('50', '16', '新品类', 'Y', 'Y', '16-50'), ('53', '16', '女装', 'N', 'N', '16-53'), ('57', '2', '笔记本', 'Y', 'Y', '2-57'), ('62', '0', 'abc', 'Y', 'N', '62'), ('63', '22', '新品类', 'N', 'Y', '22-63'), ('3', '0', '电子产品', 'N', 'N', '3'), ('5', '0', '食品', 'Y', 'N', '5'), ('9', '5', '水果', 'Y', 'N', '5-9'), ('24', '16', '男装', 'Y', 'N', '16-24'), ('25', '16', '女装', 'Y', 'N', '16-25'), ('35', '16', '新节点', 'Y', 'N', '16-35'), ('36', '16', '新节点', 'Y', 'N', '16-36'), ('37', '16', '新节点', 'Y', 'N', '16-37'), ('39', '16', '新品类', 'Y', 'Y', '16-39'), ('44', '16', '西装', 'Y', 'Y', '16-44'), ('47', '16', '新品类', 'Y', 'Y', '16-47'), ('51', '16', '衬衫', 'Y', 'Y', '16-51'), ('52', '16', '男装', 'N', 'N', '16-52'), ('60', '52', '衬衫', 'N', 'Y', '16-52-60'), ('64', '0', '新节点', 'Y', 'N', '64'), ('65', '0', '新节点', 'Y', 'N', '65'), ('70', '0', '新节点', 'Y', 'N', '70'), ('71', '0', '新节点', 'N', 'N', '71'), ('72', '71', '新节点', 'N', 'N', '71-72'), ('73', '72', '新品类', 'N', 'Y', '71-72-73');
COMMIT;

-- ----------------------------
-- Table structure for `product_category_attr`
-- ----------------------------
DROP TABLE IF EXISTS `product_category_attr`;
CREATE TABLE `product_category_attr` (
`id`  varchar(50) NOT NULL ,
`attr_id`  decimal(10,0) NOT NULL ,
`cat_id`  decimal(10,0) NULL ,
`name`  varchar(100) NULL ,
`is_input`  char(1) NULL COMMENT 'input ,single-select, muliti-select' ,
`is_key`  char(1) NULL COMMENT 'string,number,date' ,
`is_deleted`  char(1) NULL ,
`is_search`  char(1) NULL ,
`can_alias`  char(1) NULL ,
`is_need`  char(1) NULL ,
`od`  decimal(65,30) NULL ,
`is_enum`  char(1) NULL ,
`is_used`  char(1) NULL ,
`attr_type`  varchar(50) NULL ,
`input_type`  varchar(50) NULL ,
PRIMARY KEY (`id`)
)

;

-- ----------------------------
-- Records of PRODUCT_CATEGORY_ATTR
-- ----------------------------
BEGIN;
INSERT INTO `product_category_attr` VALUES ('62f33e68-0be2-41b9-99c4-4b2652a0eab9', '3', '60', '单位', 'N', 'Y', 'Y', 'N', 'N', 'Y', '1', 'Y', 'Y', 'base', 'select-multi'), ('fe80c294-f63a-4d2d-86ad-375d65cd8954', '4', '60', '款式', 'N', 'N', 'Y', 'N', 'Y', 'Y', '2', 'Y', 'Y', 'base', 'select-multi'), ('71eed1c8-8109-4064-a83e-458426291bd0', '9', '60', '颜色', 'N', 'N', 'N', 'N', 'Y', 'Y', '1', 'Y', 'Y', 'sale', 'select-multi'), ('4de29472-6519-44b2-aff4-144578f87129', '16', '61', '颜色', 'N', 'N', 'N', 'N', 'Y', 'N', '2', 'Y', 'Y', 'sale', 'select-multi'), ('369c4614-106b-4712-9062-7d6436e60b74', '17', '58', '测试2', 'Y', 'N', 'N', 'N', 'Y', 'Y', '2', 'N', 'Y', 'base', 'input'), ('718f5a3c-4329-40a5-b840-cb900ef83987', '23', '74', '大小', 'N', 'N', 'N', 'N', 'Y', 'N', '2', 'Y', 'Y', 'sale', 'select-multi'), ('eb6ebeab-b6e0-45ae-90a4-b5788ba87639', '7', '60', '颜色', 'N', 'N', 'Y', 'N', 'Y', 'Y', '2', 'Y', 'Y', 'sale', 'select-multi'), ('0cf49aa8-b44b-45e4-a019-0ef160648707', '13', '60', '流行元素', 'N', 'N', 'N', 'N', 'Y', 'Y', '2', 'Y', 'Y', 'base', 'select-multi'), ('f4ff1704-4f8e-4c70-bb0c-c84707bfc139', '15', '60', '日期', 'N', 'N', 'N', 'N', 'Y', 'Y', '2', 'Y', 'Y', 'base', 'select-multi'), ('9018b4a5-502e-471a-b80c-068764e3915c', '20', '74', '测试', 'Y', 'N', 'N', 'N', 'Y', 'N', '54', 'N', 'Y', 'base', 'input'), ('acc412c2-43ff-48e8-9a54-3f965911a01b', '21', '74', '单项2', 'N', 'N', 'N', 'N', 'Y', 'N', '32', 'Y', 'N', 'base', 'select-single'), ('b2cecc14-6446-4fec-a099-74baacbc482d', '22', '74', '多讯', 'Y', 'N', 'Y', 'N', 'Y', 'N', '2', 'N', 'Y', 'base', 'input'), ('51f507f5-6b3f-4e86-a093-535cf4364e59', '26', '75', '款式', 'N', 'N', 'N', 'N', 'Y', 'N', '2', 'Y', 'Y', 'base', 'select-single'), ('21653468-7c64-4c01-b510-3515c2ef1b26', '2', '59', '单位', 'N', 'Y', 'N', 'N', 'N', 'Y', '1', 'Y', 'Y', 'base', 'select-multi'), ('78cd66af-1338-4c21-b089-24739071cbb7', '1', '41', '12', 'N', 'N', 'N', 'N', 'Y', 'N', '2', 'Y', 'Y', 'base', 'select-multi'), ('3eb5c5e3-e852-4b18-98a7-4da2a93951eb', '6', '60', '颜色', 'N', 'N', 'Y', 'N', 'Y', 'Y', '1', 'Y', 'N', 'base', 'select-multi'), ('0c06da0c-9b25-4595-8129-90754dd86a8e', '8', '61', '描述', 'Y', 'N', 'Y', 'N', 'Y', 'N', '2', 'N', 'Y', 'base', 'input'), ('a05e2980-8cb7-4cfe-9583-0a359522841d', '19', '41', '颜色', 'N', 'N', 'Y', 'N', 'Y', 'N', '2', 'Y', 'Y', 'sale', 'select-multi'), ('b1731f47-2485-4895-882b-d46c1ab7f230', '24', '75', '评级', 'Y', 'N', 'N', 'N', 'Y', 'N', '2', 'N', 'Y', 'base', 'input'), ('7aadd061-dec1-4d4a-84da-37fe0ae3b675', '25', '75', '款式', 'N', 'N', 'Y', 'N', 'Y', 'N', '2', 'Y', 'Y', 'base', 'select-single'), ('ac6ce79e-cd6f-47f5-b0a7-501f85f70099', '27', '75', '颜色', 'N', 'N', 'N', 'N', 'Y', 'N', '2', 'Y', 'Y', 'sale', 'select-multi'), ('229f2107-e334-4132-a9d3-310b0685a576', '28', '75', '大小', 'N', 'N', 'N', 'N', 'Y', 'Y', '2', 'Y', 'Y', 'sale', 'select-multi'), ('30c33614-f5ef-4472-9feb-d5b06547177f', '11', '60', '外观', 'N', 'N', 'N', 'N', 'Y', 'Y', '2', 'Y', 'Y', 'base', 'select-single'), ('ba0d42f6-b189-49fc-b8ab-cb488c49fae7', '14', '60', '人群', 'N', 'N', 'N', 'N', 'Y', 'N', '2', 'Y', 'Y', 'base', 'select-multi'), ('1aa26eb1-e921-4fe9-9f48-322b4fa388f3', '18', '61', '大小', 'N', 'N', 'N', 'N', 'Y', 'N', '2', 'Y', 'Y', 'sale', 'select-multi'), ('6fad5ea3-041d-42a6-aaed-0b0a73998821', '19', '41', '颜色', 'N', 'N', 'N', 'N', 'Y', 'N', '2', 'Y', 'Y', 'sale', 'select-multi'), ('f57d72fb-fde9-439d-941c-3b9e94a3540a', '10', '60', '尺寸', 'N', 'N', 'N', 'N', 'Y', 'Y', '2', 'Y', 'Y', 'sale', 'select-multi'), ('d3c5df60-2fa5-4022-bd31-014654370c26', '5', '60', '尺寸', 'N', 'N', 'Y', 'N', 'Y', 'Y', '1', 'Y', 'N', 'sale', 'select-multi'), ('ec8c5d96-8d96-4ba8-b31c-5580e7d4e9b3', '12', '60', '描述', 'Y', 'N', 'N', 'N', 'Y', 'Y', '2', 'N', 'Y', 'base', 'input');
COMMIT;

-- ----------------------------
-- Table structure for `product_category_attr_set`
-- ----------------------------
DROP TABLE IF EXISTS `product_category_attr_set`;
CREATE TABLE `product_category_attr_set` (
`id`  varchar(50) NOT NULL ,
`attr_set_id`  decimal(10,0) NOT NULL ,
`attr_id`  decimal(10,0) NULL ,
`cat_id`  decimal(10,0) NULL ,
`value`  varchar(100) NULL ,
`od`  decimal(65,30) NULL ,
`is_deleted`  char(1) NULL ,
PRIMARY KEY (`id`)
)

;

-- ----------------------------
-- Records of PRODUCT_CATEGORY_ATTR_SET
-- ----------------------------
BEGIN;
INSERT INTO `product_category_attr_set` VALUES ('8ef1dcc7-1915-4f31-9791-c648a8fa4458', '8', '6', '60', '红色', '0', 'Y'), ('ca956889-849c-4cc9-87d0-b36f13b7467a', '7', '3', '60', '箱', '0', 'Y'), ('ca247123-2af2-4d9d-a80a-15f1bc97838c', '11', '5', '60', 'XXL', '0', 'Y'), ('c101b1e5-ddb5-4654-80cf-a2261065cd5b', '13', '7', '60', '白色', '0', 'Y'), ('cab111c3-98f4-445d-849b-2c9d720f5c44', '16', '7', '60', '蓝色', '0', 'Y'), ('fd43e679-4fa3-4522-aec4-b37d19d9bead', '17', '11', '60', 'A款', '0', 'N'), ('9755343e-4617-4395-b75c-9bbdc6f39459', '22', '13', '60', 'A风格', '0', 'N'), ('04565525-53fb-4aa1-a1de-54408caa2ad0', '25', '10', '60', 'X', '0', 'N'), ('8ef559a1-40eb-457a-8f59-746fc2980a09', '32', '14', '60', '儿童', '0', 'N'), ('1f5fa32c-68db-465e-a34a-0cd89d315046', '36', '16', '61', '红色', '0', 'N'), ('5e74a04c-c07a-460a-a0e9-b63b99ebd7dd', '43', '21', '74', '新选项值', '0', 'Y'), ('7907102d-6a36-485d-b0a0-5affab6b1416', '44', '21', '74', '新选项值', '0', 'Y'), ('b6d882a7-9cca-415b-a269-042bfdf510d2', '45', '21', '74', '新选项值', '0', 'Y'), ('3b3c6137-1388-4daa-b7f3-1736dfe127b9', '46', '21', '74', '新选项值', '0', 'Y'), ('80d07c0a-c4e8-4c66-b6bb-d25e83ff5ba4', '48', '21', '74', '新选项值', '0', 'Y'), ('ea9cde47-adfa-48c7-9345-29c26996c461', '49', '21', '74', '新选项值', '0', 'Y'), ('76c8c973-bc19-4ba0-8cd0-ff3b4896477e', '51', '27', '75', '蓝色', '0', 'N'), ('3aad27fa-16d3-4839-81e9-d73969bd0cba', '52', '28', '75', 'L', '0', 'N'), ('dd6ab47b-fb26-466f-afc5-5760f620823c', '53', '28', '75', 'XLL', '0', 'N'), ('7f45bf06-ca9b-4587-bcc7-a70584605a43', '54', '28', '75', 'XL', '0', 'N'), ('1826cf61-4f5f-4453-b472-34c257ca36a7', '5', '3', '60', '件', '1', 'Y'), ('9b4cd454-afe4-4841-a24a-14d5424f8575', '1', '1', '41', '新选项值', '0', 'N'), ('c3610c18-7f47-4b23-9aa5-899f189afaba', '6', '3', '60', '套', '1', 'Y'), ('6a9dd8e3-6fb7-4df2-b935-425d8808db28', '12', '7', '60', '红色', '0', 'Y'), ('3e3074bc-290d-4e70-93f4-64fe0d47e78b', '15', '7', '60', '绿色', '0', 'Y'), ('b7e5a54f-9f69-441d-8e42-e1ebbd28373e', '19', '11', '60', 'C款', '0', 'N'), ('a44a51ed-0d61-4ad7-8668-553110847182', '30', '9', '60', '绿色', '0', 'N'), ('876e1169-3b6f-4907-947b-27818073e1a6', '34', '14', '60', '老人', '0', 'N'), ('42ae3917-2e35-4b64-8056-bc3257f83f5d', '37', '16', '61', '蓝色', '0', 'N'), ('cf1d3f4a-b1a7-4f87-8ea5-bddd2b4f2e7d', '42', '21', '74', 'A', '1', 'N'), ('4186db42-62d3-4be6-b0e8-66d7120f5fba', '51', '27', '75', '红色', '0', 'N'), ('793a6425-bf56-45ec-a293-e7882b9cd9ce', '55', '26', '75', 'A', '0', 'N'), ('5be4075a-1903-49e6-8058-20d97225ed0e', '56', '26', '75', 'B', '0', 'N'), ('cd0df323-7c9b-4c7a-859f-dc7348fbe029', '10', '5', '60', 'XL', '0', 'Y'), ('8caaa49d-009c-48e0-90f7-80c78b509ba6', '14', '5', '60', 'L', '0', 'Y'), ('bce66156-15ee-4b16-90c1-685f44c85ec6', '3', '1', '41', '新选项值', '0', 'N'), ('bddbb7f4-0bbe-4610-853e-8f5d6b5dccf3', '21', '13', '60', 'B风格', '0', 'N'), ('c4785c80-9c97-4733-a520-2e6268bcda23', '27', '10', '60', 'XXL', '0', 'N'), ('bb1097ea-06bd-44a6-b705-c46e6e4ee0e1', '31', '9', '60', '蓝色', '0', 'N'), ('69640083-e1f3-4b38-b6e5-61236831702f', '40', '19', '41', '绿', '0', 'N'), ('a5a89245-b17f-4836-a50e-ea79d2bc35f2', '41', '21', '74', 'C', '2', 'N'), ('1edba7b2-ae55-4857-a59b-dcf88ec8ac8d', '42', '21', '74', 'B', '5', 'N'), ('91176539-fbd3-4c90-b029-02ca66acc027', '47', '21', '74', '新选项值', '0', 'Y'), ('2dbba6e0-761a-413f-be5c-39a20ff2ecfc', '50', '21', '74', '新选项值', '0', 'Y'), ('5ae24e1f-e0da-45ef-ab0b-2298d7105a9d', '18', '11', '60', 'B款', '0', 'N'), ('fa7f05f2-0af4-4a71-8630-a1cd33c731e7', '23', '13', '60', 'E风格', '0', 'N'), ('a2893021-7b73-44df-ba2d-caed505ba871', '4', '2', '59', '单位', '0', 'N'), ('677134af-a54a-40e5-99dd-f8e440a6c2f3', '9', '6', '60', '蓝色', '0', 'Y'), ('de99aa00-fb44-4280-9460-b24aff93709b', '24', '13', '60', 'D风格', '0', 'N'), ('0735fe5a-f6b8-4822-b896-04f32af06862', '26', '10', '60', 'XL', '0', 'N'), ('67be0513-858d-45f0-a3ff-a6fdb45e237d', '29', '9', '60', '黄色', '0', 'N'), ('66f164f3-3d77-4198-99a3-27e448e2711f', '33', '14', '60', '青年', '0', 'N'), ('7119e36d-cc99-4aea-85bb-7fa291877d29', '35', '15', '60', '2012', '0', 'N'), ('f89320e6-8fb9-4a80-9b46-befd3f555276', '39', '19', '41', '红', '0', 'N'), ('5f8e0208-9d3f-485e-8bf3-5cd5d1fec6f9', '2', '1', '41', '新选项值', '0', 'N'), ('801be51e-c848-436a-b73f-7b696f45fee5', '8', '6', '60', '白色', '0', 'Y'), ('4dabd7ea-0816-4956-ab71-ae9e1483524d', '20', '13', '60', 'C风格', '0', 'N'), ('6e6cf84b-899c-4615-9594-91152b10e66f', '28', '10', '60', 'L', '0', 'N'), ('2831b8e0-bcc0-4d80-9929-a660fc1f2e38', '38', '16', '61', '绿色', '0', 'N');
COMMIT;

-- ----------------------------
-- Table structure for `product_group`
-- ----------------------------
DROP TABLE IF EXISTS `product_group`;
CREATE TABLE `product_group` (
`group_id`  varchar(50) NOT NULL ,
`group_name`  varchar(100) NOT NULL ,
`status`  varchar(20) NOT NULL ,
`is_deleted`  varchar(100) NOT NULL ,
`type`  varchar(10) NOT NULL ,
`mark`  varchar(200) NULL ,
PRIMARY KEY (`group_id`)
)

;

-- ----------------------------
-- Records of PRODUCT_GROUP
-- ----------------------------
BEGIN;
COMMIT;

-- ----------------------------
-- Table structure for `product_group_item`
-- ----------------------------
DROP TABLE IF EXISTS `product_group_item`;
CREATE TABLE `product_group_item` (
`id`  varchar(50) NULL ,
`group_id`  varchar(50) NOT NULL ,
`status`  varchar(20) NOT NULL ,
`spu`  decimal(10,0) NOT NULL ,
PRIMARY KEY (`group_id`)
)

;

-- ----------------------------
-- Records of PRODUCT_GROUP_ITEM
-- ----------------------------
BEGIN;
COMMIT;

-- ----------------------------
-- Table structure for `product_pic`
-- ----------------------------
DROP TABLE IF EXISTS `product_pic`;
CREATE TABLE `product_pic` (
`id`  varchar(50) NOT NULL ,
`spu`  varchar(50) NULL ,
`pic_id`  varchar(50) NULL ,
`type`  varchar(50) NOT NULL COMMENT 'main,normal,detail' ,
`od`  varchar(50) NOT NULL ,
PRIMARY KEY (`id`)
)

;

-- ----------------------------
-- Records of PRODUCT_PIC
-- ----------------------------
BEGIN;
INSERT INTO `product_pic` VALUES ('20867f7232a94812912b4a4aab0ae60b', '31ba23ae-5b22-48ba-b8cf-ca12b880f467', 'ECB8120973A783F610B861A3CCCD0ECB', 'prod', '1'), ('88d6599787fe4aec9f0db2a837e436f1', '31ba23ae-5b22-48ba-b8cf-ca12b880f467', 'ECB8120973A783F610B861A3CCCD0ECB', 'prod', '1'), ('5aed277438bd47648344f348420822ae', '31ba23ae-5b22-48ba-b8cf-ca12b880f467', 'ECB8120973A783F610B861A3CCCD0ECB', 'prod', '1'), ('bd113be587a442adbf4ab263b18fc8fc', '4ab118d6-570c-4899-9c57-9d7f1820266f', 'ECB8120973A783F610B861A3CCCD0ECB', 'prod', '1'), ('306a36cb14a54dc886a91f744c5b6267', 'f02ec074-188e-4db0-9423-2e3ee470ba6e', 'ECB8120973A783F610B861A3CCCD0ECB', 'prod', '1'), ('0a9d91824ea34224bd9448d4c143a49e', 'f02ec074-188e-4db0-9423-2e3ee470ba6e', '64EB3E4807F6E6603925E186342C1402', 'prod', '1'), ('17fae8e26bcf4e619f290062565610ee', '34288b28-5849-42d2-a976-8f33f35a58f9', 'ECB8120973A783F610B861A3CCCD0ECB', 'prod', '1'), ('7e79e90d222145afa650434c94e2e783', '2783a434-e6e2-417c-8301-5dc1528f7ab0', 'ECB8120973A783F610B861A3CCCD0ECB', 'prod', '1'), ('bbf77fc68c774cc0a3db029022cff46b', '2783a434-e6e2-417c-8301-5dc1528f7ab0', 'ECB8120973A783F610B861A3CCCD0ECB', 'prod', '1'), ('4036d101e1804618be0c9f16619b83fc', 'a36bd8fc-f057-40d3-9ee1-2c96bed926e5', 'ECB8120973A783F610B861A3CCCD0ECB', 'prod', '1'), ('40a73d3ebacd4d618a766c72ceb35534', 'a36bd8fc-f057-40d3-9ee1-2c96bed926e5', 'ECB8120973A783F610B861A3CCCD0ECB', 'prod', '1'), ('3b60a57773da4f9cb3285ceddcc463f5', null, 'ECB8120973A783F610B861A3CCCD0ECB', 'prod', '1'), ('7a3ec19db6d54f00b8bc44117913ff43', null, 'ECB8120973A783F610B861A3CCCD0ECB', 'prod', '1'), ('05e13c28640341e4a563dda93b8270eb', 'd088d172-dadc-4a3b-aa58-ea8589964bb7', 'ECB8120973A783F610B861A3CCCD0ECB', 'prod', '1'), ('40391e1178e74f9d975c6abd2dc42200', 'cc57dbaf-9eb4-4c15-b40b-778ee7cee212', 'ECB8120973A783F610B861A3CCCD0ECB', 'prod', '1'), ('e4939243f0e94cb5812dc4287c566965', 'd088d172-dadc-4a3b-aa58-ea8589964bb7', 'ECB8120973A783F610B861A3CCCD0ECB', 'prod', '1'), ('7cc26ab9fdaa4a0aba84d086c23a9e01', 'd088d172-dadc-4a3b-aa58-ea8589964bb7', 'ECB8120973A783F610B861A3CCCD0ECB', 'prod', '1'), ('5cdf09347e614891a0495dd5528f0c89', '6ca0c8a2-04d8-4b21-b5b0-13519b4bf7b5', '02B4A45941330B3D256464096EEC7378', 'prod', '1'), ('9a398730237043e49da79273f077860a', '6ca0c8a2-04d8-4b21-b5b0-13519b4bf7b5', '6215E06802909A22A41F53A0FA634781', 'prod', '1'), ('8fbd141e89d44ac4bdbc8ea1f4919252', null, 'ECB8120973A783F610B861A3CCCD0ECB', 'prod', '1'), ('864652a5f1474b8ea7824480b8429c25', 'ed17a67e-63aa-41d4-8589-cb88e84d72c9', 'ECB8120973A783F610B861A3CCCD0ECB', 'prod', '1'), ('9ed633b527324d25827e1c94edb18636', 'ed17a67e-63aa-41d4-8589-cb88e84d72c9', 'ECB8120973A783F610B861A3CCCD0ECB', 'prod', '1'), ('af26b61a234840afa320546b764050cd', 'ed17a67e-63aa-41d4-8589-cb88e84d72c9', 'ECB8120973A783F610B861A3CCCD0ECB', 'prod', '1'), ('3511d0ad2fd74ac186593308ccbcba2a', '9a17036e-9e9e-4d5b-b543-ed413235d67a', 'FF2DBFB6AB7D3267AB09183E66828A29', 'prod', '1');
COMMIT;

-- ----------------------------
-- Table structure for `product_shopping`
-- ----------------------------
DROP TABLE IF EXISTS `product_shopping`;
CREATE TABLE `product_shopping` (
`id`  varchar(100) NULL ,
`user_id`  varchar(50) NULL 
)

;

-- ----------------------------
-- Records of PRODUCT_SHOPPING
-- ----------------------------
BEGIN;
COMMIT;

-- ----------------------------
-- Table structure for `product_sku`
-- ----------------------------
DROP TABLE IF EXISTS `product_sku`;
CREATE TABLE `product_sku` (
`sku`  varchar(50) NOT NULL ,
`spu`  varchar(50) NULL COMMENT 'sku 很少变动' ,
`sku_uuid`  text NULL ,
`code`  text NULL ,
`price`  decimal(10,0) NULL ,
`stock`  decimal(10,0) NULL ,
`is_off`  char(1) NULL ,
PRIMARY KEY (`sku`)
)

;

-- ----------------------------
-- Records of PRODUCT_SKU
-- ----------------------------
BEGIN;
INSERT INTO `product_sku` VALUES ('28a6c031-d45d-4f75-868d-31afbc25139f', '4d3363c2-2e22-4cfa-b7ea-e60eb4904c34', '29,25', null, '2', '2', 'N'), ('6859486c-5fad-42fc-8037-c341237ce98a', '4d3363c2-2e22-4cfa-b7ea-e60eb4904c34', '31,26', null, '2', '1', 'N'), ('a5bf2dd7-ddef-4b24-97c6-a25140ecbf48', '38d6e589-60ff-44d0-8eca-d98eeec39851', '30,25', null, '1', '2', 'N'), ('8db0e9e8-8308-4e4e-af8e-ee3f123035b5', 'eaaa6be3-a700-4eb4-a3cd-d19a0b497c33', '30,28', null, '1', '2', 'N'), ('b551eff2-b55c-4b49-9797-d4efb2b6657b', 'fbd9d68f-3bb8-4def-833d-a6cb697205ba', '30,28', null, '1', '-1', 'N'), ('1813120fae474575a5fbec2c2f9afb7b', '6da349c9-9cee-4b18-9a7a-f0872752a611', '30,25', '12', '12', '1', 'N'), ('2173847e-7162-4b48-af06-8e8c55b473fd', '58b50d5c-b85a-48a5-a6a7-164083bc4b7e', '30,25', null, '12', '1', 'N'), ('4b9bf091a22c4b009e6f3cd322f53a3a', '99a55a11-88b3-4318-9c1d-9dadca1d98a5', '29,25', null, '1', '1', 'N'), ('afd2f325d25044a2ad10f2183fe6adcd', '99a55a11-88b3-4318-9c1d-9dadca1d98a5', '29,28', null, '2', '1', 'N'), ('25bd722e318d49e2ac921a45a0bd1446', '99a55a11-88b3-4318-9c1d-9dadca1d98a5', '30,25', null, '3', '2', 'N'), ('61b48d2c27304bf8bdc25df2eb07430d', '99a55a11-88b3-4318-9c1d-9dadca1d98a5', '30,28', null, '1', '3', 'N'), ('5c06f1564883474cb9cfff4b5633b351', 'f09fb6e6-d75f-42d3-8fb2-ae94067e0ca4', '25', null, '1', '2', 'N'), ('9330264644ea4dcea500d2f599cc603a', '4ab118d6-570c-4899-9c57-9d7f1820266f', '52', null, '1', '2', 'N'), ('04c0a02ad47542839c4ff0e61c73fd20', '31ba23ae-5b22-48ba-b8cf-ca12b880f467', '51,52', null, '1', '2', 'N'), ('084e57105af844fd9984683a3c033888', 'd088d172-dadc-4a3b-aa58-ea8589964bb7', '30,25', '1', '12', '44', 'N'), ('2bed901df9a4497588421dfafcdc66a2', 'd088d172-dadc-4a3b-aa58-ea8589964bb7', '30,26', '2', '13', '23', 'N'), ('4bc264b146934b388eff3a410a3a98a9', 'd088d172-dadc-4a3b-aa58-ea8589964bb7', '29,25', '3', '14', '23', 'N'), ('4160f4eb271447c0acf7034f3e22502f', 'd088d172-dadc-4a3b-aa58-ea8589964bb7', '29,26', '4', '15', '26', 'N'), ('291416fe3f9943c0b159609ec98bde52', 'a36bd8fc-f057-40d3-9ee1-2c96bed926e5', '30,25', '1', '12', '108', 'N'), ('f8d209cf6b0c48edb6daabec7ceccd86', 'a36bd8fc-f057-40d3-9ee1-2c96bed926e5', '30,26', '2', '12', '1110', 'N'), ('cfd1f329068949d7b6dc5096642917ef', 'a36bd8fc-f057-40d3-9ee1-2c96bed926e5', '30,28', '3', '12', '1109', 'N'), ('6be19b78-9408-4329-9899-5da3cb4a3a06', '4d3363c2-2e22-4cfa-b7ea-e60eb4904c34', '30,25', null, '2', '1', 'N'), ('dbd976e5-5810-4aa1-8142-57d283905523', '4d3363c2-2e22-4cfa-b7ea-e60eb4904c34', '29,28', null, '1', '1', 'N'), ('985269f7-a700-4b52-a72c-9fa1e08e7af3', 'fbd9d68f-3bb8-4def-833d-a6cb697205ba', '30,25', null, '2', '3', 'N'), ('b082794a-3c56-443e-995a-8ef25cf2870e', 'e37e959f-b1e0-4e54-ac59-2a429a694699', '30', null, '12', '2', 'N'), ('b5857dd8-7f04-44eb-afa6-9fd3486077a9', '77e86b59-9f58-4ee9-bd73-b45ec4d71b1d', '29,25', null, '12', '-20', 'N'), ('38e52da4-9f4f-47cc-a050-6d59432132ce', 'd508d4fd-666a-4cd7-882b-8b77c7aa98a1', '30,25', null, '1', '1', 'N'), ('1d11fbad-aaf2-48e9-babd-b27bf1072815', 'e9670a0a-dbd4-43c0-a2e4-b271448664ba', '36', '12', '1', '2', 'N'), ('9e607bfc-c1bf-4542-8f24-3791e10f8580', '68b2596d-bf15-4091-9dcb-5c1946e16c31', '29,28', null, '2', '4', 'N'), ('3c7eaaf6-6031-43a3-ab88-f00ba0e5d90c', '21266cde-dd92-46f7-a960-0ab76de4f121', '25', null, '1', '1', 'N'), ('5bf314e450db4fd29c8472193ad706ef', '9924c503-2604-4701-b190-373c6300fe2e', '39', null, '23', '23', 'N'), ('53fbe6c77415495ca30082906b744063', '379c8f33-74a6-473c-8e31-b9800f288ea6', '51,52', '1', '1', '2', 'N'), ('5f323b70063040228e17865ff5d09dd1', '379c8f33-74a6-473c-8e31-b9800f288ea6', '51,54', '2', '2', '1', 'N'), ('62be65b6-2089-41e4-af23-9c0eb7087bc8', '4d3363c2-2e22-4cfa-b7ea-e60eb4904c34', '30,28', null, '2', '2', 'N'), ('118dc934-556a-43e3-8ef2-40375a96cb41', '4d3363c2-2e22-4cfa-b7ea-e60eb4904c34', '29,26', null, '2', '4', 'N'), ('b23de9c2-d48e-48b6-9ec0-0f73846b8638', '2783a434-e6e2-417c-8301-5dc1528f7ab0', '30,25', null, '12', '2', 'N'), ('678c35bf-bc21-4deb-bd28-e0aedd82d857', 'a8cf7844-7c57-4130-ab29-ee23677a5098', '30', null, '112', '212', 'N'), ('ef9cd037-10a2-4c1a-a4b0-1a0bc9f3e3dc', '77e86b59-9f58-4ee9-bd73-b45ec4d71b1d', '30,25', null, '2', '23', 'N'), ('19f222e2-6965-4ca4-b830-f63dd9909536', 'd508d4fd-666a-4cd7-882b-8b77c7aa98a1', '29,25', null, '4', '3', 'N'), ('211c532c-0f0a-4c1f-9f9f-d2dd7b7f92f7', 'df3cc720-dca0-4a57-9df2-8d68e188666d', '30,28', null, '2', '1', 'N'), ('8038251e-8a1d-4dfa-b6c4-139e4ecf29d2', '7a628a37-f478-4c38-8ba0-2a0eeb63a912', '30,25', null, '1', '2', 'N'), ('af9ef42b37774c28ac994e2d79669dcc', '1639dd7b-6114-4efc-9d70-6f023ae45d42', '39', '1', '1', '1', 'N'), ('0e7eef386ea14d2aa84631a6ac812a51', '1639dd7b-6114-4efc-9d70-6f023ae45d42', '40', '1', '2', '2', 'N'), ('47d25d8112e94781afb62e7350e19942', '34288b28-5849-42d2-a976-8f33f35a58f9', '51,52', null, '-8', '1', 'N'), ('6aa96c96-809e-43d8-b530-ebe1fb2ca5b4', '4d3363c2-2e22-4cfa-b7ea-e60eb4904c34', '31,25', null, '1', '3', 'N'), ('964ad96c-15bc-4476-85cc-2e84ec8b6ea5', '68b2596d-bf15-4091-9dcb-5c1946e16c31', '30,25', null, '1', '1', 'N'), ('9708fb6f-c331-4a07-9104-4edb4eee938a', 'a569127d-fef7-4d59-93ae-f0bbcbb8b037', '30,25', null, '12', '3', 'N'), ('e8d26ffa-ff9b-416d-8384-aabb79b6ce9b', '77e86b59-9f58-4ee9-bd73-b45ec4d71b1d', '31,25', null, '1', '23', 'N'), ('7f6e017f-15ec-4500-8c33-7737f6fa575b', 'd508d4fd-666a-4cd7-882b-8b77c7aa98a1', '30,28', null, '2', '2', 'N'), ('5deeb42f-d5de-4b90-9b83-8c13f5a3da39', 'f82e4f28-1f32-43e6-a13b-dd068eac79ca', '30,25', null, '12', '110', 'N'), ('8ad7b1bd-8849-40e2-a69f-005dd13888aa', '68b2596d-bf15-4091-9dcb-5c1946e16c31', '29,25', null, '2', '3', 'N'), ('078e446f-37ca-45ff-8869-81b0cd200459', '35f8cede-8aa4-4c48-86b0-b50f3aa4578f', '30,25', null, '1', '2', 'N'), ('016925b38037412caa85e17efb82363d', 'f02ec074-188e-4db0-9423-2e3ee470ba6e', '30,25', '1', '12', '12', 'N'), ('f0f5480497ff4a17ba179142100556f9', 'f02ec074-188e-4db0-9423-2e3ee470ba6e', '30,28', '2', '12', '12', 'N'), ('b851e75c725247289d7fd4cbae83ae5d', 'f02ec074-188e-4db0-9423-2e3ee470ba6e', '29,25', '3', '12', '12', 'N'), ('f7337af6350643eab85565fa27a1fd84', 'f02ec074-188e-4db0-9423-2e3ee470ba6e', '29,28', '4', '12', '10', 'N'), ('6057117b736a454db2387204f5e49ebf', 'cc57dbaf-9eb4-4c15-b40b-778ee7cee212', '30,25', null, '1', '2', 'N'), ('de679ba3a56a4c679df6a8d7d99ff951', 'cc57dbaf-9eb4-4c15-b40b-778ee7cee212', '30,28', null, '1', '2', 'N'), ('c150a7aa49794edb866792d760c3096e', '6ca0c8a2-04d8-4b21-b5b0-13519b4bf7b5', '30,25', '1', '1212', '3213', 'N'), ('7fee6e23ce2f44599fbddd57bfdf00fb', '6ca0c8a2-04d8-4b21-b5b0-13519b4bf7b5', '30,28', '2', '5245', '123', 'N'), ('80a521909d8e45c1bb4df298ff8cbf9d', '6ca0c8a2-04d8-4b21-b5b0-13519b4bf7b5', '31,25', '3', '2132', '1324', 'N'), ('200e1c597e2d4eca9bc3d975a1d944bc', '6ca0c8a2-04d8-4b21-b5b0-13519b4bf7b5', '31,28', '4', '13', '134', 'N'), ('8bd69910-e237-481d-9859-694ffacbdd68', '4d3363c2-2e22-4cfa-b7ea-e60eb4904c34', '30,26', null, '32', '1', 'N'), ('75b67dba-0917-43b0-a8ba-1912f93dc919', '4d3363c2-2e22-4cfa-b7ea-e60eb4904c34', '31,28', null, '1', '2', 'N'), ('c1ab4e08-628a-4a68-91e8-56ef0345d4c1', 'f5feb8ea-7ca3-4b1a-ad56-a533bf7662bc', '30,25', null, '12', '1150', 'N'), ('814e7203-374d-4654-98e1-b136f7e7276c', '68b2596d-bf15-4091-9dcb-5c1946e16c31', '30,28', null, '2', '2', 'N'), ('09259097-2dbe-4425-a468-9cfa72960b92', 'd508d4fd-666a-4cd7-882b-8b77c7aa98a1', '29,28', null, '1', '4', 'N'), ('bd3f3c2d-eee4-4f5c-8697-70da0cbe3b4b', '0d5b1801-62d3-4a87-bbaa-dc6538c497d0', '30', null, '1', '2', 'N'), ('78dc68e4-5ed3-4042-b1b5-6784d4ac5be4', 'e9670a0a-dbd4-43c0-a2e4-b271448664ba', '38', null, '2', '-38', 'N'), ('286cf0b0-0582-4834-abd8-e4e8c005e937', 'e353b45a-f7ff-41f8-a3d5-e56325e42243', '30', null, '1', '2', 'N'), ('ce6c03426aaf4cd593388d369a54fc23', '20c76582-4715-451b-a493-302a04669113', '52', null, '1', '2', 'N'), ('f815a3a401d74b54bed69132af694bdb', 'ed17a67e-63aa-41d4-8589-cb88e84d72c9', '30,25', '1', '112', '4', 'N'), ('ebaad51247a449fd8ea24e13dd3b8903', 'ed17a67e-63aa-41d4-8589-cb88e84d72c9', '30,28', '12', '12', '0', 'N'), ('2c46d7f56ad142e9876880a1f7d10d3f', '9a17036e-9e9e-4d5b-b543-ed413235d67a', '30', '12', '12', '1212', 'N');
COMMIT;

-- ----------------------------
-- Table structure for `product_sku_map`
-- ----------------------------
DROP TABLE IF EXISTS `product_sku_map`;
CREATE TABLE `product_sku_map` (
`id`  varchar(50) NOT NULL ,
`spu`  varchar(50) NULL ,
`sku`  varchar(50) NULL ,
`attr_set_id`  decimal(10,0) NULL ,
PRIMARY KEY (`id`)
)

;

-- ----------------------------
-- Records of PRODUCT_SKU_MAP
-- ----------------------------
BEGIN;
INSERT INTO `product_sku_map` VALUES ('13f1ffb8-5028-4b85-afdf-2244a73c57ac', '4d3363c2-2e22-4cfa-b7ea-e60eb4904c34', '8bd69910-e237-481d-9859-694ffacbdd68', '26'), ('54621251-a867-4d67-8416-8292eeaa8b9e', '4d3363c2-2e22-4cfa-b7ea-e60eb4904c34', '118dc934-556a-43e3-8ef2-40375a96cb41', '29'), ('4c41b070-2d8d-4ae0-9f2d-7a32cd02ae89', '4d3363c2-2e22-4cfa-b7ea-e60eb4904c34', '6aa96c96-809e-43d8-b530-ebe1fb2ca5b4', '31'), ('3e2cdd07-9880-4260-9e47-136794649542', '4d3363c2-2e22-4cfa-b7ea-e60eb4904c34', '6859486c-5fad-42fc-8037-c341237ce98a', '26'), ('8e17e62d-55fd-4993-9271-24c896dc205a', 'f5feb8ea-7ca3-4b1a-ad56-a533bf7662bc', 'c1ab4e08-628a-4a68-91e8-56ef0345d4c1', '25'), ('c0e880d9-44d8-4385-a96b-6752dbe9de9b', '68b2596d-bf15-4091-9dcb-5c1946e16c31', '814e7203-374d-4654-98e1-b136f7e7276c', '28'), ('3dffb9e1-ce2e-4dc2-9ae8-a9d595528e90', '68b2596d-bf15-4091-9dcb-5c1946e16c31', '9e607bfc-c1bf-4542-8f24-3791e10f8580', '28'), ('0a905407-d69e-4a71-84c1-0c01bda792a6', '2783a434-e6e2-417c-8301-5dc1528f7ab0', 'b23de9c2-d48e-48b6-9ec0-0f73846b8638', '30'), ('b0c1f165-055a-460a-9355-206e6db0f903', 'a569127d-fef7-4d59-93ae-f0bbcbb8b037', '9708fb6f-c331-4a07-9104-4edb4eee938a', '25'), ('2e1c2b4d-64af-47fe-86ee-5f6108d963d6', '77e86b59-9f58-4ee9-bd73-b45ec4d71b1d', 'b5857dd8-7f04-44eb-afa6-9fd3486077a9', '25'), ('af5be627-4c74-4392-b42d-03c8a89a03eb', 'd508d4fd-666a-4cd7-882b-8b77c7aa98a1', '38e52da4-9f4f-47cc-a050-6d59432132ce', '30'), ('aeb4047a-7cdd-4e39-b44d-f76ebafab984', 'd508d4fd-666a-4cd7-882b-8b77c7aa98a1', '19f222e2-6965-4ca4-b830-f63dd9909536', '25'), ('b4e8528f-fc17-4ecd-b28f-aeebfde0397c', '38d6e589-60ff-44d0-8eca-d98eeec39851', 'a5bf2dd7-ddef-4b24-97c6-a25140ecbf48', '30'), ('3f9179cc-3eb5-4acf-8364-b73bcea60cd8', '38d6e589-60ff-44d0-8eca-d98eeec39851', 'a5bf2dd7-ddef-4b24-97c6-a25140ecbf48', '25'), ('903b50caeda5431f99db65010ec7dae7', '6da349c9-9cee-4b18-9a7a-f0872752a611', '1813120fae474575a5fbec2c2f9afb7b', '30'), ('f4c6fa36-6a42-45d7-bdee-d7b4eb3425a1', '58b50d5c-b85a-48a5-a6a7-164083bc4b7e', '2173847e-7162-4b48-af06-8e8c55b473fd', '30'), ('a1e3d009-2160-44d2-b63e-cdcee50a3226', '58b50d5c-b85a-48a5-a6a7-164083bc4b7e', '2173847e-7162-4b48-af06-8e8c55b473fd', '25'), ('1510d02e11a541afb3be1a2aacdc0696', '99a55a11-88b3-4318-9c1d-9dadca1d98a5', '4b9bf091a22c4b009e6f3cd322f53a3a', '29'), ('0b66e456b74d4f35b5408f424f992e57', '99a55a11-88b3-4318-9c1d-9dadca1d98a5', '4b9bf091a22c4b009e6f3cd322f53a3a', '25'), ('0a5dcdfbb4f04546b47d0a364e293c16', '99a55a11-88b3-4318-9c1d-9dadca1d98a5', 'afd2f325d25044a2ad10f2183fe6adcd', '29'), ('572401f2ca2c41f082e790094631d7dc', '99a55a11-88b3-4318-9c1d-9dadca1d98a5', 'afd2f325d25044a2ad10f2183fe6adcd', '28'), ('881edacd50c443b1b73f51c00a8d4020', '99a55a11-88b3-4318-9c1d-9dadca1d98a5', '25bd722e318d49e2ac921a45a0bd1446', '30'), ('12e850b09768417ab26f963d49dc2435', '99a55a11-88b3-4318-9c1d-9dadca1d98a5', '25bd722e318d49e2ac921a45a0bd1446', '25'), ('ac3a9807579b4468a4adcfc69043b916', '99a55a11-88b3-4318-9c1d-9dadca1d98a5', '61b48d2c27304bf8bdc25df2eb07430d', '30'), ('5e81c5d45f32485ebffa77dc55db7aa6', '99a55a11-88b3-4318-9c1d-9dadca1d98a5', '61b48d2c27304bf8bdc25df2eb07430d', '28'), ('59f18c0e846c445ba340e7633f8913a9', 'f09fb6e6-d75f-42d3-8fb2-ae94067e0ca4', '5c06f1564883474cb9cfff4b5633b351', '25'), ('b597871238fd42558db484de6e45cf98', '6da349c9-9cee-4b18-9a7a-f0872752a611', '1813120fae474575a5fbec2c2f9afb7b', '25'), ('01a67bd37a114b37ab5dd757ea7dedba', '4ab118d6-570c-4899-9c57-9d7f1820266f', '9330264644ea4dcea500d2f599cc603a', '52'), ('7b18096a4dd34e49ab06b540b935626d', '31ba23ae-5b22-48ba-b8cf-ca12b880f467', '04c0a02ad47542839c4ff0e61c73fd20', '51'), ('6cefd5ae596a44f78f0e0664a3081fc7', '31ba23ae-5b22-48ba-b8cf-ca12b880f467', '04c0a02ad47542839c4ff0e61c73fd20', '52'), ('fe11881366d848d2b4fc15509fd14a3a', 'd088d172-dadc-4a3b-aa58-ea8589964bb7', '084e57105af844fd9984683a3c033888', '30'), ('b4f011f99e044e7a8c8491f8392e8702', 'd088d172-dadc-4a3b-aa58-ea8589964bb7', '084e57105af844fd9984683a3c033888', '25'), ('c9b6abc99146445fa5cbc03731b111da', 'd088d172-dadc-4a3b-aa58-ea8589964bb7', '2bed901df9a4497588421dfafcdc66a2', '30'), ('459de77e9f09491ea05c5124d4564c3e', 'd088d172-dadc-4a3b-aa58-ea8589964bb7', '2bed901df9a4497588421dfafcdc66a2', '26'), ('c6fb4d78da504246b5766fbff32456c5', 'd088d172-dadc-4a3b-aa58-ea8589964bb7', '4bc264b146934b388eff3a410a3a98a9', '29'), ('51b1e9edc07f47d793169f56dab10c8e', 'd088d172-dadc-4a3b-aa58-ea8589964bb7', '4bc264b146934b388eff3a410a3a98a9', '25'), ('8abeeea49d3a44f1ac80c873868337c6', 'd088d172-dadc-4a3b-aa58-ea8589964bb7', '4160f4eb271447c0acf7034f3e22502f', '29'), ('9e8edb6b89c14eae84c1f09d58324da9', 'd088d172-dadc-4a3b-aa58-ea8589964bb7', '4160f4eb271447c0acf7034f3e22502f', '26'), ('0c02bf26b1ae41f1b85c2061dc3cf287', 'a36bd8fc-f057-40d3-9ee1-2c96bed926e5', '291416fe3f9943c0b159609ec98bde52', '30'), ('7f1264264d154deb8931d7ad6a8bb3ef', 'a36bd8fc-f057-40d3-9ee1-2c96bed926e5', '291416fe3f9943c0b159609ec98bde52', '25'), ('094824731c0a48548c0b301f7d027377', 'a36bd8fc-f057-40d3-9ee1-2c96bed926e5', 'f8d209cf6b0c48edb6daabec7ceccd86', '30'), ('7791785678454175a168e0bfc06d2ce8', 'a36bd8fc-f057-40d3-9ee1-2c96bed926e5', 'f8d209cf6b0c48edb6daabec7ceccd86', '26'), ('e0d3047a83f64be489c5bd482b13af4f', 'a36bd8fc-f057-40d3-9ee1-2c96bed926e5', 'cfd1f329068949d7b6dc5096642917ef', '30'), ('f3d0fcdb5d4f4f9da5ffe2d4d14344fc', 'a36bd8fc-f057-40d3-9ee1-2c96bed926e5', 'cfd1f329068949d7b6dc5096642917ef', '28'), ('5d7fb3e7-5bfc-4f4c-a638-3ed2c3952284', '4d3363c2-2e22-4cfa-b7ea-e60eb4904c34', '6be19b78-9408-4329-9899-5da3cb4a3a06', '30'), ('9a764386-8feb-47d8-9953-3c5712c67264', '4d3363c2-2e22-4cfa-b7ea-e60eb4904c34', '28a6c031-d45d-4f75-868d-31afbc25139f', '29'), ('056e1724-52b9-44ce-af91-ade3076c5ecf', '4d3363c2-2e22-4cfa-b7ea-e60eb4904c34', '6aa96c96-809e-43d8-b530-ebe1fb2ca5b4', '25'), ('eb93010d-82bb-44c9-98e1-9448bdd97966', '2783a434-e6e2-417c-8301-5dc1528f7ab0', 'b23de9c2-d48e-48b6-9ec0-0f73846b8638', '25'), ('e462437a-a23a-4402-a550-d18e876ee93d', '68b2596d-bf15-4091-9dcb-5c1946e16c31', '964ad96c-15bc-4476-85cc-2e84ec8b6ea5', '30'), ('a5f2a7ac-d378-4e98-83d6-9ceda151dce6', '68b2596d-bf15-4091-9dcb-5c1946e16c31', '8ad7b1bd-8849-40e2-a69f-005dd13888aa', '25'), ('12b19fff-7bea-406b-b5cd-359937751824', '77e86b59-9f58-4ee9-bd73-b45ec4d71b1d', 'ef9cd037-10a2-4c1a-a4b0-1a0bc9f3e3dc', '25'), ('a51af1a1-d887-4bff-91ec-28391cd00437', 'd508d4fd-666a-4cd7-882b-8b77c7aa98a1', '38e52da4-9f4f-47cc-a050-6d59432132ce', '25'), ('71ab540c-a549-4ce7-ad99-0c5d89f4cd42', 'd508d4fd-666a-4cd7-882b-8b77c7aa98a1', '09259097-2dbe-4425-a468-9cfa72960b92', '29'), ('ada4ca1d-9b40-45d7-89e9-0e688a019d0d', 'fbd9d68f-3bb8-4def-833d-a6cb697205ba', 'b551eff2-b55c-4b49-9797-d4efb2b6657b', '30'), ('5b2ce1a3-49d2-4be7-a524-d3786e8917c9', 'f82e4f28-1f32-43e6-a13b-dd068eac79ca', '5deeb42f-d5de-4b90-9b83-8c13f5a3da39', '30'), ('4bc76928-0219-49a0-b21c-932764d6a882', 'f82e4f28-1f32-43e6-a13b-dd068eac79ca', '5deeb42f-d5de-4b90-9b83-8c13f5a3da39', '25'), ('0b45cc6d-f52c-48c8-8b40-b0899a313181', '21266cde-dd92-46f7-a960-0ab76de4f121', '3c7eaaf6-6031-43a3-ab88-f00ba0e5d90c', '25'), ('2432144b5b004142a11643f5c7b5d1b9', '9924c503-2604-4701-b190-373c6300fe2e', '5bf314e450db4fd29c8472193ad706ef', '39'), ('9f8f4d9fd015493a8a826e5dff42bc9e', '379c8f33-74a6-473c-8e31-b9800f288ea6', '53fbe6c77415495ca30082906b744063', '51'), ('8a2c95285e594ffa9402a9b6bae2e673', '379c8f33-74a6-473c-8e31-b9800f288ea6', '53fbe6c77415495ca30082906b744063', '52'), ('b92245e846d04d0289ba7b2ba804811e', '379c8f33-74a6-473c-8e31-b9800f288ea6', '5f323b70063040228e17865ff5d09dd1', '51'), ('0f79e7fc8aa14fa490fb8837705a1e22', '379c8f33-74a6-473c-8e31-b9800f288ea6', '5f323b70063040228e17865ff5d09dd1', '54'), ('fa1b3a6e-f5b8-4700-93f5-175f148f2d21', '4d3363c2-2e22-4cfa-b7ea-e60eb4904c34', '6be19b78-9408-4329-9899-5da3cb4a3a06', '25'), ('e28e0bcc-a680-4d61-ad54-4e5085821329', '4d3363c2-2e22-4cfa-b7ea-e60eb4904c34', '28a6c031-d45d-4f75-868d-31afbc25139f', '25'), ('68872021-7fea-49f9-b771-5c762da686a6', '4d3363c2-2e22-4cfa-b7ea-e60eb4904c34', '75b67dba-0917-43b0-a8ba-1912f93dc919', '31'), ('7460c505-949b-4564-a508-c6d6aad55c84', '68b2596d-bf15-4091-9dcb-5c1946e16c31', '964ad96c-15bc-4476-85cc-2e84ec8b6ea5', '25'), ('260f8e84-a3c5-4cbc-91a3-962df74049a1', '68b2596d-bf15-4091-9dcb-5c1946e16c31', '8ad7b1bd-8849-40e2-a69f-005dd13888aa', '29'), ('1cbca2ce-4332-4c2e-825b-7cf519ba6f7e', 'fbd9d68f-3bb8-4def-833d-a6cb697205ba', 'b551eff2-b55c-4b49-9797-d4efb2b6657b', '28'), ('1e74306e-c8ca-4e9c-838e-3435112b2d57', '77e86b59-9f58-4ee9-bd73-b45ec4d71b1d', 'ef9cd037-10a2-4c1a-a4b0-1a0bc9f3e3dc', '30'), ('0e50a48d-9557-41cd-bf70-6dc0271d0102', 'd508d4fd-666a-4cd7-882b-8b77c7aa98a1', '7f6e017f-15ec-4500-8c33-7737f6fa575b', '30'), ('bcdf6e7f-a564-40dc-875b-307bc0322048', 'a8cf7844-7c57-4130-ab29-ee23677a5098', '678c35bf-bc21-4deb-bd28-e0aedd82d857', '30'), ('8653bcad-521d-4db3-9cdf-cc4fd8d1535b', 'e9670a0a-dbd4-43c0-a2e4-b271448664ba', '1d11fbad-aaf2-48e9-babd-b27bf1072815', '36'), ('7ff3030d-0a43-455f-8472-5706531f4eec', 'df3cc720-dca0-4a57-9df2-8d68e188666d', '211c532c-0f0a-4c1f-9f9f-d2dd7b7f92f7', '30'), ('d1e37d2e-9f7f-4df7-8ebc-8e631782afb8', 'df3cc720-dca0-4a57-9df2-8d68e188666d', '211c532c-0f0a-4c1f-9f9f-d2dd7b7f92f7', '28'), ('3d6ae4f9-5127-4461-885a-60a4eaabc995', '7a628a37-f478-4c38-8ba0-2a0eeb63a912', '8038251e-8a1d-4dfa-b6c4-139e4ecf29d2', '30'), ('72431b25-bd7c-4173-9967-248de84db933', '7a628a37-f478-4c38-8ba0-2a0eeb63a912', '8038251e-8a1d-4dfa-b6c4-139e4ecf29d2', '25'), ('4cec5a6d115b418a810425158b83d747', '1639dd7b-6114-4efc-9d70-6f023ae45d42', 'af9ef42b37774c28ac994e2d79669dcc', '39'), ('0a12b1a33d974bcdbd5f40c031408b70', '1639dd7b-6114-4efc-9d70-6f023ae45d42', '0e7eef386ea14d2aa84631a6ac812a51', '40'), ('36c0403bddef4eeba0cdc484d92fc1f3', '34288b28-5849-42d2-a976-8f33f35a58f9', '47d25d8112e94781afb62e7350e19942', '51'), ('a599234eb7df464589ae8cc968e6d3c4', '34288b28-5849-42d2-a976-8f33f35a58f9', '47d25d8112e94781afb62e7350e19942', '52'), ('746e9a58-649a-4f2f-bdf9-a5d0ce5c250d', '4d3363c2-2e22-4cfa-b7ea-e60eb4904c34', '62be65b6-2089-41e4-af23-9c0eb7087bc8', '30'), ('08f8cc93-a96d-4392-9c93-7bd5b846680b', '4d3363c2-2e22-4cfa-b7ea-e60eb4904c34', 'dbd976e5-5810-4aa1-8142-57d283905523', '29'), ('0acb7aa4-260d-4d0e-a569-f0a02dc7c7de', '4d3363c2-2e22-4cfa-b7ea-e60eb4904c34', '75b67dba-0917-43b0-a8ba-1912f93dc919', '28'), ('69870e48-0aff-481a-8ab2-c0df9d85f20a', '35f8cede-8aa4-4c48-86b0-b50f3aa4578f', '078e446f-37ca-45ff-8869-81b0cd200459', '30'), ('33e3dddb-4f4e-4a25-afea-db3d0f38ad49', '0d5b1801-62d3-4a87-bbaa-dc6538c497d0', 'bd3f3c2d-eee4-4f5c-8697-70da0cbe3b4b', '30'), ('1c7d56e5-e147-4c29-9b58-a2cbdc596bd5', 'e9670a0a-dbd4-43c0-a2e4-b271448664ba', '78dc68e4-5ed3-4042-b1b5-6784d4ac5be4', '38'), ('76f39c5c-fefa-4869-bcf4-fe1b3703bb0b', 'eaaa6be3-a700-4eb4-a3cd-d19a0b497c33', '8db0e9e8-8308-4e4e-af8e-ee3f123035b5', '30'), ('a56fd780-315d-407d-b824-9723de54f6a6', '77e86b59-9f58-4ee9-bd73-b45ec4d71b1d', 'e8d26ffa-ff9b-416d-8384-aabb79b6ce9b', '31'), ('bb0148b8-4d5b-4e91-911c-ad54637febc0', 'd508d4fd-666a-4cd7-882b-8b77c7aa98a1', '7f6e017f-15ec-4500-8c33-7737f6fa575b', '28'), ('bf87e7ca-937a-4bc6-a75f-8cd552065a9f', 'd508d4fd-666a-4cd7-882b-8b77c7aa98a1', '09259097-2dbe-4425-a468-9cfa72960b92', '28'), ('a8bd5f39-77c7-4554-b3d7-3325c0fe9bc6', 'fbd9d68f-3bb8-4def-833d-a6cb697205ba', '985269f7-a700-4b52-a72c-9fa1e08e7af3', '25'), ('d54f8daa-f384-4c84-af2d-84030e692750', '35f8cede-8aa4-4c48-86b0-b50f3aa4578f', '078e446f-37ca-45ff-8869-81b0cd200459', '25'), ('bcf75cf9aa6b45259873475a21754502', '6ca0c8a2-04d8-4b21-b5b0-13519b4bf7b5', 'c150a7aa49794edb866792d760c3096e', '30'), ('05e0fc6a98f0477f8f06550aab851a00', 'f02ec074-188e-4db0-9423-2e3ee470ba6e', '016925b38037412caa85e17efb82363d', '30'), ('a55165707c88436f9d0b92d514291376', 'f02ec074-188e-4db0-9423-2e3ee470ba6e', '016925b38037412caa85e17efb82363d', '25'), ('d3f465c4685b470090dde1b2e822b922', 'f02ec074-188e-4db0-9423-2e3ee470ba6e', 'f0f5480497ff4a17ba179142100556f9', '30'), ('9f932119d87c4a9d9f8de7c6a85fd7f2', 'f02ec074-188e-4db0-9423-2e3ee470ba6e', 'f0f5480497ff4a17ba179142100556f9', '28'), ('90fa241f352a470e8888e73f0d571e00', 'f02ec074-188e-4db0-9423-2e3ee470ba6e', 'b851e75c725247289d7fd4cbae83ae5d', '29'), ('5df7ef59bdbd43db99598fb8e898901e', 'f02ec074-188e-4db0-9423-2e3ee470ba6e', 'b851e75c725247289d7fd4cbae83ae5d', '25'), ('00874af0e02546b48fbb8a4994c269d0', 'f02ec074-188e-4db0-9423-2e3ee470ba6e', 'f7337af6350643eab85565fa27a1fd84', '29');
INSERT INTO `product_sku_map` VALUES ('4c555b2d8332473c878ee7dd0c81a585', 'cc57dbaf-9eb4-4c15-b40b-778ee7cee212', '6057117b736a454db2387204f5e49ebf', '30'), ('78dea3f4356a4d7ba4b275f9d980b7cc', 'cc57dbaf-9eb4-4c15-b40b-778ee7cee212', '6057117b736a454db2387204f5e49ebf', '25'), ('b0f371890cd247ae946fb0de0c9bce4c', 'cc57dbaf-9eb4-4c15-b40b-778ee7cee212', 'de679ba3a56a4c679df6a8d7d99ff951', '30'), ('c804e25e02154bb5a73e016accdc9678', 'cc57dbaf-9eb4-4c15-b40b-778ee7cee212', 'de679ba3a56a4c679df6a8d7d99ff951', '28'), ('3abd26fabd824ce187490de56024c0fc', '6ca0c8a2-04d8-4b21-b5b0-13519b4bf7b5', 'c150a7aa49794edb866792d760c3096e', '25'), ('f9791373ea694402bb9f8b31150eeb37', 'f02ec074-188e-4db0-9423-2e3ee470ba6e', 'f7337af6350643eab85565fa27a1fd84', '28'), ('4933ca4b9070430fabfa1d0714587006', '6ca0c8a2-04d8-4b21-b5b0-13519b4bf7b5', '7fee6e23ce2f44599fbddd57bfdf00fb', '30'), ('ef09d7a1029440eabb77e59c9dc879d6', '6ca0c8a2-04d8-4b21-b5b0-13519b4bf7b5', '7fee6e23ce2f44599fbddd57bfdf00fb', '28'), ('9bc698e0b62c42e38e7e301a4516d029', '6ca0c8a2-04d8-4b21-b5b0-13519b4bf7b5', '80a521909d8e45c1bb4df298ff8cbf9d', '31'), ('abfa04fc004e4f06ba1c276ec5e6fe67', '6ca0c8a2-04d8-4b21-b5b0-13519b4bf7b5', '80a521909d8e45c1bb4df298ff8cbf9d', '25'), ('cb47c05959224b938edafbf1d78380cd', '6ca0c8a2-04d8-4b21-b5b0-13519b4bf7b5', '200e1c597e2d4eca9bc3d975a1d944bc', '31'), ('a6c7c958b28348169ee6bff644348cf3', '6ca0c8a2-04d8-4b21-b5b0-13519b4bf7b5', '200e1c597e2d4eca9bc3d975a1d944bc', '28'), ('d6ff8f6a-093f-48f8-8b7e-79272bb5f6a9', '4d3363c2-2e22-4cfa-b7ea-e60eb4904c34', '62be65b6-2089-41e4-af23-9c0eb7087bc8', '28'), ('07d9a496-0d73-458c-8cf6-932a490a2c7a', '4d3363c2-2e22-4cfa-b7ea-e60eb4904c34', '8bd69910-e237-481d-9859-694ffacbdd68', '30'), ('d4f570cf-aea0-4c62-929a-2a78b1b8ad34', '4d3363c2-2e22-4cfa-b7ea-e60eb4904c34', 'dbd976e5-5810-4aa1-8142-57d283905523', '28'), ('65861af0-c748-43b1-b3c9-f6813f468777', '4d3363c2-2e22-4cfa-b7ea-e60eb4904c34', '118dc934-556a-43e3-8ef2-40375a96cb41', '26'), ('5da37234-4040-439a-a538-09b8cf759f70', '4d3363c2-2e22-4cfa-b7ea-e60eb4904c34', '6859486c-5fad-42fc-8037-c341237ce98a', '31'), ('b0c82e18-a03f-41bd-aac5-85e9c6ee3b6e', '68b2596d-bf15-4091-9dcb-5c1946e16c31', '9e607bfc-c1bf-4542-8f24-3791e10f8580', '29'), ('e05355f6-1466-4693-9fab-c09b25965981', 'f5feb8ea-7ca3-4b1a-ad56-a533bf7662bc', 'c1ab4e08-628a-4a68-91e8-56ef0345d4c1', '30'), ('ff933ba3-5ea9-4fe1-b605-989950ca3f41', '68b2596d-bf15-4091-9dcb-5c1946e16c31', '814e7203-374d-4654-98e1-b136f7e7276c', '30'), ('89f66c46-1711-4902-b0a8-ee97d0325cbf', 'eaaa6be3-a700-4eb4-a3cd-d19a0b497c33', '8db0e9e8-8308-4e4e-af8e-ee3f123035b5', '28'), ('23428ef8-88f5-4a23-be1c-bcb9c9497aa5', 'a569127d-fef7-4d59-93ae-f0bbcbb8b037', '9708fb6f-c331-4a07-9104-4edb4eee938a', '30'), ('4b6c0303-f436-46e9-b2dc-21936f5afefa', '77e86b59-9f58-4ee9-bd73-b45ec4d71b1d', 'b5857dd8-7f04-44eb-afa6-9fd3486077a9', '29'), ('a1e305e0-1e3a-4f95-9af3-c9985c481d8f', '77e86b59-9f58-4ee9-bd73-b45ec4d71b1d', 'e8d26ffa-ff9b-416d-8384-aabb79b6ce9b', '25'), ('9865148b-ee78-448c-a2bd-eebc2dbfa904', 'd508d4fd-666a-4cd7-882b-8b77c7aa98a1', '19f222e2-6965-4ca4-b830-f63dd9909536', '29'), ('b1c72f05-b9d4-4d0b-8171-e4413409893b', 'fbd9d68f-3bb8-4def-833d-a6cb697205ba', '985269f7-a700-4b52-a72c-9fa1e08e7af3', '30'), ('9e6ac0d5-a8a2-4347-b94f-c4e345cf9a84', 'e37e959f-b1e0-4e54-ac59-2a429a694699', 'b082794a-3c56-443e-995a-8ef25cf2870e', '30'), ('ba16d0b1-f596-476b-b7dd-a495bf07e7d8', 'e353b45a-f7ff-41f8-a3d5-e56325e42243', '286cf0b0-0582-4834-abd8-e4e8c005e937', '30'), ('30f3531ade3a4e1ca47abeb770c27c64', '20c76582-4715-451b-a493-302a04669113', 'ce6c03426aaf4cd593388d369a54fc23', '52'), ('7150bf113d6c474ba5a017c149c16337', 'ed17a67e-63aa-41d4-8589-cb88e84d72c9', 'f815a3a401d74b54bed69132af694bdb', '30'), ('37865ad3e8a14fb4b63176bffd7057fe', 'ed17a67e-63aa-41d4-8589-cb88e84d72c9', 'f815a3a401d74b54bed69132af694bdb', '25'), ('907ca4545f204304ae4b5a75bcef8605', 'ed17a67e-63aa-41d4-8589-cb88e84d72c9', 'ebaad51247a449fd8ea24e13dd3b8903', '30'), ('9809ba3e61cc41fb96f69a518de30d9a', 'ed17a67e-63aa-41d4-8589-cb88e84d72c9', 'ebaad51247a449fd8ea24e13dd3b8903', '28'), ('f2248d294fea44cab4f8921ad90e6981', '9a17036e-9e9e-4d5b-b543-ed413235d67a', '2c46d7f56ad142e9876880a1f7d10d3f', '30');
COMMIT;

-- ----------------------------
-- Table structure for `sys_api`
-- ----------------------------
DROP TABLE IF EXISTS `sys_api`;
CREATE TABLE `sys_api` (
`id`  varchar(50) NOT NULL ,
`ct`  text NULL ,
`ctacl`  varchar(50) NULL ,
`apitype`  varchar(100) NULL ,
`rectime`  datetime NULL ,
`mark`  text NULL ,
`info`  text NULL ,
`type`  varchar(50) NULL ,
PRIMARY KEY (`id`)
)

;

-- ----------------------------
-- Records of SYS_API
-- ----------------------------
BEGIN;
INSERT INTO `sys_api` VALUES ('f656f0c9-647b-4201-a5d0-724f928684b5', '/api/banner/delBannerItem.do', 'allow', 'url', '2018-03-16 13:59:58', null, '删除横幅条目', 'api'), ('ea3c23e2-dd57-41d7-80ed-e11e19d894c9', '/api/banner/queryBannerItems.do', 'allow', 'url', '2018-03-16 13:59:59', null, '查询横幅', 'api'), ('ffc34486-1aca-4a53-ab98-e31022330d9f', '/api/banner/saveBannerItem.do', 'deny', 'url', '2018-03-16 13:59:59', null, '更新横幅条目', 'api'), ('928d74d6-2542-444b-95c6-598e0c6684ee', '/api/banner/queryBannerItemById.do', 'deny', 'url', '2018-03-16 13:59:59', null, '查询横幅条目', 'api'), ('6a9545c7-e079-422a-aa7a-dc6a8b7942c2', '/api/brand/brandQuery.do', 'allow', 'url', '2018-03-16 13:59:59', null, '查询品牌', 'api'), ('89ac8b66-73f9-417b-8982-48871bd91b27', '/api/brand/brandQueryById.do', 'deny', 'url', '2018-03-16 13:59:59', null, '根据Id查询品牌', 'api'), ('481e661c-16b4-4dad-b500-014206f88b41', '/api/brand/brandSave.do', 'deny', 'url', '2018-03-16 13:59:59', null, '保存品牌', 'api'), ('9f6f205b-d5b3-40ce-b1e1-cbd339d7a1c2', '/api/brand/brandDelete.do', 'deny', 'url', '2018-03-16 13:59:59', null, '删除品牌', 'api'), ('6a5926f2-05c4-47d4-8810-bf1aa49b0d08', '/api/class/queryClassProd.do', 'allow', 'url', '2018-03-16 13:59:59', null, '查询分类单产品', 'api'), ('7295198d-9262-472b-b30e-37063acc6f75', '/api/class/queryClassProdNotSel.do', 'deny', 'url', '2018-03-16 13:59:59', null, '选择加入分类单产品', 'api'), ('4355cd04-8488-4b9b-8761-163357220c25', '/api/mallnotice/queryNotice.do', 'allow', 'url', '2018-03-16 13:59:59', null, '商城获取公告', 'api'), ('150f79e6-a878-4cbf-ab0a-9fbe004b082e', '/api/order/createOrder.do', 'user', 'url', '2018-03-16 13:59:59', null, '创建订单', 'api'), ('19d1ab31-25ac-49c2-beae-d19c2f744231', '/api/order/cancelOrder.do', 'user', 'url', '2018-03-16 13:59:59', null, '取消订单', 'api'), ('be5e01a0-e51b-40ae-b55c-774a17a973cf', '/api/order/changeOrderMoney.do', 'user', 'url', '2018-03-16 13:59:59', null, '修改订单金额', 'api'), ('8dadab20-c001-4784-8daa-b46ef3bbf42e', '/api/order/queryMyOrder.do', 'user', 'url', '2018-03-16 13:59:59', null, '查询个人订单', 'api'), ('dd443242-9f59-43da-b999-83e9130103c0', '/api/order/deliveryOrder.do', 'user', 'url', '2018-03-16 13:59:59', null, '确认发货', 'api'), ('9766b681-bc45-4f7d-b609-d80cee433848', '/api/order/receiptOrder.do', 'user', 'url', '2018-03-16 13:59:59', null, '确认收货', 'api'), ('daa7a377-4b21-4460-a8ba-45616c287ce2', '/api/order/reputationGoods.do', 'user', 'url', '2018-03-16 13:59:59', null, '商品评价', 'api'), ('f3724d2d-87c4-4c3c-b1e6-b7fe4e1d16a1', '/api/order/changeOrderStatus.do', 'user', 'url', '2018-03-16 13:59:59', null, '修改订单状态', 'api'), ('912d6715-46bb-4c47-9ca2-683af9f073f6', '/api/order/queryMyOrderDetail.do', 'user', 'url', '2018-03-16 13:59:59', null, '查询个人某个订单', 'api'), ('1dde0135-406b-4969-ab68-169d6ed1854f', '/api/order/queryOrderStatistics.do', 'user', 'url', '2018-03-16 13:59:59', null, '获取订单状态统计', 'api'), ('19161b4f-c634-45c9-bf52-0e8d59a36104', '/api/pay/toPay.do', 'user', 'url', '2018-03-16 13:59:59', null, '支付', 'api'), ('cfbb47a0-856d-4a57-aec3-1b6c4e8ca75a', '/api/shop/deleteShop.do', 'deny', 'url', '2018-03-16 13:59:59', null, '删除店铺', 'api'), ('f0b9f363-2e9f-470b-996b-b148730a2329', '/api/shop/queryShop.do', 'deny', 'url', '2018-03-16 13:59:59', null, '查询店铺', 'api'), ('afe0cc04-2a7f-473f-8fb8-7f180dbc5e2c', '/api/shop/queryShopById.do', 'deny', 'url', '2018-03-16 13:59:59', null, '根据Id查询店铺', 'api'), ('78ff5e2f-58cd-4798-88e2-ad0567c0db4b', '/api/shop/queryMyShop.do', 'user', 'url', '2018-03-16 13:59:59', null, '查询我的店铺', 'api'), ('d1e0fd5f-c491-43fa-bec1-a9e8043efbff', '/api/shop/saveShop.do', 'deny', 'url', '2018-03-16 13:59:59', null, '保存店铺', 'api'), ('47504293-165f-44da-a23e-191d4878f325', '/api/test/test.do', 'allow', 'url', '2018-03-16 13:59:59', null, 'test', 'api'), ('9f818abd-d2c1-44a2-a6e2-c74383597028', '/api/node/deleteNodeApp.do', 'deny', 'url', '2018-03-16 13:59:59', null, '删除应用节点', 'api'), ('b7bb17f8-40ba-46f6-9b0a-eba5bf0ca5cc', '/api/node/queryNodeAppById.do', 'deny', 'url', '2018-03-16 13:59:59', null, '根据Id查询应用节点', 'api'), ('b29c6e3e-23b7-4eea-86aa-1fb6795ffbff', '/api/node/startNodeApp.do', 'deny', 'url', '2018-03-16 13:59:59', null, '启动应用节点', 'api'), ('ac4be086-bb73-4fa9-91ea-dd94dd39b899', '/api/node/stopNodeApp.do', 'deny', 'url', '2018-03-16 13:59:59', null, '停在应用节点', 'api'), ('f1610a8b-9ee3-40ef-8506-7164538dae59', '/api/node/statusNodeApp.do', 'deny', 'url', '2018-03-16 13:59:59', null, '查询应用节点状态', 'api'), ('8418bd48-0263-41d2-ab93-59d6b14ff6a7', '/api/node/saveNodeApp.do', 'deny', 'url', '2018-03-16 13:59:59', null, '保存应用节点', 'api'), ('d9b3429f-8cef-44b5-8f58-02d3fddd2e37', '/api/node/queryNodeAppByNodeId.do', 'deny', 'url', '2018-03-16 13:59:59', null, '根据节点Id查询应用节点', 'api'), ('d175494f-019f-407d-84c2-9a9e015c6bbf', '/api/node/queryNodeById.do', 'deny', 'url', '2018-03-16 13:59:59', null, '根据Id查询节点', 'api'), ('5e58a3a1-f34d-4ec5-8f02-e93dfc73f608', '/api/node/deleteNode.do', 'deny', 'url', '2018-03-16 13:59:59', null, '删除节点', 'api'), ('8deb5e31-c384-44bb-bd5b-11436068484c', '/api/node/queryNodeHost.do', 'deny', 'url', '2018-03-16 13:59:59', null, '根据条件查询主机', 'api'), ('d9d8e148-c187-4b70-a8d1-12ef894e6fa7', '/api/node/queryNode.do', 'deny', 'url', '2018-03-16 13:59:59', null, '查询节点', 'api'), ('eeca29bf-8d43-487b-87ed-a0362cbea9ea', '/api/node/saveNode.do', 'deny', 'url', '2018-03-16 13:59:59', null, '保存节点', 'api'), ('7be3b528-5d66-4621-bec9-37ebbb4e70f2', '/api/node/executeHostNodeCommand.do', 'deny', 'url', '2018-03-16 13:59:59', null, '节点执行命令', 'api'), ('51a2d878-817b-4d56-a897-3887be72ba78', '/api/sftp/exeCommand.do', 'deny', 'url', '2018-03-16 13:59:59', null, '执行sftp的命令', 'api'), ('fc94f0f7-b3af-413b-8db3-2766fcb86f44', '/api/sftp/downloadFile.do', 'deny', 'url', '2018-03-16 13:59:59', null, '使用sftp下载文件', 'api'), ('3a579bc3-85ad-4889-a0c7-06f194e829aa', '/api/sftp/uploadState.do', 'deny', 'url', '2018-03-16 13:59:59', null, '更新状态', 'api'), ('3df2a77e-5f7a-48da-a1ec-8315feebf90b', '/api/sftp/connectSftp.do', 'deny', 'url', '2018-03-16 13:59:59', null, 'sftp连接', 'api'), ('61ae4987-9800-4cec-a214-3c0da4e7cf25', '/api/term/setCurrentMachine.do', 'deny', 'url', '2018-03-16 13:59:59', null, '设置当前机器', 'api'), ('7c9c01a6-7e3f-4216-90ad-a5e96b19a6df', '/api/categoryB/catAttrValueAdd.do', 'deny', 'url', '2018-03-16 13:59:59', null, '新增属性值', 'api'), ('db64208a-dd40-4c67-9265-e88160278b9b', '/api/categoryB/rename.do', 'deny', 'url', '2018-03-16 13:59:59', null, '重命名节点', 'api'), ('2bad08cd-d2fb-4aa2-8db6-5599e6a4b371', '/api/categoryB/catAttrAdd.do', 'deny', 'url', '2018-03-16 13:59:59', null, '添加属性', 'api'), ('821307cd-2307-459d-b3b1-805ed7c32361', '/api/categoryB/catAttrValueDel.do', 'deny', 'url', '2018-03-16 13:59:59', null, '删除属性值,直接删除', 'api'), ('871daef5-1b64-4670-b7f0-0c94e127827d', '/api/categoryB/catAttrQuery.do', 'allow', 'url', '2018-03-16 13:59:59', null, '查询品类的根据属性定', 'api'), ('7b036528-741a-4247-9d51-fef21522b9bf', '/api/categoryB/catAttrUpdate.do', 'deny', 'url', '2018-03-16 13:59:59', null, '更新属性', 'api'), ('998fc7d0-37a7-4a0f-8ae3-4c88f8e2547b', '/api/categoryB/delete.do', 'deny', 'url', '2018-03-16 13:59:59', null, '删除节点', 'api'), ('55298a5a-c792-48b3-94b3-0e33cd32dc35', '/api/categoryB/catAttrQueryById.do', 'deny', 'url', '2018-03-16 13:59:59', null, '根据Id查询单个属性', 'api'), ('b87c6753-67a4-46f2-93e1-e839c3689d7b', '/api/categoryB/catAttrDel.do', 'deny', 'url', '2018-03-16 13:59:59', null, '如果该属性没有使用,直接删除', 'api'), ('451a3cf5-9773-41b9-847d-81d42e35a881', '/api/categoryB/update.do', 'deny', 'url', '2018-03-16 13:59:59', null, '无', 'api'), ('e94becbc-3b33-4eab-abc4-85825174a117', '/api/categoryB/add.do', 'deny', 'url', '2018-03-16 13:59:59', null, '添加节点', 'api'), ('48b5b491-3216-4b89-a010-c083e00997a1', '/api/categoryB/prodPublishCatList.do', 'deny', 'url', '2018-03-16 13:59:59', null, '查询获取所有可用的品类', 'api'), ('446d0e06-dc4a-427c-be64-a69eda8edef0', '/api/categoryB/queryTreeList.do', 'allow', 'url', '2018-03-16 13:59:59', null, '按照前端树查询节点数据', 'api'), ('1b5412b4-6a88-499d-9a25-88c54f1bc0c5', '/api/categoryB/catAttrValueQuery.do', 'deny', 'url', '2018-03-16 13:59:59', null, '查询属性的所有属性值', 'api'), ('8424932a-6c9b-4462-b5e9-42367af19b36', '/api/categoryB/catAttrValueUpdate.do', 'deny', 'url', '2018-03-16 13:59:59', null, '根据属性值修改', 'api'), ('37b7613a-935c-4309-aa5b-12d3508df7a8', '/api/categoryB/prodPublishCatAttrList.do', 'deny', 'url', '2018-03-16 13:59:59', null, '获取产品属性', 'api'), ('6cc08422-310d-4b4d-9920-cd425b7ce8b5', '/api/categoryF/rename.do', 'deny', 'url', '2018-03-16 13:59:59', null, '重命名节点', 'api'), ('b76aa1ea-b656-4254-bfcc-367d9c97b0ad', '/api/categoryF/rootCatAdd.do', 'deny', 'url', '2018-03-16 13:59:59', null, '添加根节点', 'api'), ('78bab2dc-c17c-4db4-84c1-a11f59d18870', '/api/categoryF/rootCatDel.do', 'deny', 'url', '2018-03-16 13:59:59', null, '删除根节点', 'api'), ('615ba410-570a-443e-ab31-e4b2b24bc9b8', '/api/categoryF/rootCatUpdate.do', 'deny', 'url', '2018-03-16 13:59:59', null, '更新根节点', 'api'), ('28fa208f-e3a9-486a-92c5-dd89ac5e6e63', '/api/categoryF/rootCatQuery.do', 'allow', 'url', '2018-03-16 13:59:59', null, '查询根节点', 'api'), ('150cd00a-3ea5-4432-b00d-2f9780c38818', '/api/categoryF/rootCatQueryById.do', 'allow', 'url', '2018-03-16 13:59:59', null, '根据Id查询根节点', 'api'), ('41ba3b58-af91-42b4-b7ff-3c835a19eab6', '/api/categoryF/add.do', 'deny', 'url', '2018-03-16 13:59:59', null, '添加节点', 'api'), ('9478324a-2e41-402e-b8dc-536ffebc23be', '/api/categoryF/queryTreeList.do', 'deny', 'url', '2018-03-16 13:59:59', null, '查询节点', 'api'), ('620d3302-53f8-4c16-9481-099842efd9f0', '/api/product/updateProdPics.do', 'deny', 'url', '2018-03-16 13:59:59', null, '更新产品轮训图片', 'api'), ('30669cd5-155b-419f-b773-bd4754a27f7e', '/api/product/getProdPics.do', 'allow', 'url', '2018-03-16 13:59:59', null, '获取产品轮训图片', 'api'), ('bcc76ad7-c655-44c3-aa4b-3434b5712dae', '/api/product/prodOffOn.do', 'deny', 'url', '2018-03-16 13:59:59', null, '产品上下架', 'api'), ('e9ad79e1-b773-4ec6-a782-4c85028e1d0f', '/api/product/prodDelete.do', 'deny', 'url', '2018-03-16 13:59:59', null, '删除产品', 'api'), ('16e936e6-f431-4eca-99ee-60996f1e5d5b', '/api/product/prodQueryByCat.do', 'user', 'url', '2018-03-16 13:59:59', null, '按照后台类目查找产品', 'api'), ('efee07c1-4a0d-4290-906f-8b8f15b0c5ee', '/api/product/prodQueryBySpu.do', 'user', 'url', '2018-03-16 13:59:59', null, '根据产品Id产品信息[后台]', 'api'), ('ab19800c-d32f-4bcf-80f4-ff0617f2f26a', '/api/product/prodPublish.do', 'deny', 'url', '2018-03-16 13:59:59', null, '后台发布产品', 'api'), ('3829a2ad-bcb6-411b-a98f-5a2d75e074e8', '/api/product/prodModifySaleAttr.do', 'deny', 'url', '2018-03-16 13:59:59', null, '修改产品销售属性', 'api'), ('d3753978-9dc6-4f45-9b1b-94f281c0ed1b', '/api/product/prodModifyBaseAttr.do', 'deny', 'url', '2018-03-16 13:59:59', null, '修改产品基本属性', 'api'), ('b74edaed-2f2d-4cd0-a270-8ad112bb5bd1', '/api/product/queryProdSkuDetail.do', 'allow', 'url', '2018-03-16 14:00:00', null, '产品销售属性选择后获取sku详细数据', 'api'), ('117d412e-3448-4bf7-961b-30ed62765c8c', '/api/product/queryProdBySpuForMall.do', 'allow', 'url', '2018-03-16 14:00:00', null, '根据产品Id查询产品信息[微商城]', 'api'), ('0c2d3a08-551d-447d-8fec-e325c9056fb6', '/api/product/queryProdBySpuNotSkuForMall.do', 'allow', 'url', '2018-03-16 14:00:00', null, '根据产品SPU获取数据[微商城]', 'api'), ('e4eed9e8-dfa8-4017-8a20-dc1b4621197d', '/api/product/queryProdBySpuSkuForMall.do', 'allow', 'url', '2018-03-16 14:00:00', null, '根据产品SPU和SKU获取数据[微商城]', 'api'), ('1f67e5d6-9d47-49b9-a12c-8c17e3cab251', '/api/product/prodDescartes.do', 'deny', 'url', '2018-03-16 14:00:00', null, '生产产品属性卡迪尔积', 'api'), ('b415e712-33e4-4c47-a3c5-1f363f58782b', '/api/prod/prodDelete.do', 'deny', 'url', '2018-03-16 14:00:00', null, '删除产品', 'api'), ('69042b5c-bcf6-4120-9e0a-64f941b901d0', '/api/prod/queryBySku.do', 'allow', 'url', '2018-03-16 14:00:00', null, '根据Sku获取产品', 'api'), ('55af791a-2380-41b4-ab15-7d822b4b2825', '/api/prod/queryBySpu.do', 'allow', 'url', '2018-03-16 14:00:00', null, '根据spu获取产品', 'api'), ('50f2b968-e36d-4127-8f54-6b5eaaa34a71', '/api/prod/produUpdate.do', 'deny', 'url', '2018-03-16 14:00:00', null, '更新产品', 'api'), ('19d0bdd1-d4e5-4dba-b1c6-811b04fb3ce3', '/api/prod/prodAdd.do', 'deny', 'url', '2018-03-16 14:00:00', null, '添加产品', 'api'), ('e65f7c9b-10d9-413c-becc-bea19c91a228', '/api/company/queryCompany.do', 'allow', 'url', '2018-03-16 13:59:57', null, '查询公司', 'api'), ('a6a676ae-44fd-4c72-ae24-37aeac67a70d', '/api/company/updateCompany.do', 'deny', 'url', '2018-03-16 13:59:57', null, '更新公司', 'api'), ('d0dd7ca2-0688-4948-ab7c-ba909d2c7543', '/api/ctCategroy/deleteCategory.do', 'deny', 'url', '2018-03-16 13:59:57', null, '删除类目', 'api'), ('33f1eee4-1f10-4851-adb3-609acd9c0ae4', '/api/ctCategroy/queryCategory.do', 'deny', 'url', '2018-03-16 13:59:57', null, '查询类目', 'api'), ('d707bbc1-95ee-4552-9ae8-c4f6490b9ec8', '/api/ctCategroy/updateCategory.do', 'deny', 'url', '2018-03-16 13:59:57', null, '更新类目', 'api'), ('c8473b64-d5a2-418d-b901-42144a25cdfc', '/api/ctCategroy/addCategory.do', 'deny', 'url', '2018-03-16 13:59:57', null, '添加类目', 'api'), ('814ded69-c740-4227-a45c-494d1c3e0185', '/api/ctCategroy/queryCategoryFirstFloor.do', 'allow', 'url', '2018-03-16 13:59:57', null, '显示类目子节点数据', 'api'), ('3c78c839-f36d-4811-b562-d4c7f8e668c4', '/api/ctCategroy/queryCategoryChildren.do', 'allow', 'url', '2018-03-16 13:59:57', null, '显示类目所有子节点数据', 'api'), ('abf5b8bf-2b70-48f9-911b-4510a95bb68f', '/api/ctCategroy/queryCategoryTreeList.do', 'deny', 'url', '2018-03-16 13:59:57', null, '显示类目节点,后端angular显示内容', 'api'), ('e25b2b82-590d-4c7d-9e10-e9e6201b4b34', '/api/ctCategroy/queryCategoryById.do', 'deny', 'url', '2018-03-16 13:59:57', null, '根据Id查询根类目节点', 'api'), ('5611b75f-ea91-4ee2-b3d8-aa0ae4ae32e3', '/api/ctCategroy/queryRootCategory.do', 'deny', 'url', '2018-03-16 13:59:57', null, '查询根类目节点', 'api');
INSERT INTO `sys_api` VALUES ('f24a5410-733e-4766-a290-8b1455300775', '/api/news/queryCount.do', 'allow', 'url', '2018-03-16 13:59:57', null, '查询新闻数量', 'api'), ('7d19ddc9-b317-4fb8-b161-bda13389ac10', '/api/news/queryNewsById.do', 'allow', 'url', '2018-03-16 13:59:57', null, '根据id查找新闻', 'api'), ('1cf4e2cf-00bd-4e54-9c75-ec61a321f132', '/api/news/deleteNews.do', 'deny', 'url', '2018-03-16 13:59:57', null, '删除新闻', 'api'), ('2fe30458-5cd6-4c42-bad8-6948eb5bf912', '/api/news/queryPage.do', 'allow', 'url', '2018-03-16 13:59:57', null, '查询新闻页数', 'api'), ('d94ee8df-7093-4aac-a1a3-87d761b9d217', '/api/news/publishNews.do', 'deny', 'url', '2018-03-16 13:59:57', null, '发布新闻', 'api'), ('4af266ef-e226-48be-b344-f8fb3e9dbb16', '/api/news/queryNewsByPage.do', 'allow', 'url', '2018-03-16 13:59:57', null, '分页查询新闻', 'api'), ('3d177cd2-6366-486f-b230-6775e9bf20e9', '/api/api/queryApi.do', 'deny', 'url', '2018-03-16 13:59:57', null, '查询api', 'api'), ('4290ab10-b5fd-4ad6-91ce-ae6b48c67b0d', '/api/class/addClassItem.do', 'deny', 'url', '2018-03-16 13:59:57', null, '增加条目', 'api'), ('d88dc264-5bc1-4b83-818d-eb3da85b56e7', '/api/class/queryClassById.do', 'allow', 'url', '2018-03-16 13:59:57', null, '查询单条分类', 'api'), ('785da21a-f4f7-4084-bd76-171227ca15d7', '/api/class/deleteClass.do', 'deny', 'url', '2018-03-16 13:59:57', null, '删除分类', 'api'), ('c47c46ac-1597-415f-9dd6-87ab319401dc', '/api/class/queryClass.do', 'allow', 'url', '2018-03-16 13:59:57', null, '查询分类', 'api'), ('9ac9f4fd-d94c-4390-830b-45d00e452987', '/api/class/addClassItems.do', 'deny', 'url', '2018-03-16 13:59:57', null, '批量增加分类条目', 'api'), ('09e1c3e1-5fef-4fbe-b3a6-d545c1945d37', '/api/class/deleteClassItem.do', 'deny', 'url', '2018-03-16 13:59:57', null, '删除分类条目', 'api'), ('ce2e539c-70ce-41fd-84ae-2e4fccec38c8', '/api/class/queryClassItem.do', 'allow', 'url', '2018-03-16 13:59:57', null, '查询分类条目', 'api'), ('7afe9641-8df7-4592-b495-136871d882b9', '/api/class/saveClass.do', 'deny', 'url', '2018-03-16 13:59:57', null, '编辑分类', 'api'), ('b4eb8f7b-a83e-49ab-ae68-26f17c27fb19', '/api/class/saveClassItem.do', 'deny', 'url', '2018-03-16 13:59:57', null, '编辑分类条目', 'api'), ('e6778371-16e2-400a-b2b9-444d00bcf0c9', '/api/class/queryClassItemById.do', 'allow', 'url', '2018-03-16 13:59:57', null, '查询单条分类条目', 'api'), ('a8433cdf-db9b-4ce6-89ec-1d57dc0217b5', '/api/dict/deleteDict.do', 'deny', 'url', '2018-03-16 13:59:57', null, '删除字典', 'api'), ('ac980241-1ca0-40e3-be4f-3dcdb353d73f', '/api/dict/queryDict.do', 'user', 'url', '2018-03-16 13:59:57', null, '查询字典', 'api'), ('00681e96-a31d-4575-b074-10368cf4b07e', '/api/dict/deleteDictItem.do', 'deny', 'url', '2018-03-16 13:59:57', null, '根据Id删除字典', 'api'), ('f5671bcd-8e03-4f06-8ebe-82f45ff6abeb', '/api/dict/queryDictItem.do', 'user', 'url', '2018-03-16 13:59:57', null, '查询字典条目', 'api'), ('f568ec52-554d-46fd-99a3-a1bbddc2dddd', '/api/dict/saveDict.do', 'deny', 'url', '2018-03-16 13:59:57', null, '更新字典', 'api'), ('26857610-6b06-4031-ac0a-8d5651aba7e3', '/api/dict/queryByDictId.do', 'user', 'url', '2018-03-16 13:59:57', null, '根据Id查询字典', 'api'), ('1ea122f8-499b-4048-ac31-fb1f8784e120', '/api/dict/saveDictItem.do', 'deny', 'url', '2018-03-16 13:59:57', null, '保存查询字典条目', 'api'), ('c8476cf8-9db4-4bb9-b0fd-98474647691f', '/api/dict/queryDictItemById.do', 'deny', 'url', '2018-03-16 13:59:57', null, '根据Id查询字典条目', 'api'), ('0f516421-f53e-48f4-a69c-8c3a08efa706', '/api/file/fileConfSave.do', 'deny', 'url', '2018-03-16 13:59:57', null, '保存文件配置', 'api'), ('da61527e-d6af-4e92-a0dd-efe85e60eba2', '/api/file/fileConfQuery.do', 'deny', 'url', '2018-03-16 13:59:57', null, '查询文件配置', 'api'), ('fb8973f2-cbd5-415f-96bd-f9acdf862afb', '/api/file/fileConfDelete.do', 'deny', 'url', '2018-03-16 13:59:57', null, '删除文件配置', 'api'), ('6c723e6c-5482-45d0-a64f-4e10bbdb5b90', '/api/file/fileConfQueryById.do', 'deny', 'url', '2018-03-16 13:59:57', null, '查询文件配置', 'api'), ('e3599402-f26b-4a6e-8600-a4a246fb7dc3', '/api/file/fileupload.do', 'allow', 'url', '2018-03-16 13:59:57', null, '上传', 'api'), ('971d76d9-bb21-42ba-8e13-cfa1b271418d', '/api/file/imagedown.do', 'allow', 'url', '2018-03-16 13:59:58', null, '下载', 'api'), ('93ad9f71-1b84-4470-b36c-6c84d1837718', '/api/user/checkLogin.do', 'allow', 'url', '2018-03-16 13:59:58', null, '检测登录', 'api'), ('157f1eda-7d3c-46c4-9619-eb65af60a6af', '/api/user/login.do', 'allow', 'url', '2018-03-16 13:59:58', null, '登录', 'api'), ('152ebc96-f731-437a-b23e-0bf9bdcfb2e5', '/api/user/logout.do', 'allow', 'url', '2018-03-16 13:59:58', null, '退出', 'api'), ('e115a4d5-1989-4fa9-ba90-83c3a7d50f22', '/api/smallprogram/register.do', 'allow', 'url', '2018-03-16 13:59:58', null, '小程序用户注册', 'api'), ('4b1321c6-1d94-4bd3-91b9-b78c24d728f5', '/api/smallprogram/login.do', 'allow', 'url', '2018-03-16 13:59:58', null, '小程序用户登录', 'api'), ('85b9aad7-6463-48a7-b913-6ee0225c7d1a', '/api/smallprogram/checkLogin.do', 'allow', 'url', '2018-03-16 13:59:58', null, '检测登录', 'api'), ('9a880a28-7ebf-491f-8089-0064c4f54d71', '/api/smallprogram/userQueryById.do', 'user', 'url', '2018-03-16 13:59:58', null, '小程序用户信息', 'api'), ('3cb66310-22d4-4734-baa9-f1ce4fe39efb', '/api/menu/addNode.do', 'deny', 'url', '2018-03-16 13:59:58', null, '增加节点', 'api'), ('1de46f57-dbdc-4bac-b6e3-f3edda196856', '/api/menu/deleteNode.do', 'deny', 'url', '2018-03-16 13:59:58', null, '删除菜单', 'api'), ('22940c86-d4b2-4d0a-af11-4e839fdd1a08', '/api/menu/updateNode.do', 'deny', 'url', '2018-03-16 13:59:58', null, '更新节点', 'api'), ('0bf82112-6a4b-4d70-8e07-86c467e121e9', '/api/menu/treeRoleChecked.do', 'deny', 'url', '2018-03-16 13:59:58', null, '查询菜单权限检测', 'api'), ('1c89c5be-27f5-457c-a81c-fc555d6b07cd', '/api/menu/treeNodeRoleMap.do', 'deny', 'url', '2018-03-16 13:59:58', null, '查询菜单权限', 'api'), ('f903cd33-4aa4-4e64-94c7-107507a23580', '/api/menu/treeMenus.do', 'user', 'url', '2018-03-16 13:59:58', null, '查询菜单', 'api'), ('1be25351-09a6-41c0-99b9-fced5b36dfba', '/api/menu/treeDataDirect.do', 'user', 'url', '2018-03-16 13:59:58', null, '查询菜单', 'api'), ('a52ed6df-2931-4c0a-8a60-82db7738260f', '/api/menu/treeTop.do', 'user', 'url', '2018-03-16 13:59:58', null, '查询菜单', 'api'), ('3c7057c8-0364-4a84-96e1-8d920d523dd0', '/api/module/queryModuleItemMap.do', 'deny', 'url', '2018-03-16 13:59:58', null, '查询模块', 'api'), ('8e9cefc2-9c00-4725-a1d6-89edb6682b75', '/api/module/updateModuleItemMap.do', 'deny', 'url', '2018-03-16 13:59:58', null, '更新模块', 'api'), ('5317382b-38c5-4e0b-a99c-55c030c9511d', '/api/notice/queryNoticeById.do', 'allow', 'url', '2018-03-16 13:59:58', null, '获取公告', 'api'), ('ca21e87f-eaed-48b7-b22d-793a84d1b4b8', '/api/notice/delNotice.do', 'deny', 'url', '2018-03-16 13:59:58', null, '删除公告', 'api'), ('bace7232-3aed-49c0-b0ec-e349c36aea3b', '/api/notice/saveNotice.do', 'deny', 'url', '2018-03-16 13:59:58', null, '保存公告', 'api'), ('47a3aa57-bc9c-4d7f-9a10-ebf8e60d4352', '/api/params/queryParamsById.do', 'allow', 'url', '2018-03-16 13:59:58', null, '根据Id查询参数', 'api'), ('a3f96b44-e8f0-4c9c-8d5e-d581107989d5', '/api/params/queryParams.do', 'allow', 'url', '2018-03-16 13:59:58', null, '查询参数', 'api'), ('0c6822c4-ac00-462f-ae43-ab16f52e7c15', '/api/params/deleteParams.do', 'deny', 'url', '2018-03-16 13:59:58', null, '删除参数', 'api'), ('590aea63-3329-44ba-a7d9-b0b0a5222b13', '/api/params/saveParams.do', 'deny', 'url', '2018-03-16 13:59:58', null, '保存参数', 'api'), ('15762ded-6302-445d-987a-a6a6e1f56635', '/api/qud/queryChengS.do', 'allow', 'url', '2018-03-16 13:59:58', null, '查询市区', 'api'), ('c3961ad9-6548-4740-80c9-bd9075bfd102', '/api/qud/queryShengF.do', 'allow', 'url', '2018-03-16 13:59:58', null, '查询省份', 'api'), ('b6b913f9-abb9-4f73-9418-e763b163ab28', '/api/qud/queryQuX.do', 'allow', 'url', '2018-03-16 13:59:58', null, '查询区域', 'api'), ('64686e39-7ac1-44a5-bca3-0b5ea77b6f52', '/api/region/getChildren.do', 'allow', 'url', '2018-03-16 13:59:58', null, '查询省份节点', 'api'), ('f71e80aa-893f-4079-8e47-ade1c32644e3', '/api/region/queryTree.do', 'allow', 'url', '2018-03-16 13:59:58', null, '查询所有省份', 'api'), ('3e5a2bd1-fad7-4177-8b79-d4134d11bef6', '/api/role/roleQuery.do', 'deny', 'url', '2018-03-16 13:59:58', null, '查询权限', 'api'), ('7827d51d-184c-46fa-a991-3d606b8d8ef4', '/api/role/roleQueryById.do', 'deny', 'url', '2018-03-16 13:59:58', null, '根据Id查询权限', 'api'), ('f09467e1-54be-4369-b1a6-a6b994b57eb9', '/api/role/roleSave.do', 'deny', 'url', '2018-03-16 13:59:58', null, '保存权限', 'api'), ('bcd20572-87c5-4d18-bf6f-088f820179c2', '/api/role/roleDelete.do', 'deny', 'url', '2018-03-16 13:59:58', null, '删除权限', 'api'), ('8f889189-e49b-477a-a672-5e06f77643a9', '/api/role/roleQueryFormatKV.do', 'deny', 'url', '2018-03-16 13:59:58', null, '查询权限', 'api'), ('57a87990-5dfa-4efe-9e7a-c062eafa76ac', '/api/store/commandAction.do', 'user', 'url', '2018-03-16 13:59:58', null, '运行自定义Sql', 'api'), ('c4883e3f-8f73-4c73-aefe-7c229ac57b1f', '/api/store/queryStoreSql.do', 'deny', 'url', '2018-03-16 13:59:58', null, '查询自定义Sql', 'api'), ('12382a0b-a65b-4816-a0c8-a3e600bb1e42', '/api/store/deleteStoreSql.do', 'deny', 'url', '2018-03-16 13:59:58', null, '删除自定义Sql', 'api'), ('967a7604-86bf-4e52-9b1b-bc82faecdbde', '/api/store/saveStoreSql.do', 'deny', 'url', '2018-03-16 13:59:58', null, '保存自定义Sql', 'api'), ('c5791685-87ab-48f5-aeef-01544b535f71', '/api/store/commandActionForPublic.do', 'allow', 'url', '2018-03-16 13:59:58', null, '运行自定义Sql', 'api'), ('0a54d340-12e2-4c65-89f1-a0c8151a79b1', '/api/store/queryStoreSqlById.do', 'deny', 'url', '2018-03-16 13:59:58', null, '根据Id查询自定义Sql', 'api'), ('494c30e9-e976-499c-a39e-c42510cf6e1f', '/api/system/getOnlineSession.do', 'deny', 'url', '2018-03-16 13:59:58', null, '查询在线session', 'api'), ('78dd4a31-a522-4b0f-a692-901d8f439fcf', '/api/user/queryRole.do', 'user', 'url', '2018-03-16 13:59:58', null, '查询用户权限', 'api'), ('bf095510-e004-442b-860a-170dbf356592', '/api/user/userQueryById.do', 'user', 'url', '2018-03-16 13:59:58', null, '根据Id查询用户', 'api'), ('10ac8500-a841-4c2c-9cbb-499c901f6aa8', '/api/user/userSave.do', 'deny', 'url', '2018-03-16 13:59:58', null, '保存用户', 'api'), ('ad850d5f-e465-42b3-9f2c-aef958b42d46', '/api/user/userDelete.do', 'deny', 'url', '2018-03-16 13:59:58', null, '删除用户', 'api'), ('3de1ac7e-c30f-4cb1-b4c6-10a1eb089662', '/api/user/userRoleChange.do', 'deny', 'url', '2018-03-16 13:59:58', null, '修改用户权限', 'api'), ('1fdafbdf-1ad5-480c-9464-80bf0bbf3939', '/api/user/userQueryByGroup.do', 'deny', 'url', '2018-03-16 13:59:58', null, '查询用户组', 'api'), ('ee00e3e8-b6c6-4b3e-9d5f-326021785907', '/api/user/getUserMenus.do', 'user', 'url', '2018-03-16 13:59:58', null, '查询用户菜单', 'api'), ('8225f8cb-9f0b-437d-8787-e812da9d3656', '/api/user/changePwd.do', 'user', 'url', '2018-03-16 13:59:58', null, '修改用户密码', 'api'), ('aad17b08-222a-4e2e-b6ed-b262d513fdb2', '/api/user/saveCommonSetting.do', 'deny', 'url', '2018-03-16 13:59:58', null, '修改用户设置', 'api'), ('c4e755bb-9098-46db-941f-21b66ad48b9d', '/api/user/deleteGroup.do', 'deny', 'url', '2018-03-16 13:59:58', null, '删除组', 'api'), ('7cd4dbed-9fd1-4b07-bfb3-35707b3597cd', '/api/user/queryGroup.do', 'deny', 'url', '2018-03-16 13:59:58', null, '查询组', 'api'), ('6a2e6bd0-c470-4c2f-b78b-3d863f3fb6e6', '/api/user/saveUserGroupById.do', 'deny', 'url', '2018-03-16 13:59:58', null, '保存组', 'api'), ('c35586a8-b422-4bad-8fab-b4862c963975', '/api/user/queryUserGroupById.do', 'deny', 'url', '2018-03-16 13:59:58', null, '根据Id查询组', 'api'), ('8dc08b97-e231-4483-a803-6f64b40664df', '/api/user/queryLogin.do', 'user', 'url', '2018-03-16 13:59:58', null, '检测用户登录', 'api'), ('422b2305-c9f3-496e-a340-34c697dfff0c', '/api/user/queryAccessLog.do', 'user', 'url', '2018-03-16 13:59:58', null, '检测用户访问', 'api'), ('948c2296-50b5-4452-a853-fad4ec41901b', '/api/user/delReceivingAddr.do', 'user', 'url', '2018-03-16 13:59:58', null, '删除个人收货地址', 'api'), ('20f948e6-465d-44f0-a0aa-52683f93a758', '/api/user/saveReceivingAddr.do', 'user', 'url', '2018-03-16 13:59:58', null, '修改收货地址', 'api'), ('152c2716-5253-4180-8d84-ec41f1c3d93c', '/api/user/setDefReceivingAddr.do', 'user', 'url', '2018-03-16 13:59:58', null, '设置默认地址', 'api'), ('14a4fe2a-cb2f-42ea-8aca-6df38b80e3da', '/api/user/queryReceivingAddrById.do', 'user', 'url', '2018-03-16 13:59:58', null, '获取收货详情', 'api'), ('f0d48c53-d717-48bb-9e43-4f4a5810a525', '/api/user/queryReceivingAddr.do', 'user', 'url', '2018-03-16 13:59:58', null, '获取所有收货地址', 'api'), ('0b1fc996-bc8c-484e-b5b6-3c2239909a02', '/api/user/queryDefReceivingAddr.do', 'user', 'url', '2018-03-16 13:59:58', null, '查询地址', 'api'), ('72fb3fe0-2d50-4add-8169-bd70533e585f', '/api/user/qdScore.do', 'user', 'url', '2018-03-16 13:59:58', null, '签到', 'api'), ('ae94dcca-97c1-4ba1-9b89-2551f75f738f', '/api/user/queryScoreDtl.do', 'user', 'url', '2018-03-16 13:59:58', null, '获取积分详情况', 'api'), ('16762674-0b53-4092-b7f9-187a3076a5b5', '/api/schedule/removejob.do', 'deny', 'url', '2018-03-16 13:59:58', null, '删除任务', 'api'), ('3aff76ab-0b9b-45c3-b437-7465b9668634', '/api/schedule/pausejob.do', 'deny', 'url', '2018-03-16 13:59:58', null, '暂停任务', 'api'), ('7173c6d2-1b84-4c68-b705-813172528fd4', '/api/schedule/resumejob.do', 'deny', 'url', '2018-03-16 13:59:58', null, '挂起任务', 'api'), ('21ffd339-d64d-4b2b-8752-0192cad2130a', '/api/schedule/queryJobs.do', 'deny', 'url', '2018-03-16 13:59:58', null, '查询任务', 'api'), ('019ec7eb-9e20-4895-a330-bc13ccbfd0ac', '/api/schedule/enablejob.do', 'deny', 'url', '2018-03-16 13:59:58', null, '激活任务', 'api');
INSERT INTO `sys_api` VALUES ('4a15f55a-5630-4f8f-bfb1-b4e7570f229e', '/api/schedule/disablejob.do', 'deny', 'url', '2018-03-16 13:59:58', null, '不激活任务', 'api'), ('492c3031-d940-4338-8ec5-6d587e572eb3', '/api/schedule/runonce.do', 'deny', 'url', '2018-03-16 13:59:58', null, '运行一次任务', 'api'), ('c2a1ff7d-3ae3-44a6-bdef-26b7df06cc7d', '/api/demo/jsp.jsp', 'deny', 'url', '2018-03-16 13:59:58', null, 'demo', 'view'), ('909b0af4-5936-4406-8353-8ad9aae09328', '/api/demo/api.do', 'allow', 'url', '2018-03-16 13:59:58', null, 'demo', 'view'), ('0e38aab6-8d27-45a4-9530-7cad9a517de8', '/api/demo/db.do', 'allow', 'url', '2018-03-16 13:59:58', null, 'demo', 'api'), ('da2f04b1-35ac-473f-b871-9e559f8ce760', '/api/demo/scmdb2.do', 'allow', 'url', '2018-03-16 13:59:58', null, 'demo', 'api'), ('b309570c-c8aa-4d41-9ae3-2976290c74df', '/api/demo/thy.html', 'deny', 'url', '2018-03-16 13:59:58', null, 'demo', 'view'), ('a2d0a248-58a0-4614-bf82-acf7ff9b1516', '/api/demo/api4.do', 'deny', 'url', '2018-03-16 13:59:58', null, 'demo', 'view'), ('60773efb-1463-4309-acaa-7afb96f79ce9', '/api/demo/api2.do', 'allow', 'url', '2018-03-16 13:59:58', null, 'demo', 'api'), ('fe5d9a0b-e84f-4d97-b771-58498c3f33e5', '/api/demo/api3.do', 'allow', 'url', '2018-03-16 13:59:58', null, 'demo', 'api'), ('cf06e8ca-91d4-4b74-9a04-2daa27bb1d9f', '/api/hrm/employeeAdd.do', 'deny', 'url', '2018-03-16 13:59:58', null, '添加人员', 'api'), ('ce7c87b0-7453-4525-b3c0-3dd1ddfafb5e', '/api/hrm/employeeUpdate.do', 'deny', 'url', '2018-03-16 13:59:58', null, '更新人员', 'api'), ('efbb9287-40f8-4322-9675-5014124fd89f', '/api/hrm/employeeDelete.do', 'deny', 'url', '2018-03-16 13:59:58', null, '删除人员', 'api'), ('17109ec7-3096-4225-bc08-61251380fadd', '/api/hrm/employeeQueryList.do', 'deny', 'url', '2018-03-16 13:59:58', null, '查询人员', 'api'), ('151234d8-e42f-446c-9fa3-fb72734ae257', '/api/hrm/employeeQueryById.do', 'deny', 'url', '2018-03-16 13:59:58', null, '查询人员信息', 'api'), ('8634b3ad-e15f-4f30-8775-fd721becfa1b', '/api/hrm/queryEmplByOrg.do', 'deny', 'url', '2018-03-16 13:59:58', null, '查询组织人员', 'api'), ('54c3de61-14bc-4716-af64-fd56f338a687', '/api/hrm/orgNodeDelete.do', 'deny', 'url', '2018-03-16 13:59:58', null, '添加组织节点', 'api'), ('a4a493f5-3081-4ddf-822c-28d3b54f1024', '/api/hrm/orgNodeSave.do', 'deny', 'url', '2018-03-16 13:59:58', null, '保存节点', 'api'), ('7e5ace30-ae02-4360-9143-74325c55d15b', '/api/hrm/orgNodeQuery.do', 'deny', 'url', '2018-03-16 13:59:58', null, '查询组织节点', 'api'), ('b84ca2c3-80a2-4d64-bf66-d5821054f320', '/api/hrm/orgNodeTreeQuery.do', 'deny', 'url', '2018-03-16 13:59:58', null, '查询组织', 'api'), ('52948799-967a-4551-bcc4-9456658e1560', '/api/hrm/orgQuery.do', 'deny', 'url', '2018-03-16 13:59:58', null, '查询组织', 'api'), ('806cceec-3eb3-4d41-9223-759839563c18', '/api/hrm/orgQueryLevelList.do', 'deny', 'url', '2018-03-16 13:59:58', null, '查询组织', 'api'), ('8587737a-9b69-4536-8ed8-5a4173d0b9e4', '/api/banner/queryBanner.do', 'allow', 'url', '2018-03-16 13:59:58', null, '查询横幅', 'api');
COMMIT;

-- ----------------------------
-- Table structure for `sys_banner`
-- ----------------------------
DROP TABLE IF EXISTS `sys_banner`;
CREATE TABLE `sys_banner` (
`banner_id`  varchar(50) NOT NULL ,
`name`  varchar(200) NULL ,
`type`  varchar(100) NULL ,
`is_used`  char(1) NULL ,
`is_delete`  char(10) NULL ,
PRIMARY KEY (`banner_id`)
)

;

-- ----------------------------
-- Records of SYS_BANNER
-- ----------------------------
BEGIN;
INSERT INTO `sys_banner` VALUES ('mall_banner', '微商城', 'mall', 'Y', 'N         '), ('mall_banner2', '微商城2', 'mall', 'Y', 'N         ');
COMMIT;

-- ----------------------------
-- Table structure for `sys_banner_item`
-- ----------------------------
DROP TABLE IF EXISTS `sys_banner_item`;
CREATE TABLE `sys_banner_item` (
`id`  varchar(50) NOT NULL ,
`banner_id`  varchar(50) NULL ,
`type`  varchar(100) NULL ,
`name`  varchar(100) NULL ,
`pic_id`  text NULL ,
`ct`  text NULL ,
`rk`  decimal(65,30) NULL ,
`is_used`  char(1) NULL ,
PRIMARY KEY (`id`)
)

;

-- ----------------------------
-- Records of SYS_BANNER_ITEM
-- ----------------------------
BEGIN;
INSERT INTO `sys_banner_item` VALUES ('39697cc6-8f9a-4147-9f09-a46af3ed86dd', null, null, '测试', null, null, '21', 'N'), ('38a90e91-1c03-4821-b03e-420dfbf60e97', null, null, 'ces', null, null, '12', 'N'), ('bcc72d24-cfb3-433d-9ab2-a7f587ea1caf', null, null, '12as', null, null, '12', 'Y'), ('117178f1-b631-4243-b692-5a73e103bf25', 'mall_banner', null, 'a', 'B93ABAC708258B168F4F69DEB39E3180', null, '12', 'Y'), ('18f1ef71-d92b-4e71-8adf-5dbf11b7d0a0', 'mall_banner', null, '12', 'F69F5039D4141B79CD2593AB476F6840', null, '12', 'Y'), ('a3a1d0f3-8b1d-4598-8af4-47f13a252d8e', null, null, null, null, null, '1', 'Y'), ('77a5f1c2-7767-4df7-bb99-850a7246f66a', null, null, '1212', null, null, '12', 'N'), ('37f05719-1416-44a2-8d89-9023f262106d', null, null, null, null, null, '1', 'Y'), ('61e5c580-18be-4ded-b7e1-c20b63312f28', null, null, null, null, null, '1', 'Y'), ('8c422206-1522-46e3-9685-19b4c8cae283', 'mall_banner', null, '1212', '13F8A75028E55FD1ACCEC86F9E4CF870', null, '12', 'Y'), ('6ea716d6-511c-4d12-bdf6-336ec67a0128', 'mall_banner', null, 'b', 'B1C6F2E56BEFC4A01B7AFF6556F7A2D6', null, '12', 'Y');
COMMIT;

-- ----------------------------
-- Table structure for `sys_ct_class`
-- ----------------------------
DROP TABLE IF EXISTS `sys_ct_class`;
CREATE TABLE `sys_ct_class` (
`class_id`  varchar(50) NOT NULL ,
`type`  text NULL ,
`name`  text NULL ,
`pic_id`  varchar(50) NULL ,
`is_used`  char(1) NULL ,
`is_delete`  char(1) NULL ,
`od`  decimal(65,30) NULL ,
`mark`  text NULL ,
`module`  varchar(50) NULL ,
PRIMARY KEY (`class_id`)
)

;

-- ----------------------------
-- Records of SYS_CT_CLASS
-- ----------------------------
BEGIN;
INSERT INTO `sys_ct_class` VALUES ('6d88eb25-bbc6-43a3-ad3e-8f5f150e99a1', 'microshopindex', '12as', null, 'Y', 'Y', '12', '12', 'mall'), ('32242c2e-1292-4973-8372-3af595a43f5d', 'microshopindex', '数码产品2', null, 'Y', 'N', '1', null, 'mall'), ('2792859d-73d2-4800-a797-2d3531fad2e9', 'microshopindex', '玩家', null, 'N', 'N', '1', null, 'mall'), ('81b494dc-1ec6-4b86-b22f-31038b224329', 'microshopindex', 'tt12', null, 'N', 'Y', '12', '12', 'mall'), ('6ada1adb-4a55-42f7-a73f-b9333b3b6ca9', 'microshopindex', '衣服包', null, 'Y', 'N', '23', '12', 'mall'), ('deeff416-7a7d-462a-bdfe-194620efd544', 'microshopindex', '水果', null, 'Y', 'N', '12', '12', 'mall'), ('d112dc8a-5e56-47fb-83e2-3e731841998a', 'microshopindex', 'ABCBC', null, 'N', 'N', '1', null, 'mall');
COMMIT;

-- ----------------------------
-- Table structure for `sys_ct_class_item`
-- ----------------------------
DROP TABLE IF EXISTS `sys_ct_class_item`;
CREATE TABLE `sys_ct_class_item` (
`id`  varchar(50) NULL ,
`class_id`  varchar(50) NULL ,
`is_used`  char(1) NULL ,
`value`  varchar(50) NULL ,
`od`  decimal(65,30) NULL ,
`pic_id`  varchar(50) NULL ,
`mark`  text NULL ,
`is_delete`  char(1) NULL 
)

;

-- ----------------------------
-- Records of SYS_CT_CLASS_ITEM
-- ----------------------------
BEGIN;
INSERT INTO `sys_ct_class_item` VALUES ('6aa7b316-419f-4080-91e7-29bfe34b6eb9', 'deeff416-7a7d-462a-bdfe-194620efd544', 'Y', 'f09fb6e6-d75f-42d3-8fb2-ae94067e0ca4', null, null, null, null), ('9af0ad2c-980d-42cd-a929-08de8f7fd534', '32242c2e-1292-4973-8372-3af595a43f5d', 'Y', '4d3363c2-2e22-4cfa-b7ea-e60eb4904c34', null, null, null, null), ('fb67ce65-2a24-4067-919b-fa5d7ba392ee', '32242c2e-1292-4973-8372-3af595a43f5d', 'Y', 'eaaa6be3-a700-4eb4-a3cd-d19a0b497c33', null, null, null, null), ('b8366216-7b40-486b-a5ee-5d9e03f3ff44', '32242c2e-1292-4973-8372-3af595a43f5d', 'Y', '77e86b59-9f58-4ee9-bd73-b45ec4d71b1d', null, null, null, null), ('5430c689-5e3c-4a88-b6a0-03e854b9e3bf', '32242c2e-1292-4973-8372-3af595a43f5d', 'Y', 'd508d4fd-666a-4cd7-882b-8b77c7aa98a1', null, null, null, null), ('43037458-dd22-40a4-b337-e856595f3453', '32242c2e-1292-4973-8372-3af595a43f5d', 'Y', 'a569127d-fef7-4d59-93ae-f0bbcbb8b037', null, null, null, null), ('6501ac51-5311-4bbf-a846-71af373c195c', '32242c2e-1292-4973-8372-3af595a43f5d', 'Y', 'a8cf7844-7c57-4130-ab29-ee23677a5098', null, null, null, null), ('9d9e1774-07f6-40c2-922c-ea555f52e3c7', '32242c2e-1292-4973-8372-3af595a43f5d', 'Y', '68b2596d-bf15-4091-9dcb-5c1946e16c31', null, null, null, null), ('8db84a2a-e095-4600-8f28-105399415459', '32242c2e-1292-4973-8372-3af595a43f5d', 'Y', '0d5b1801-62d3-4a87-bbaa-dc6538c497d0', null, null, null, null), ('d4709b66-e7de-4bd8-9f52-f425c4cdaa53', '32242c2e-1292-4973-8372-3af595a43f5d', 'Y', '2783a434-e6e2-417c-8301-5dc1528f7ab0', null, null, null, null), ('1f60cfb9-6902-4b41-8d12-87faf058268a', '32242c2e-1292-4973-8372-3af595a43f5d', 'Y', 'ed17a67e-63aa-41d4-8589-cb88e84d72c9', null, null, null, null), ('ad3b2411-b400-4ad7-ac8b-b2dce3ca7faa', '32242c2e-1292-4973-8372-3af595a43f5d', 'Y', '6ca0c8a2-04d8-4b21-b5b0-13519b4bf7b5', null, null, null, null), ('d189ada5-9b69-4055-a999-9536aebf1461', '32242c2e-1292-4973-8372-3af595a43f5d', 'Y', 'f02ec074-188e-4db0-9423-2e3ee470ba6e', null, null, null, null), ('e0a28f91-b595-4e31-8ac1-f4fddb2952a6', '32242c2e-1292-4973-8372-3af595a43f5d', 'Y', '9a17036e-9e9e-4d5b-b543-ed413235d67a', null, null, null, null), ('79f89748-d10a-4b20-9506-c090f87f9da3', 'deeff416-7a7d-462a-bdfe-194620efd544', 'Y', '6ca0c8a2-04d8-4b21-b5b0-13519b4bf7b5', null, null, null, null), ('6bd4cd83-a5dc-4a93-904a-86099062c4e3', 'deeff416-7a7d-462a-bdfe-194620efd544', 'Y', 'a36bd8fc-f057-40d3-9ee1-2c96bed926e5', null, null, null, null), ('edc13910-3020-40d4-8777-7f45fe691484', '2792859d-73d2-4800-a797-2d3531fad2e9', 'Y', 'cc57dbaf-9eb4-4c15-b40b-778ee7cee212', null, null, null, null), ('994f3b34-b9cd-4ab4-b6af-c7a51d4587d4', '2792859d-73d2-4800-a797-2d3531fad2e9', 'Y', '379c8f33-74a6-473c-8e31-b9800f288ea6', null, null, null, null), ('4566e7a3-5fe4-4abe-898b-99200ccafcd0', '32242c2e-1292-4973-8372-3af595a43f5d', 'Y', 'a36bd8fc-f057-40d3-9ee1-2c96bed926e5', null, null, null, null), ('5ac7286b-209a-4f94-b430-1ae4d796c996', 'deeff416-7a7d-462a-bdfe-194620efd544', 'Y', '4d3363c2-2e22-4cfa-b7ea-e60eb4904c34', null, null, null, null), ('6996aac5-e99f-457b-8905-058e33d8ac79', 'd112dc8a-5e56-47fb-83e2-3e731841998a', 'Y', 'ed17a67e-63aa-41d4-8589-cb88e84d72c9', null, null, null, null), ('ecd9fee3-ae4a-4301-877c-1de374ffa3d3', 'd112dc8a-5e56-47fb-83e2-3e731841998a', 'Y', '6ca0c8a2-04d8-4b21-b5b0-13519b4bf7b5', null, null, null, null), ('45958fa4-cebe-4a34-ad43-d72beff497ee', '6ada1adb-4a55-42f7-a73f-b9333b3b6ca9', 'Y', 'cc57dbaf-9eb4-4c15-b40b-778ee7cee212', null, null, null, null), ('8bd2bfeb-95b3-49a7-a7f0-a17fa0e26325', '6ada1adb-4a55-42f7-a73f-b9333b3b6ca9', 'Y', '9924c503-2604-4701-b190-373c6300fe2e', null, null, null, null), ('fcaf9449-3477-4ba5-b7ca-80d0946d6047', '6ada1adb-4a55-42f7-a73f-b9333b3b6ca9', 'Y', '1639dd7b-6114-4efc-9d70-6f023ae45d42', null, null, null, null), ('5e1f3cf5-a30e-4b0f-a3d2-c3db026708fc', '32242c2e-1292-4973-8372-3af595a43f5d', 'Y', 'd088d172-dadc-4a3b-aa58-ea8589964bb7', null, null, null, null);
COMMIT;

-- ----------------------------
-- Table structure for `sys_dict`
-- ----------------------------
DROP TABLE IF EXISTS `sys_dict`;
CREATE TABLE `sys_dict` (
`dict_id`  varchar(50) NOT NULL ,
`name`  text NULL ,
`dict_level`  varchar(100) NOT NULL ,
`status`  char(1) NOT NULL ,
`deleted`  char(1) NULL ,
`mark`  varchar(200) NULL ,
PRIMARY KEY (`dict_id`)
)

;

-- ----------------------------
-- Records of SYS_DICT
-- ----------------------------
BEGIN;
INSERT INTO `sys_dict` VALUES ('4bc7e4e6b97b48ac8ac8c28618ee349f', 'ABCD', 'system', 'Y', 'N', '123456'), ('a1c6bcc0648c4587bf33891a12588519', 'fuck', 'system', 'Y', 'Y', null), ('user_group', '用户2', 'biz', 'Y', 'N', '用户组信息'), ('7fca30ab1cd845cea9b318394e026254', '性别', 'system', 'Y', 'N', null), ('a11bf39096634e9c99243e59248d7b47', '系统测试', 'system', 'Y', 'Y', '系统测试'), ('83a199358e7d480aaab11562672d50aa', '阿斯顿发', 'system', 'Y', 'N', '1'), ('707323d744424146be7926cfaddb8a7c', '11112', 'system', 'Y', 'Y', '2'), ('b58f0395aa4e4462b2ac11add3d6fa21', '测试2', 'system', 'Y', 'N', '测试2'), ('1b06b2e852fe47d696462beab2c4cef4', '11', 'system', 'Y', 'Y', null), ('ccf970b0c1434d7db24aae672e568e98', '112', 'system', 'Y', 'N', '1'), ('abe2a51914ab42029c21042bbba822e7', 'boy', 'system', 'Y', 'N', '1');
COMMIT;

-- ----------------------------
-- Table structure for `sys_dict_item`
-- ----------------------------
DROP TABLE IF EXISTS `sys_dict_item`;
CREATE TABLE `sys_dict_item` (
`dict_id`  varchar(100) NOT NULL ,
`dict_item_id`  varchar(50) NOT NULL ,
`name`  text NULL ,
`sort`  decimal(65,30) NULL ,
`mark`  text NULL ,
`code`  varchar(200) NULL ,
PRIMARY KEY (`dict_item_id`)
)

;

-- ----------------------------
-- Records of SYS_DICT_ITEM
-- ----------------------------
BEGIN;
INSERT INTO `sys_dict_item` VALUES ('4bc7e4e6b97b48ac8ac8c28618ee349f', 'cffba9290bbe442287adfdc01ecf081a', 'TT', '12', null, '12'), ('a1c6bcc0648c4587bf33891a12588519', '62bc0f4373d94b2da24fdce5a9464268', '12', '1', null, '1212'), ('user_group', '1', 'A', '9', 'mark', null), ('user_group', '开发人员', 'AB', '1', '2mark', null), ('7fca30ab1cd845cea9b318394e026254', '9d13ce19224844299279a079271b27cc', '女', '2', null, '2'), ('83a199358e7d480aaab11562672d50aa', '6ce4613833ab4c1199228447f0056018', '1', '1', '1', '1');
COMMIT;

-- ----------------------------
-- Table structure for `sys_file_conf`
-- ----------------------------
DROP TABLE IF EXISTS `sys_file_conf`;
CREATE TABLE `sys_file_conf` (
`id`  varchar(50) NOT NULL ,
`name`  text NULL ,
`path`  text NULL ,
`is_used`  char(1) NULL ,
`is_delete`  char(1) NULL ,
PRIMARY KEY (`id`)
)

;

-- ----------------------------
-- Records of SYS_FILE_CONF
-- ----------------------------
BEGIN;
INSERT INTO `sys_file_conf` VALUES ('prodimgs', '业务', 'prodimgs', 'Y', 'N'), ('header', '头像', 'header', 'Y', 'N'), ('news', '新闻图片', 'news', 'Y', 'N');
COMMIT;

-- ----------------------------
-- Table structure for `sys_files`
-- ----------------------------
DROP TABLE IF EXISTS `sys_files`;
CREATE TABLE `sys_files` (
`id`  varchar(50) NOT NULL ,
`path`  varchar(200) NULL ,
`type`  varchar(50) NULL ,
`bus`  varchar(50) NULL ,
PRIMARY KEY (`id`)
)

;

-- ----------------------------
-- Records of SYS_FILES
-- ----------------------------
BEGIN;
INSERT INTO `sys_files` VALUES ('E0FFA7736F78CB8BFE78AA0B998E8E6F', 'upload/prodimgs/2017/6/25/Image_E0FFA7736F78CB8BFE78AA0B998E8E6F.png', 'image', 'prodimgs'), ('B2D651B9052D24391F071FCF2630A700', 'upload/prodimgs/2017/6/25/Image_B2D651B9052D24391F071FCF2630A700.png', 'image', 'prodimgs'), ('A9B1F2B61EAE2F615D4D48AD4CDF02C1', 'upload/prodimgs/2017/6/27/Image_A9B1F2B61EAE2F615D4D48AD4CDF02C1.png', 'image', 'prodimgs'), ('E2713669018786C8C730078F43814E2B', 'upload/prodimgs/2017/6/27/Image_E2713669018786C8C730078F43814E2B.png', 'image', 'prodimgs'), ('6B50C6CE446A54AB2CCC5F0DE420873D', 'upload/news/2017/7/12/Image_6B50C6CE446A54AB2CCC5F0DE420873D.png', 'image', 'news'), ('6E73B3561D2DCE92A9D4D9247BB32569', 'upload/news/2017/7/12/Image_6E73B3561D2DCE92A9D4D9247BB32569.png', 'image', 'news'), ('7AFADCAADDCFB61E512ECAD6E0D81646', 'upload/prodimgs/2017/8/11/Image_7AFADCAADDCFB61E512ECAD6E0D81646.png', 'image', 'prodimgs'), ('D191573485E4344FCB964639F6077C55', 'upload/prodimgs/2017/8/11/Image_D191573485E4344FCB964639F6077C55.png', 'image', 'prodimgs'), ('144CBC7EC192FC7C99BB5AF25F9E72DA', 'upload/prodimgs/2017/8/11/Image_144CBC7EC192FC7C99BB5AF25F9E72DA.png', 'image', 'prodimgs'), ('A916210065DA2BFA35B72CC97D02835E', 'upload/prodimgs/2017/8/11/Image_A916210065DA2BFA35B72CC97D02835E.png', 'image', 'prodimgs'), ('9D4E6C76BA7490CDD7657DA3FDD0FE48', 'upload/prodimgs/2017/8/11/Image_9D4E6C76BA7490CDD7657DA3FDD0FE48.png', 'image', 'prodimgs'), ('2C41754182AEC79C7F527135D85ED37D', 'upload/prodimgs/2017/8/11/Image_2C41754182AEC79C7F527135D85ED37D.png', 'image', 'prodimgs'), ('558C555867A84C1148138533953CD64A', 'upload/prodimgs/2017/8/11/Image_558C555867A84C1148138533953CD64A.png', 'image', 'prodimgs'), ('5CF7011D41378A9EF914C85C61174455', 'upload/prodimgs/2017/8/11/Image_5CF7011D41378A9EF914C85C61174455.png', 'image', 'prodimgs'), ('E0999111F9B238A603610F25943B526F', 'upload/prodimgs/2017/8/11/Image_E0999111F9B238A603610F25943B526F.png', 'image', 'prodimgs'), ('1928745B188677DD7461A6BE1438665D', 'upload/prodimgs/2017/8/11/Image_1928745B188677DD7461A6BE1438665D.png', 'image', 'prodimgs'), ('B4E289FCBA04FF3D887C006C45E9F74F', 'upload/prodimgs/2017/8/11/Image_B4E289FCBA04FF3D887C006C45E9F74F.png', 'image', 'prodimgs'), ('0C7109891366D6F44738C26ACCE6FB57', 'upload/prodimgs/2017/8/11/Image_0C7109891366D6F44738C26ACCE6FB57.png', 'image', 'prodimgs'), ('C7671885CD53CEFE24045726646BB4D7', 'upload/prodimgs/2017/8/11/Image_C7671885CD53CEFE24045726646BB4D7.png', 'image', 'prodimgs'), ('2C3EBDDF4748D4586FABA44A30EE1A0E', 'upload/prodimgs/2017/8/11/Image_2C3EBDDF4748D4586FABA44A30EE1A0E.png', 'image', 'prodimgs'), ('E07D8000437FFF9F9E4B32F9FA863E88', 'upload/prodimgs/2017/8/11/Image_E07D8000437FFF9F9E4B32F9FA863E88.png', 'image', 'prodimgs'), ('1291BB125D2B73B02A0EBAB4F5042071', 'upload/prodimgs/2017/8/11/Image_1291BB125D2B73B02A0EBAB4F5042071.png', 'image', 'prodimgs'), ('9A7A7D750B7B962761D15AE04B481C2A', 'upload/prodimgs/2017/8/28/Image_9A7A7D750B7B962761D15AE04B481C2A.png', 'image', 'prodimgs'), ('A0E01EF1B65C796863D6D2A9B8A20958', 'upload/prodimgs/2017/10/21/Image_A0E01EF1B65C796863D6D2A9B8A20958.png', 'image', 'prodimgs'), ('3A7D5D301CB8B569640CC34F7615BBA2', 'upload/prodimgs/2017/10/21/Image_3A7D5D301CB8B569640CC34F7615BBA2.png', 'image', 'prodimgs'), ('A222A1AC9436170B678237E99430E683', 'upload/prodimgs/2017/10/21/Image_A222A1AC9436170B678237E99430E683.png', 'image', 'prodimgs'), ('ACA4E3EA3ACE384563AD63F0C9EF780E', 'upload/prodimgs/2017/10/21/Image_ACA4E3EA3ACE384563AD63F0C9EF780E.png', 'image', 'prodimgs'), ('CA77D3A966A22D7ED0D27F7B0272524A', 'upload/prodimgs/2017/10/24/Image_CA77D3A966A22D7ED0D27F7B0272524A.png', 'image', 'prodimgs'), ('2497ED9ACC8EA5235496C77883857278', 'upload/prodimgs/2017/6/25/Image_2497ED9ACC8EA5235496C77883857278.png', 'image', 'prodimgs'), ('963C65CF2206C3DBDA98EF836F2B7949', 'upload/prodimgs/2017/6/27/Image_963C65CF2206C3DBDA98EF836F2B7949.png', 'image', 'prodimgs'), ('A07E93461A3BC3888E4FCFCE3B536E12', 'upload/prodimgs/2017/6/29/Image_A07E93461A3BC3888E4FCFCE3B536E12.png', 'image', 'prodimgs'), ('4A84A2AF37253BC5E1C89F91C0CBD46B', 'upload/prodimgs/2017/6/29/Image_4A84A2AF37253BC5E1C89F91C0CBD46B.png', 'image', 'prodimgs'), ('67C3B326FBFBFF0AEFFFF9BB20AA5B94', 'upload/prodimgs/2017/6/31/Image_67C3B326FBFBFF0AEFFFF9BB20AA5B94.png', 'image', 'prodimgs'), ('A18C5E1B5D1C365374707BABBB506ECA', 'upload/prodimgs/2017/6/31/Image_A18C5E1B5D1C365374707BABBB506ECA.png', 'image', 'prodimgs'), ('5C23934A28490FD0887E42C2AF339528', 'upload/news/2017/7/12/Image_5C23934A28490FD0887E42C2AF339528.png', 'image', 'news'), ('CF57DF23C437C36F99CECEAB5975D4C4', 'upload/news/2017/7/12/Image_CF57DF23C437C36F99CECEAB5975D4C4.png', 'image', 'news'), ('6CE215404C428EA786A629BBFCE53026', 'upload/news/2017/7/13/Image_6CE215404C428EA786A629BBFCE53026.png', 'image', 'news'), ('391A6AA62CA6B055EC42E21DF5DF5592', 'upload/prodimgs/2017/8/11/Image_391A6AA62CA6B055EC42E21DF5DF5592.png', 'image', 'prodimgs'), ('0BB757E0C4A9AFEE9512BA7BF2530074', 'upload/prodimgs/2017/8/11/Image_0BB757E0C4A9AFEE9512BA7BF2530074.png', 'image', 'prodimgs'), ('7CFE66767A29798C36CBA069AC2CDE7D', 'upload/prodimgs/2017/8/11/Image_7CFE66767A29798C36CBA069AC2CDE7D.png', 'image', 'prodimgs'), ('D1E0D8E3AE09369DA8A39017BB28DD16', 'upload/prodimgs/2017/8/11/Image_D1E0D8E3AE09369DA8A39017BB28DD16.png', 'image', 'prodimgs'), ('87AFA24C1F87035F1AFD724A30B9E346', 'upload/prodimgs/2017/8/11/Image_87AFA24C1F87035F1AFD724A30B9E346.png', 'image', 'prodimgs'), ('3EFAD1E1DC41AF38D1F44B23BAE0CD94', 'upload/prodimgs/2017/8/11/Image_3EFAD1E1DC41AF38D1F44B23BAE0CD94.png', 'image', 'prodimgs'), ('5A3A7E1A9EE20FC69289CF4979EE47BC', 'upload/prodimgs/2017/8/11/Image_5A3A7E1A9EE20FC69289CF4979EE47BC.png', 'image', 'prodimgs'), ('87353CB787ED6390B3418FA386407614', 'upload/prodimgs/2017/8/11/Image_87353CB787ED6390B3418FA386407614.png', 'image', 'prodimgs'), ('05206A1EC8A3D0A5A535DAF63C89ADFF', 'upload/prodimgs/2017/8/11/Image_05206A1EC8A3D0A5A535DAF63C89ADFF.png', 'image', 'prodimgs'), ('32B0FD76EB2EE9171B0360E7C0872C5E', 'upload/prodimgs/2017/8/11/Image_32B0FD76EB2EE9171B0360E7C0872C5E.png', 'image', 'prodimgs'), ('716EF49350F64329BD033ABE20928D6C', 'upload/prodimgs/2017/8/12/Image_716EF49350F64329BD033ABE20928D6C.png', 'image', 'prodimgs'), ('A1F784C26B7C6735F23F563E712E0683', 'upload/prodimgs/2017/8/12/Image_A1F784C26B7C6735F23F563E712E0683.png', 'image', 'prodimgs'), ('246973703A47E87682F7C684170625CA', 'upload/news/2017/10/15/Image_246973703A47E87682F7C684170625CA.png', 'image', 'news'), ('13AC863EECE308233B4D865116D0D735', 'upload/news/2017/10/15/Image_13AC863EECE308233B4D865116D0D735.png', 'image', 'news'), ('575651FE2175BC7C8B4787F257B1358B', 'upload/prodimgs/2017/10/24/Image_575651FE2175BC7C8B4787F257B1358B.png', 'image', 'prodimgs'), ('37EBF6EC69598319BCE5AC7A282C0FFB', 'upload/prodimgs/2017/10/24/Image_37EBF6EC69598319BCE5AC7A282C0FFB.png', 'image', 'prodimgs'), ('C4E4667B3FB311E4C8501DF8AF38F74E', 'upload/prodimgs/2017/10/24/Image_C4E4667B3FB311E4C8501DF8AF38F74E.png', 'image', 'prodimgs'), ('F727A91C57DBA3945B439E667E8C2715', 'upload/prodimgs/2017/10/24/Image_F727A91C57DBA3945B439E667E8C2715.png', 'image', 'prodimgs'), ('64EB3E4807F6E6603925E186342C1402', 'upload/prodimgs/2017/11/12/Image_64EB3E4807F6E6603925E186342C1402.png', 'image', 'prodimgs'), ('886BB483AB1A30DB29EEB6E3432A69A1', 'upload/prodimgs/2017/6/31/Image_886BB483AB1A30DB29EEB6E3432A69A1.png', 'image', 'prodimgs'), ('E9888BEBA6FC36F6FFFDFF9F725472F3', 'upload/prodimgs/2017/7/9/Image_E9888BEBA6FC36F6FFFDFF9F725472F3.png', 'image', 'prodimgs'), ('6BD61DC191836E42E74C2F538EB246EC', 'upload/news/2017/7/12/Image_6BD61DC191836E42E74C2F538EB246EC.png', 'image', 'news'), ('46A615C3BE6275BDA085DE07E45C2733', 'upload/news/2017/7/12/Image_46A615C3BE6275BDA085DE07E45C2733.png', 'image', 'news'), ('01EE1EFB31E7F7B95AA71B16C4A84902', 'upload/news/2017/7/12/Image_01EE1EFB31E7F7B95AA71B16C4A84902.png', 'image', 'news'), ('0DAA8F6DE3E4A26F8C91E7010C08BFDB', 'upload/news/2017/7/12/Image_0DAA8F6DE3E4A26F8C91E7010C08BFDB.png', 'image', 'news'), ('BE4AE8735BA3999FFB95D1618C2B5ED2', 'upload/news/2017/7/12/Image_BE4AE8735BA3999FFB95D1618C2B5ED2.png', 'image', 'news'), ('F363E42B80740179B13E3AED5F7A8C49', 'upload/prodimgs/2017/7/27/Image_F363E42B80740179B13E3AED5F7A8C49.png', 'image', 'prodimgs'), ('8E8E19CF14B8646C83AFAD1C1E3809B6', 'upload/prodimgs/2017/7/27/Image_8E8E19CF14B8646C83AFAD1C1E3809B6.png', 'image', 'prodimgs'), ('5E8B2A118BFFCAA1ADA2E3CEBF4EF8D9', 'upload/prodimgs/2017/8/11/Image_5E8B2A118BFFCAA1ADA2E3CEBF4EF8D9.png', 'image', 'prodimgs'), ('F8691DC6C020283A7B712A0A2870B2F8', 'upload/prodimgs/2017/8/11/Image_F8691DC6C020283A7B712A0A2870B2F8.png', 'image', 'prodimgs'), ('DC829EC74B371380C995B9FB55A44558', 'upload/news/2017/10/15/Image_DC829EC74B371380C995B9FB55A44558.png', 'image', 'news'), ('527CA7D0703E946621079B1E25135B74', 'upload/prodimgs/2017/10/16/Image_527CA7D0703E946621079B1E25135B74.png', 'image', 'prodimgs'), ('9EE25AB25B61BBB6FF76C6C1A54C2CAF', 'upload/prodimgs/2017/10/16/Image_9EE25AB25B61BBB6FF76C6C1A54C2CAF.png', 'image', 'prodimgs'), ('A6C57AF31329627ECEF66EC2B42C6419', 'upload/prodimgs/2017/10/20/Image_A6C57AF31329627ECEF66EC2B42C6419.png', 'image', 'prodimgs'), ('B3DCC4DA0FEA166B08BC37953D6C2EEB', 'upload/prodimgs/2017/10/20/Image_B3DCC4DA0FEA166B08BC37953D6C2EEB.png', 'image', 'prodimgs'), ('79A4ED742B913E82FA6E99C34DDC5266', 'upload/prodimgs/2017/10/20/Image_79A4ED742B913E82FA6E99C34DDC5266.png', 'image', 'prodimgs'), ('67684F2DC4B3892BBB44EC8067883A91', 'upload/prodimgs/2017/10/20/Image_67684F2DC4B3892BBB44EC8067883A91.png', 'image', 'prodimgs'), ('49B9EEC500D4A55E40FEF5A411276BFA', 'upload/prodimgs/2017/10/21/Image_49B9EEC500D4A55E40FEF5A411276BFA.png', 'image', 'prodimgs'), ('360F786CC0E33E8FDB57058835604F7E', 'upload/prodimgs/2017/10/21/Image_360F786CC0E33E8FDB57058835604F7E.png', 'image', 'prodimgs'), ('32B5E6202E598D835620D33FD729AF7E', 'upload/prodimgs/2017/10/21/Image_32B5E6202E598D835620D33FD729AF7E.png', 'image', 'prodimgs'), ('97BB620477AFAC961BC7CC9ABD4D2F14', 'upload/prodimgs/2017/10/21/Image_97BB620477AFAC961BC7CC9ABD4D2F14.png', 'image', 'prodimgs'), ('DB66212043A6B5C26DF32DE3882CA29C', 'upload/prodimgs/2017/10/21/Image_DB66212043A6B5C26DF32DE3882CA29C.png', 'image', 'prodimgs'), ('92E603184844081E1758B74E19C9900F', 'upload/prodimgs/2017/10/21/Image_92E603184844081E1758B74E19C9900F.png', 'image', 'prodimgs'), ('4D70ED5B07CB2954DF338AA41F617616', 'upload/news/2017/10/22/Image_4D70ED5B07CB2954DF338AA41F617616.png', 'image', 'news'), ('E6F8B86E0AD484ED696C143EA93D8D85', 'upload/news/2017/10/22/Image_E6F8B86E0AD484ED696C143EA93D8D85.png', 'image', 'news'), ('7095F5A71A160641DF49F31C8F2D1A0F', 'upload/news/2017/10/22/Image_7095F5A71A160641DF49F31C8F2D1A0F.png', 'image', 'news'), ('242424AD826DF23CCDB2787BC53F1351', 'upload/news/2017/10/22/Image_242424AD826DF23CCDB2787BC53F1351.png', 'image', 'news'), ('C6240C67B12423A251AFBC189DFD6DDA', 'upload/news/2017/10/22/Image_C6240C67B12423A251AFBC189DFD6DDA.png', 'image', 'news'), ('8FB06F3C6F574B960E059A64446D62D2', 'upload/prodimgs/2017/10/22/Image_8FB06F3C6F574B960E059A64446D62D2.png', 'image', 'prodimgs'), ('391002C0CDB1F319FBB8DD2D11C73DFD', 'upload/prodimgs/2017/10/22/Image_391002C0CDB1F319FBB8DD2D11C73DFD.png', 'image', 'prodimgs'), ('3A1D51D91FFF15517B45760BB49C3F02', 'upload/prodimgs/2017/10/22/Image_3A1D51D91FFF15517B45760BB49C3F02.png', 'image', 'prodimgs'), ('03A2BD1A9B8DBDF7B32CEC5910A4BCD2', 'upload/prodimgs/2017/10/22/Image_03A2BD1A9B8DBDF7B32CEC5910A4BCD2.png', 'image', 'prodimgs'), ('53F16868648FD94843F7FC9432AE56D0', 'upload/news/2017/10/23/Image_53F16868648FD94843F7FC9432AE56D0.png', 'image', 'news'), ('9C79C7D21951ABE06721B0B2E366669A', 'upload/news/2017/10/23/Image_9C79C7D21951ABE06721B0B2E366669A.png', 'image', 'news'), ('E20557A22C85DF66146FD81DABC2C423', 'upload/prodimgs/2017/10/23/Image_E20557A22C85DF66146FD81DABC2C423.png', 'image', 'prodimgs'), ('3B980702771A778CA9E2081432D8765B', 'upload/prodimgs/2017/10/23/Image_3B980702771A778CA9E2081432D8765B.png', 'image', 'prodimgs'), ('22C986D9B9FC087D1557D43A18D21170', 'upload/prodimgs/2017/10/23/Image_22C986D9B9FC087D1557D43A18D21170.png', 'image', 'prodimgs'), ('8CDFA9A3C2D017BF8253A47DC9E8263B', 'upload/prodimgs/2017/10/23/Image_8CDFA9A3C2D017BF8253A47DC9E8263B.png', 'image', 'prodimgs'), ('1D089D7D355CD21B77CD91E8FED37C55', 'upload/prodimgs/2017/10/23/Image_1D089D7D355CD21B77CD91E8FED37C55.png', 'image', 'prodimgs'), ('ECB8120973A783F610B861A3CCCD0ECB', 'upload/prodimgs/2017/10/23/Image_ECB8120973A783F610B861A3CCCD0ECB.png', 'image', 'prodimgs'), ('13F8A75028E55FD1ACCEC86F9E4CF870', 'upload/news/2017/10/24/Image_13F8A75028E55FD1ACCEC86F9E4CF870.png', 'image', 'news'), ('AF7391874CFAB03FDEB50BE75148E57F', 'upload/prodimgs/2017/6/25/Image_AF7391874CFAB03FDEB50BE75148E57F.png', 'image', 'prodimgs'), ('60ACF52B58C89556594CAF7CCE584467', 'upload/prodimgs/2017/6/25/Image_60ACF52B58C89556594CAF7CCE584467.png', 'image', 'prodimgs');
INSERT INTO `sys_files` VALUES ('E46DEFF976A36092D218021A90019202', 'upload/news/2017/7/14/Image_E46DEFF976A36092D218021A90019202.png', 'image', 'news'), ('4A234F1D539A906441D9F016DA82D4A1', 'upload/news/2017/7/14/Image_4A234F1D539A906441D9F016DA82D4A1.png', 'image', 'news'), ('F865ABC08C1145CC66C783D1972E16EE', 'upload/prodimgs/2017/7/27/Image_F865ABC08C1145CC66C783D1972E16EE.png', 'image', 'prodimgs'), ('EB982322555B53E57101436EBFB6D5FA', 'upload/news/2017/7/27/Image_EB982322555B53E57101436EBFB6D5FA.png', 'image', 'news'), ('BF39B056C7168FB9D8A91ECDDAD56534', 'upload/news/2017/7/27/Image_BF39B056C7168FB9D8A91ECDDAD56534.png', 'image', 'news'), ('EC1A4CB3B3632A1F062BE73222CE7DF0', 'upload/prodimgs/2017/8/11/Image_EC1A4CB3B3632A1F062BE73222CE7DF0.png', 'image', 'prodimgs'), ('6DDE35EB00849E88CD62F6F042EA9EF1', 'upload/prodimgs/2017/8/11/Image_6DDE35EB00849E88CD62F6F042EA9EF1.png', 'image', 'prodimgs'), ('E5E0A12F97C956F3DEF055598F7921CD', 'upload/prodimgs/2017/8/11/Image_E5E0A12F97C956F3DEF055598F7921CD.png', 'image', 'prodimgs'), ('F06679AA7076CE7022BCD40EC82CF50C', 'upload/prodimgs/2017/8/11/Image_F06679AA7076CE7022BCD40EC82CF50C.png', 'image', 'prodimgs'), ('0B9D86DC2211F324931337B77817F10B', 'upload/news/2017/9/26/Image_0B9D86DC2211F324931337B77817F10B.png', 'image', 'news'), ('B6C63992D7054AE009782F1ED310D515', 'upload/news/2017/10/7/Image_B6C63992D7054AE009782F1ED310D515.png', 'image', 'news'), ('16959B0EE16CC2C0870AEA87175F32B2', 'upload/news/2017/10/7/Image_16959B0EE16CC2C0870AEA87175F32B2.png', 'image', 'news'), ('9DFA5BAE09B4FF12BC018AF9A9848DF6', 'upload/news/2017/10/7/Image_9DFA5BAE09B4FF12BC018AF9A9848DF6.png', 'image', 'news'), ('3871D4B521100E9B66ECC7A1E8ADFDF1', 'upload/news/2017/10/15/Image_3871D4B521100E9B66ECC7A1E8ADFDF1.png', 'image', 'news'), ('C71B7891CB0A8EEBBF9006F603B6478F', 'upload/news/2017/10/22/Image_C71B7891CB0A8EEBBF9006F603B6478F.png', 'image', 'news'), ('6BE0E3A302A697A618F21A1BE817BEB8', 'upload/prodimgs/2017/10/23/Image_6BE0E3A302A697A618F21A1BE817BEB8.png', 'image', 'prodimgs'), ('FF2DBFB6AB7D3267AB09183E66828A29', 'upload/prodimgs/2017/10/24/Image_FF2DBFB6AB7D3267AB09183E66828A29.png', 'image', 'prodimgs'), ('B481C51C27FB56826536DA78C85D961A', 'upload/prodimgs/2017/10/24/Image_B481C51C27FB56826536DA78C85D961A.png', 'image', 'prodimgs'), ('B93ABAC708258B168F4F69DEB39E3180', 'upload/news/2017/10/24/Image_B93ABAC708258B168F4F69DEB39E3180.png', 'image', 'news'), ('B1C6F2E56BEFC4A01B7AFF6556F7A2D6', 'upload/news/2017/10/24/Image_B1C6F2E56BEFC4A01B7AFF6556F7A2D6.png', 'image', 'news'), ('F69F5039D4141B79CD2593AB476F6840', 'upload/news/2017/10/24/Image_F69F5039D4141B79CD2593AB476F6840.png', 'image', 'news'), ('02B4A45941330B3D256464096EEC7378', 'upload/prodimgs/2017/10/24/Image_02B4A45941330B3D256464096EEC7378.png', 'image', 'prodimgs'), ('6215E06802909A22A41F53A0FA634781', 'upload/prodimgs/2017/10/24/Image_6215E06802909A22A41F53A0FA634781.png', 'image', 'prodimgs'), ('B53CA179D8ED4578113EBA7802CC56E9', 'upload/prodimgs/2017/10/24/Image_B53CA179D8ED4578113EBA7802CC56E9.png', 'image', 'prodimgs'), ('3425179F56B6AAFA42E85A40957A4A91', '..upload/prod_img/2017/6/25/Image_3425179F56B6AAFA42E85A40957A4A91.png', 'image', 'prodimgs'), ('4F369D968B216DF79A98C4F365C78441', 'upload/prod_img/2017/6/25/Image_4F369D968B216DF79A98C4F365C78441.png', 'image', 'prodimgs'), ('7C4607FF4575D4ACA46252FCEB0908F5', 'upload\\prodimgs\\2017\\6\\25\\Image_7C4607FF4575D4ACA46252FCEB0908F5.png', 'image', 'prodimgs'), ('166C5D5D036CCBF3FCE729303A9C2BC9', 'upload\\prodimgs\\2017\\6\\25\\Image_166C5D5D036CCBF3FCE729303A9C2BC9.png', 'image', 'prodimgs'), ('ADF59220466D23908CC424B41E6A2DB2', 'upload/prodimgs/2017/6/31/Image_ADF59220466D23908CC424B41E6A2DB2.png', 'image', 'prodimgs'), ('4EF41AD3282863135DF98EF3FA18E232', 'upload/prodimgs/2017/7/9/Image_4EF41AD3282863135DF98EF3FA18E232.png', 'image', 'prodimgs'), ('FF6A2B34BE130188209F80339F7C0486', 'upload/prodimgs/2017/7/9/Image_FF6A2B34BE130188209F80339F7C0486.png', 'image', 'prodimgs'), ('5FFF78E00D21EA2E379760E660578403', 'upload/prodimgs/2017/7/9/Image_5FFF78E00D21EA2E379760E660578403.png', 'image', 'prodimgs'), ('D1127692D1E33C9538C7261C8DA7382C', 'upload/prodimgs/2017/8/11/Image_D1127692D1E33C9538C7261C8DA7382C.png', 'image', 'prodimgs'), ('B61706A9563450DCA821315C6892E88D', 'upload/prodimgs/2017/8/11/Image_B61706A9563450DCA821315C6892E88D.png', 'image', 'prodimgs'), ('5877DBC93EA46D09827F1C67A71CE99C', 'upload/prodimgs/2017/8/11/Image_5877DBC93EA46D09827F1C67A71CE99C.png', 'image', 'prodimgs'), ('69FCCE25BE544C7B48942D18E0AA9974', 'upload/prodimgs/2017/8/11/Image_69FCCE25BE544C7B48942D18E0AA9974.png', 'image', 'prodimgs'), ('64BC87E6ED5C6ACAAA4B948D7712C379', 'upload/prodimgs/2017/8/11/Image_64BC87E6ED5C6ACAAA4B948D7712C379.png', 'image', 'prodimgs'), ('77EEADF17C035C5A56FCA3968831534E', 'upload/prodimgs/2017/8/11/Image_77EEADF17C035C5A56FCA3968831534E.png', 'image', 'prodimgs'), ('392A6D7977ED1A59DAC34602AEA87237', 'upload/prodimgs/2017/8/11/Image_392A6D7977ED1A59DAC34602AEA87237.png', 'image', 'prodimgs'), ('27CD6A82062B5A2EFE8C4C5C267A951C', 'upload/prodimgs/2017/8/11/Image_27CD6A82062B5A2EFE8C4C5C267A951C.png', 'image', 'prodimgs'), ('7207F10E7986EB5105D5AC9BB0F0239E', 'upload/prodimgs/2017/8/11/Image_7207F10E7986EB5105D5AC9BB0F0239E.png', 'image', 'prodimgs'), ('289E7DF7F45756609B7AF9A390CF32B7', 'upload/prodimgs/2017/8/11/Image_289E7DF7F45756609B7AF9A390CF32B7.png', 'image', 'prodimgs'), ('40E96A53CD8096BE62C8CD410CF0B2E8', 'upload/prodimgs/2017/8/11/Image_40E96A53CD8096BE62C8CD410CF0B2E8.png', 'image', 'prodimgs'), ('AE0A7DADF618B0D848CA307AB9CD1A1F', 'upload/prodimgs/2017/8/11/Image_AE0A7DADF618B0D848CA307AB9CD1A1F.png', 'image', 'prodimgs'), ('5AE9F1E7E2EFAF590AB48F0E610C1C9B', 'upload/prodimgs/2017/8/11/Image_5AE9F1E7E2EFAF590AB48F0E610C1C9B.png', 'image', 'prodimgs'), ('630389C98569DD654AF0F03990A7FEE8', 'upload/prodimgs/2017/8/11/Image_630389C98569DD654AF0F03990A7FEE8.png', 'image', 'prodimgs'), ('F63A65189E0E3A63DC723C5776BD3092', 'upload/prodimgs/2017/8/11/Image_F63A65189E0E3A63DC723C5776BD3092.png', 'image', 'prodimgs'), ('5CDD28CDB550DD3C0CC1FD75A79E02E2', 'upload/prodimgs/2017/8/11/Image_5CDD28CDB550DD3C0CC1FD75A79E02E2.png', 'image', 'prodimgs'), ('12741EE2B3757C3183651D738543DD2F', 'upload/prodimgs/2017/8/11/Image_12741EE2B3757C3183651D738543DD2F.png', 'image', 'prodimgs'), ('4A71A402F6E1D1A2E7F9CB3A5AD8135D', 'upload/prodimgs/2017/8/11/Image_4A71A402F6E1D1A2E7F9CB3A5AD8135D.png', 'image', 'prodimgs'), ('B43538731921D89935AC96492B9FF4C0', 'upload/news/2017/10/15/Image_B43538731921D89935AC96492B9FF4C0.png', 'image', 'news'), ('CF56D58E61487F4A2B933BB84831537A', 'upload/news/2017/10/15/Image_CF56D58E61487F4A2B933BB84831537A.png', 'image', 'news'), ('D04C727B8F8876BF9F77B5FE45BBC3CB', 'upload/news/2017/10/15/Image_D04C727B8F8876BF9F77B5FE45BBC3CB.png', 'image', 'news'), ('3EC1A7B30C1A1DC57538C1AF2DF1C4A0', 'upload/news/2017/10/15/Image_3EC1A7B30C1A1DC57538C1AF2DF1C4A0.png', 'image', 'news'), ('1CA9DE85ADF819BD5001D85A41BA925B', 'upload/news/2017/10/22/Image_1CA9DE85ADF819BD5001D85A41BA925B.png', 'image', 'news'), ('14904361FED9F3532FD2797A300212B6', 'upload/news/2017/10/22/Image_14904361FED9F3532FD2797A300212B6.png', 'image', 'news'), ('E9E85F1C02069D49635AD1A7F8B402DD', 'upload/prodimgs/2017/10/23/Image_E9E85F1C02069D49635AD1A7F8B402DD.png', 'image', 'prodimgs');
COMMIT;

-- ----------------------------
-- Table structure for `sys_help`
-- ----------------------------
DROP TABLE IF EXISTS `sys_help`;
CREATE TABLE `sys_help` (
`help_id`  varchar(50) NOT NULL ,
`help_keyword`  varchar(50) NULL ,
`help_title`  varchar(50) NULL ,
`help_context`  varchar(50) NULL ,
PRIMARY KEY (`help_id`)
)

;

-- ----------------------------
-- Records of SYS_HELP
-- ----------------------------
BEGIN;
COMMIT;

-- ----------------------------
-- Table structure for `sys_job`
-- ----------------------------
DROP TABLE IF EXISTS `sys_job`;
CREATE TABLE `sys_job` (
`seq`  varchar(100) NULL ,
`node`  text NULL ,
`jobname`  varchar(100) NULL ,
`jobgroup`  varchar(100) NULL ,
`jobclassname`  varchar(100) NULL ,
`jobcron`  text NULL ,
`jobtype`  varchar(100) NULL ,
`jobenable`  varchar(10) NULL ,
`mark`  text NULL ,
`recdate`  datetime NULL ,
`last_run`  datetime NULL ,
`inited`  char(1) NULL 
)

;

-- ----------------------------
-- Records of SYS_JOB
-- ----------------------------
BEGIN;
INSERT INTO `sys_job` VALUES ('1', 'local', 'Clearsession', 'systemgroup', 'com.dt.module.base.job.ClearSessionJob', '0 */5 * * * ?', 'sys', 'true', '清理会话', '2017-11-09 11:24:24', '2018-03-16 13:59:57', 'Y'), ('2', 'local', 'BackupModuleJob', 'systemgroup', 'com.dt.module.base.job.BackupModuleJob', '0 0 */1 * * ?', 'sys', 'true', '备份权限', null, '2018-03-16 13:59:57', 'Y'), ('aaaa1e6d2fdbf49cc3b7b58b57v6attt', 'local', 'CollectApiJob', 'systemgroup', 'com.dt.module.base.job.CollectApiJob', '0 0 */1 * * ?', 'sys', 'true', '收集API', '2015-08-20 00:00:00', '2018-03-16 14:00:00', 'Y');
COMMIT;

-- ----------------------------
-- Table structure for `sys_job_dtl`
-- ----------------------------
DROP TABLE IF EXISTS `sys_job_dtl`;
CREATE TABLE `sys_job_dtl` (
`seq`  varchar(100) NULL ,
`jobseq`  text NULL ,
`jobcontent`  text NULL ,
`opertype`  varchar(30) NULL ,
`status`  varchar(30) NULL ,
`reclog`  text NULL ,
`stime`  datetime NULL ,
`etime`  datetime NULL 
)

;

-- ----------------------------
-- Records of SYS_JOB_DTL
-- ----------------------------
BEGIN;
COMMIT;

-- ----------------------------
-- Table structure for `sys_log`
-- ----------------------------
DROP TABLE IF EXISTS `sys_log`;
CREATE TABLE `sys_log` (
`log_id`  varchar(50) NOT NULL ,
`user_id`  varchar(50) NULL ,
`log_date`  datetime NULL ,
`log_detail`  text NULL ,
PRIMARY KEY (`log_id`)
)

;

-- ----------------------------
-- Records of SYS_LOG
-- ----------------------------
BEGIN;
COMMIT;

-- ----------------------------
-- Table structure for `sys_log_access`
-- ----------------------------
DROP TABLE IF EXISTS `sys_log_access`;
CREATE TABLE `sys_log_access` (
`id`  varchar(50) NOT NULL ,
`user_id`  varchar(50) NULL ,
`ip`  varchar(100) NULL ,
`rtime`  datetime NULL ,
`type`  varchar(50) NULL ,
`url`  text NULL ,
`postorget`  text NULL ,
`mark`  text NULL ,
PRIMARY KEY (`id`)
)

;

-- ----------------------------
-- Records of SYS_LOG_ACCESS
-- ----------------------------
BEGIN;
INSERT INTO `sys_log_access` VALUES ('f68ce210-c530-4668-8577-7204814eb318', 'sys', '127.0.0.1', '2018-03-16 16:13:40', null, '/dt/console/', null, null), ('4252499f-ef9c-4d2b-8d94-3ed77c5236fa', 'sys', '127.0.0.1', '2018-03-16 16:17:29', null, '/dt/console/', null, null), ('4d08cea0-4ff3-4fae-9f75-0704dda00d6b', 'sys', '192.168.10.11', '2018-03-17 22:25:01', null, '/dt/console/views/common/footer.html', null, null), ('406faa1c-ca0c-46b6-bfed-cdd2d346a37d', 'sys', '192.168.10.11', '2018-03-16 18:46:04', null, '/dt/console/', null, null), ('d5b5090b-d203-49de-a2ed-376f582fd2f0', 'sys', '192.168.10.11', '2018-03-16 18:46:05', null, '/dt/console/views/common/content.html', null, null), ('8bd4e57e-ecb1-4ba2-91af-8427af3f4cdd', 'sys', '192.168.10.11', '2018-03-16 18:46:05', null, '/dt/console/views/common/navigation.html', null, null), ('1d23e915-7de5-4ea4-b2bd-b157d4794bc1', 'sys', '192.168.10.11', '2018-03-16 18:46:05', null, '/dt/console/views/common/topnavbar.html', null, null);
COMMIT;

-- ----------------------------
-- Table structure for `sys_log_login`
-- ----------------------------
DROP TABLE IF EXISTS `sys_log_login`;
CREATE TABLE `sys_log_login` (
`id`  varchar(50) NOT NULL ,
`ip`  varchar(50) NULL ,
`user_id`  varchar(50) NULL ,
`rdate`  datetime NULL ,
PRIMARY KEY (`id`)
)

;

-- ----------------------------
-- Records of SYS_LOG_LOGIN
-- ----------------------------
BEGIN;
INSERT INTO `sys_log_login` VALUES ('8161f6e7-0b16-45d7-8711-5dae62835932', '127.0.0.1', 'sys', '2017-10-27 16:32:16'), ('d9def1e7-4e2a-4a05-a469-d407a865c4ae', '127.0.0.1', 'sys', '2017-10-27 16:37:00'), ('8aca9596-2104-465a-a329-592671971b02', '127.0.0.1', 'sys', '2017-10-29 17:15:23'), ('5deaae50-c6ff-4bab-93c6-323440360eea', '127.0.0.1', 'sys', '2017-10-30 09:00:56'), ('611872e7-8317-4aa9-a4a9-240e11aa6ac9', '127.0.0.1', 'sys', '2017-10-30 09:18:41'), ('18178d4b-0776-4fe8-9455-b1e66b934c39', '127.0.0.1', 'sys', '2017-10-30 09:26:31'), ('80e7fe90-9775-4f7a-81a2-9aa22e339244', '60.190.7.86', 'sys', '2017-10-30 09:38:04'), ('24aadb1f-d76d-461e-9d05-ffd7f0583507', '60.190.7.86', 'sys', '2017-10-30 10:31:42'), ('772381dc-9541-46ee-8bd7-11ecf484a519', '121.35.182.34', '01e7503f00714ae984d8041a254d43a8', '2017-10-30 12:55:46'), ('d5e63a17-2be9-4ad4-a1b3-173a572b3496', '60.190.7.86', 'sys', '2017-10-30 16:05:32'), ('68518ea9-fa90-4a40-95bd-7a81f8706879', '127.0.0.1', 'sys', '2017-10-31 08:32:45'), ('3c644d2f-909f-4096-b220-5ec1f69bfcbc', '127.0.0.1', 'sys', '2017-10-31 08:43:05'), ('440db3b1-8ce7-46c4-9208-2c18c6bece9f', '127.0.0.1', 'sys', '2017-11-01 12:58:58'), ('521a0975-5c25-4076-9903-9eb3cdeb9048', '127.0.0.1', 'sys', '2017-11-01 12:58:58'), ('59c2fa91-7e6d-410a-9da1-6eedddd8c9e2', '60.190.31.164', 'sys', '2017-11-01 15:42:09'), ('c1fcc074-e44f-4735-98ff-61cac9ea06c9', '60.190.31.164', 'sys', '2017-11-01 15:45:35'), ('341f50a8-3ef7-4f38-9e90-7a8558bb6bc0', '127.0.0.1', 'sys', '2017-11-02 08:47:15'), ('abbd33c6-7d03-44a8-91d2-591ae1aa4573', '127.0.0.1', 'sys', '2017-11-02 08:55:45'), ('8151bff9-7c22-4dc2-ba81-cc17adfb2edd', '127.0.0.1', 'sys', '2017-11-02 09:13:17'), ('f67d6d5b-0bc2-4c0a-832a-a29f1694d509', '127.0.0.1', 'sys', '2017-11-02 09:23:45'), ('db8a327d-13b3-49eb-90cd-dad479facfdc', '127.0.0.1', 'sys', '2017-11-02 09:31:38'), ('6bf20e60-9c56-44b9-ba7a-446830ad015c', '127.0.0.1', 'sys', '2017-11-02 09:48:52'), ('433f02cd-7c37-4a17-9d76-d289292596f7', '127.0.0.1', 'sys', '2017-11-02 12:15:45'), ('fcaf8582-0e18-4a71-bcfd-e5d8c194f449', '127.0.0.1', 'sys', '2017-11-02 12:26:41'), ('a72b7a1a-8e3a-45ef-b787-1659aea56cf9', '127.0.0.1', 'sys', '2017-11-02 13:20:50'), ('8df43871-3966-4850-ad44-86a36b051099', '127.0.0.1', 'sys', '2017-11-03 08:31:07'), ('82126f30-c69d-44a2-ac77-c8f31496538a', '127.0.0.1', 'sys', '2017-11-03 08:36:25'), ('fc755e75-ca01-4934-8ed0-54d1fa93761a', '127.0.0.1', 'sys', '2017-11-03 08:41:09'), ('302fd491-cc08-4aa8-a98c-d1658cafbb4c', '172.16.3.46', 'sys', '2017-11-03 10:06:10'), ('9bf5d556-f535-4cef-89c5-12d0f0f1ce94', '60.190.31.164', 'sys', '2017-11-03 10:33:56'), ('fbc84d23-ada0-493e-9606-34427c29eb22', '60.190.7.86', 'sys', '2017-11-03 10:35:48'), ('9ee79a69-6065-4eca-ac6f-8ac3b416d069', '127.0.0.1', 'sys', '2017-11-03 22:29:28'), ('12a089f0-3572-4875-b7c5-dfe719dc48e7', '127.0.0.1', 'sys', '2017-11-03 22:44:44'), ('b751be76-1d29-4203-b388-f35c2f60dd40', '127.0.0.1', 'sys', '2017-11-03 22:47:50'), ('dbbbf60f-4aa4-4e57-8207-8ac53cbb80f4', '127.0.0.1', 'sys', '2017-11-03 22:53:09'), ('ba546176-7e24-4544-aa17-b0dfa24571f5', '127.0.0.1', 'sys', '2017-11-03 22:55:40'), ('d83a7ca1-2ac0-41af-9c1c-1589761c7918', '127.0.0.1', 'sys', '2017-11-03 22:55:59'), ('88e8f8cc-1703-44a4-9fb1-e46e626e3e4f', '127.0.0.1', 'sys', '2017-11-03 22:58:57'), ('cf32157e-11c2-488c-b4a3-4f461a43e604', '127.0.0.1', 'sys', '2017-11-03 23:00:08'), ('2ed95d07-0a32-4ee9-856b-09c941fe8c22', '127.0.0.1', 'sys', '2017-11-03 23:00:42'), ('0ba640ea-b9af-4fa8-ac81-fde23e911661', '127.0.0.1', 'sys', '2017-11-03 23:03:12'), ('39ea01bb-fae0-4916-ac56-175b6ee19245', '127.0.0.1', 'sys', '2017-11-03 23:04:30'), ('698a0f96-eb87-4758-befd-50423299a593', '127.0.0.1', 'sys', '2017-11-03 23:08:16'), ('a47a28ac-2021-4dfa-96bf-eb115e00787a', '127.0.0.1', 'sys', '2017-11-06 14:44:55'), ('b3c3ab69-4d16-4cd9-9c47-863ab5a56593', '127.0.0.1', 'sys', '2017-11-06 19:50:12'), ('6396fea9-aa3f-4580-bda5-b048b39ef8c7', '127.0.0.1', 'sys', '2017-11-06 19:53:06'), ('29549666-b977-43e8-982b-fbfa63a8dbe1', '127.0.0.1', 'sys', '2017-11-06 19:54:54'), ('0af89034-3cf4-4497-8d0a-b5d240266ca4', '127.0.0.1', 'sys', '2017-11-06 19:57:39'), ('3925b120-b514-4a73-a5cc-9397652c9872', '127.0.0.1', '01e7503f00714ae984d8041a254d43a8', '2017-11-06 19:57:46'), ('617b5912-1ece-4a5b-8e44-88dbf3312b1e', '127.0.0.1', 'sys', '2017-11-06 19:59:29'), ('782a4e23-da12-4a0e-853a-b9a13638782c', '127.0.0.1', '01e7503f00714ae984d8041a254d43a8', '2017-11-06 21:40:49'), ('7f35d72e-772f-4d6f-973c-1519b9ccd767', '127.0.0.1', 'sys', '2017-11-07 06:35:10'), ('a138cad4-f7ff-428d-ac88-49913826b8aa', '127.0.0.1', 'sys', '2017-11-07 06:58:03'), ('bbd0b47c-3de4-4ed4-8e0d-c89107cee221', '127.0.0.1', '01e7503f00714ae984d8041a254d43a8', '2017-11-07 06:58:11'), ('76aabfcf-2e35-48c2-a780-140953b32095', '127.0.0.1', 'sys', '2017-11-07 12:00:57'), ('67539c84-7016-4fa5-b2c4-14cfde1b51fb', '127.0.0.1', 'sys', '2017-11-07 12:27:58'), ('06fdb5e8-a920-49a0-8f5a-50c1dbd4b168', '172.16.3.46', '01e7503f00714ae984d8041a254d43a8', '2017-11-07 12:28:40'), ('a01d0014-6a50-4fa7-9966-279e0fbb84f0', '172.16.3.46', '01e7503f00714ae984d8041a254d43a8', '2017-11-07 12:31:19'), ('aa7601b4-c397-4792-bef0-98931ad64100', '127.0.0.1', 'sys', '2017-11-07 17:31:01'), ('85b9326f-cff3-4068-b745-32abccf2223b', '127.0.0.1', 'sys', '2017-11-07 17:38:01'), ('b7bc9ff9-40dc-44f7-af38-9c0faeb33a75', '127.0.0.1', '14cf3de149d7401e982cf755ab723b18', '2017-11-07 19:49:10'), ('eacacf77-e202-4fb0-b376-c5237fac95fb', '127.0.0.1', 'sys', '2017-11-07 20:00:27'), ('edbe0ff9-5507-4306-a4e8-c7a625393042', '127.0.0.1', 'sys', '2017-11-08 06:54:10'), ('581036c7-2431-44c4-917a-3a82276b24e8', '127.0.0.1', 'sys', '2017-11-08 09:54:02'), ('d151f0ae-52c5-43e7-98c9-067d96bb356c', '127.0.0.1', 'sys', '2017-11-08 09:54:28'), ('a35024aa-46f7-4f03-9cbd-0678bab7c066', '60.190.31.164', '14cf3de149d7401e982cf755ab723b18', '2017-11-08 12:29:58'), ('589c6882-43b2-417c-8f70-07cdff54eddd', '127.0.0.1', 'sys', '2017-11-08 13:15:08'), ('bd256b03-d94d-408b-bacd-0debc5708df7', '127.0.0.1', 'sys', '2017-11-08 13:25:43'), ('b9e533a1-5482-4bce-9893-6c4c8205bf5c', '127.0.0.1', 'sys', '2017-11-08 13:27:38'), ('5613bbf9-7124-4bb1-9dc2-278fb5077c04', '127.0.0.1', 'sys', '2017-11-08 14:01:03'), ('e2e76af5-b122-4335-93a4-0e289200678c', '127.0.0.1', 'sys', '2017-11-09 08:48:20'), ('225da548-b15f-426d-afde-993691618fcc', '127.0.0.1', 'sys', '2017-11-09 08:51:39'), ('c713ef4f-5ee6-46e2-a280-ad631f4b500a', '127.0.0.1', 'sys', '2017-11-09 17:02:38'), ('31e59ef4-3f30-4223-9424-4c59d21aa7f0', '127.0.0.1', 'sys', '2017-11-09 17:12:52'), ('e63a10c0-551f-4cee-a268-1ba5e3cac9f8', '123.152.209.186', 'sys', '2017-11-09 20:04:41'), ('bad279d1-6166-4993-b7e8-e0cb1e61401f', '115.214.20.203', '01e7503f00714ae984d8041a254d43a8', '2017-11-09 20:04:50'), ('d3be8eba-16d7-47c5-b637-197d1035df1d', '127.0.0.1', 'f7e9de374ca24f41b5f9f7428984e6c4', '2017-11-25 07:32:25'), ('8a746c15-6782-4d16-b970-199ce25049af', '127.0.0.1', 'f7e9de374ca24f41b5f9f7428984e6c4', '2017-11-25 10:04:06'), ('caba3ebe-8b6b-406f-a3de-1cbb0d590363', '127.0.0.1', 'f7e9de374ca24f41b5f9f7428984e6c4', '2017-11-25 10:09:35'), ('1c1be011-b1ba-4b13-9f6c-a004ef6fb5e5', '60.190.7.86', 'f7e9de374ca24f41b5f9f7428984e6c4', '2017-11-27 08:26:30'), ('4dd550d4-e2f3-4197-b513-59b177969c3c', '60.190.7.86', 'f7e9de374ca24f41b5f9f7428984e6c4', '2017-11-27 08:26:50'), ('ae2b53f2-d730-4087-9f73-5c972e465d4a', '60.190.7.86', 'f7e9de374ca24f41b5f9f7428984e6c4', '2017-11-27 08:27:15'), ('25c37262-b169-4968-8dca-fc7a2b2eb67d', '60.190.7.86', 'f7e9de374ca24f41b5f9f7428984e6c4', '2017-11-27 08:27:38'), ('7053e89f-11a1-4184-ae3b-ed8540242394', '60.190.7.86', 'f7e9de374ca24f41b5f9f7428984e6c4', '2017-11-27 08:28:47'), ('d2fbd5d0-22c7-48f2-b3e1-042f23417710', '60.190.7.86', 'f7e9de374ca24f41b5f9f7428984e6c4', '2017-11-27 08:29:30'), ('a9882a26-9374-46d8-98cf-17478483856c', '112.17.243.239', 'f7e9de374ca24f41b5f9f7428984e6c4', '2017-11-27 08:30:25'), ('68bb28f7-e11f-40c7-96a5-10a2f101bca7', '60.190.7.86', 'f7e9de374ca24f41b5f9f7428984e6c4', '2017-11-27 08:30:40'), ('0b71c90d-da87-4c4c-b346-06b3aa7ce703', '60.190.7.86', 'f7e9de374ca24f41b5f9f7428984e6c4', '2017-11-27 08:31:17'), ('37826879-a13c-4738-8d62-7ccf43fd698e', '60.190.7.86', 'sys', '2017-11-27 08:33:56'), ('59970ab3-e157-4335-a375-764863205121', '112.17.238.101', 'f7e9de374ca24f41b5f9f7428984e6c4', '2017-11-27 09:47:01'), ('d176f7ac-b1e9-40e8-a692-8357e46458eb', '112.17.238.101', 'f7e9de374ca24f41b5f9f7428984e6c4', '2017-11-27 12:11:16'), ('a8606a88-96a8-4dfa-ae56-694895a58270', '112.17.238.101', 'f7e9de374ca24f41b5f9f7428984e6c4', '2017-11-27 12:12:35'), ('3045d49c-24fa-4159-bf83-cca5262b96d7', '60.190.31.164', 'sys', '2017-11-27 13:32:41'), ('1b29ffce-3888-4eb4-a8ac-d19955459830', '127.0.0.1', 'f7e9de374ca24f41b5f9f7428984e6c4', '2017-11-27 15:44:53'), ('b57b5798-ad7c-4fc8-8aa2-6aceb9e41112', '127.0.0.1', 'f7e9de374ca24f41b5f9f7428984e6c4', '2017-11-27 15:51:19'), ('5ea9b16b-1fdc-43eb-9e1a-195697d3cfd5', '127.0.0.1', 'f7e9de374ca24f41b5f9f7428984e6c4', '2017-11-27 15:51:39'), ('b9d4113f-273c-4e8b-84a3-835dabaa6046', '127.0.0.1', 'f7e9de374ca24f41b5f9f7428984e6c4', '2017-11-27 15:52:26'), ('696e9dd9-7cc7-4291-9490-a2dcc2bd5641', '127.0.0.1', 'f7e9de374ca24f41b5f9f7428984e6c4', '2017-11-27 15:52:58'), ('3814ec12-add6-4555-bf81-d16be197a9ec', '60.190.31.164', 'sys', '2017-10-27 08:51:31'), ('182fcd86-2601-40e4-8510-d15efa2a6ef7', '60.190.7.87', 'sys', '2017-10-27 08:53:14');
INSERT INTO `sys_log_login` VALUES ('dccf11ab-f6fc-497c-ac96-d70fab805d54', '60.190.7.87', 'sys', '2017-10-27 09:40:54'), ('11aa6cae-e610-4f95-afaa-8466c9beeaab', '60.190.7.87', 'sys', '2017-10-27 16:05:16'), ('09e0f63c-0de5-4fee-987b-fc126ac497b7', '60.190.7.86', 'sys', '2017-10-30 08:25:04'), ('fa041c6b-4078-410a-bb0b-bbab9aecd8ec', '127.0.0.1', 'sys', '2017-10-30 08:41:25'), ('2c1cd74c-bc3b-46d7-be27-41277e8ce3ea', '127.0.0.1', 'sys', '2017-10-30 09:08:16'), ('8c35753a-eda9-4095-aa6c-6f3fde57dd24', '127.0.0.1', 'sys', '2017-10-31 13:46:13'), ('3ac81fd3-297c-4410-8edf-50418bea1db4', '60.190.7.86', 'sys', '2017-11-01 07:58:49'), ('834e05cf-8672-4f50-a34f-abb7dc8079c7', '127.0.0.1', 'sys', '2017-11-01 16:57:56'), ('8b11c71f-2d93-4054-a7f9-670df8e2f1f7', '60.190.31.164', 'sys', '2017-11-02 08:37:12'), ('27e74f9e-6dcf-4d9e-857b-dcd594f3e445', '127.0.0.1', 'sys', '2017-11-02 09:05:14'), ('ab9b7b82-b16f-42dc-82f7-caf45047185b', '127.0.0.1', 'sys', '2017-11-02 09:09:18'), ('63695a2e-7243-464c-a1fd-049caacd9d2a', '127.0.0.1', 'sys', '2017-11-02 09:42:31'), ('3316f6eb-ac78-4c65-a005-fcc715fd4295', '127.0.0.1', 'sys', '2017-11-02 09:52:09'), ('de9e5769-02aa-474c-91b8-cf08d2ce1d2e', '127.0.0.1', 'sys', '2017-11-02 10:02:00'), ('9c8bd84a-8122-4d04-a370-2f6e2e4efac5', '60.190.31.164', 'sys', '2017-11-02 10:26:02'), ('fc4bb796-aa06-48ca-88c9-9363eb8449d6', '60.190.31.164', 'sys', '2017-11-02 10:26:17'), ('10aa969a-c8b8-4f5d-a88c-4e677752c06f', '60.190.7.86', 'sys', '2017-11-02 11:29:45'), ('f7853e59-3e45-459a-8733-475d476982e7', '60.190.31.164', 'sys', '2017-11-02 13:40:33'), ('f754a841-c957-4c6a-bf6b-a7792bbd9980', '127.0.0.1', 'sys', '2017-11-04 06:33:45'), ('8f914b0b-9d68-4a49-b5e6-b8b32424a7f8', '127.0.0.1', 'sys', '2017-11-04 06:39:40'), ('6e79d00c-91d6-496c-b2f7-fb66cbffee77', '127.0.0.1', 'sys', '2017-11-04 06:51:49'), ('40a16188-1d1e-404c-9962-210c49da2224', '127.0.0.1', '01e7503f00714ae984d8041a254d43a8', '2017-11-04 07:11:31'), ('f5021ef9-b181-449b-82ab-47e328e411bd', '127.0.0.1', '01e7503f00714ae984d8041a254d43a8', '2017-11-04 07:20:17'), ('cb292359-30c6-4670-9854-f9187ecfb4db', '127.0.0.1', 'sys', '2017-11-04 07:24:41'), ('f8213b42-5835-4303-9dd8-091107e1f023', '127.0.0.1', 'sys', '2017-11-04 07:37:55'), ('711a2756-57fb-4c67-9549-cb4a8ae79d51', '127.0.0.1', '01e7503f00714ae984d8041a254d43a8', '2017-11-04 07:42:22'), ('2678a6a0-bee2-499e-8dbd-ad7655fa34dc', '127.0.0.1', '01e7503f00714ae984d8041a254d43a8', '2017-11-04 07:45:06'), ('cf695475-f8e9-47e7-9d2a-07db201c52be', '127.0.0.1', '01e7503f00714ae984d8041a254d43a8', '2017-11-04 07:55:35'), ('713a812c-f935-4d39-b659-513deed4dee8', '127.0.0.1', '01e7503f00714ae984d8041a254d43a8', '2017-11-04 07:58:50'), ('ecbb4834-70e8-41d4-a3d3-2d130f253117', '127.0.0.1', 'sys', '2017-11-04 08:22:45'), ('1e1e5ef8-56d1-4e32-97ff-b15a4bebe81a', '127.0.0.1', '01e7503f00714ae984d8041a254d43a8', '2017-11-04 08:22:57'), ('8a4ec89c-659c-4e7c-87db-bd0ce3bfe505', '127.0.0.1', '14cf3de149d7401e982cf755ab723b18', '2017-11-04 08:23:03'), ('c73ba586-9bd3-4368-8f53-7777f8259694', '127.0.0.1', 'sys', '2017-11-04 08:54:42'), ('a1be53fa-44c0-435c-93aa-06ad104f529c', '127.0.0.1', 'sys', '2017-11-04 19:19:16'), ('2439046d-e423-4434-b730-365f4979e37b', '127.0.0.1', 'sys', '2017-11-04 19:20:10'), ('14d7ba10-b494-40d9-aeea-20c5daa0094f', '127.0.0.1', 'sys', '2017-11-04 19:26:10'), ('e07c7f58-59d5-45e2-a1db-6ec3f1e42c0a', '127.0.0.1', 'sys', '2017-11-04 19:35:15'), ('daaa3c63-f792-451f-bc7f-03a06fa2dedd', '127.0.0.1', 'sys', '2017-11-04 19:56:01'), ('bd6ca2b2-0dbc-4efc-afa9-005995a24094', '127.0.0.1', 'sys', '2017-11-05 08:49:04'), ('113ea4c7-342f-4da1-890d-5624a34983a5', '127.0.0.1', 'sys', '2017-11-06 09:03:21'), ('0a4b3ca7-fef1-4fd1-96fc-0f62e56f1396', '127.0.0.1', 'sys', '2017-11-06 10:09:39'), ('1ec1c8eb-78c2-4f6e-b082-4b370431c2bd', '127.0.0.1', 'sys', '2017-11-06 16:18:03'), ('9a9465cb-da2d-49ab-a03d-81517380a09f', '127.0.0.1', 'sys', '2017-11-06 17:16:25'), ('71f657bd-2fa3-42bf-8978-85745aa8412f', '127.0.0.1', 'sys', '2017-11-06 19:35:52'), ('93b60e87-f17e-450c-a750-f5b9b838fa02', '127.0.0.1', 'sys', '2017-11-06 19:35:53'), ('564b2249-f313-4ae5-870f-8e6a8cc4045c', '127.0.0.1', 'sys', '2017-11-06 19:44:22'), ('52d42412-d780-475b-a509-c528ae13193b', '127.0.0.1', 'sys', '2017-11-06 19:46:51'), ('0635ef18-4a29-485c-bd0d-fa8357ebfe94', '127.0.0.1', '01e7503f00714ae984d8041a254d43a8', '2017-11-06 21:20:01'), ('833fceff-0cec-4d76-a973-80587b98c7df', '127.0.0.1', 'sys', '2017-11-06 21:34:46'), ('fdfef31c-6e5a-450b-96d4-bc5c39dc3512', '127.0.0.1', '01e7503f00714ae984d8041a254d43a8', '2017-11-06 21:35:01'), ('13537ac7-ae5b-4ef8-a79c-a15cfe5f4a47', '127.0.0.1', 'sys', '2017-11-07 06:48:11'), ('ead0b37e-8309-4422-b743-a396cc8a490e', '127.0.0.1', '01e7503f00714ae984d8041a254d43a8', '2017-11-07 07:00:17'), ('31aee11d-8622-49f9-97d6-d72649addcc1', '60.190.31.164', '01e7503f00714ae984d8041a254d43a8', '2017-11-07 08:15:00'), ('73b3b4c0-68a6-428a-af5f-2c992852e9ab', '60.190.31.164', '01e7503f00714ae984d8041a254d43a8', '2017-11-07 09:03:55'), ('579fd8c7-4511-47cb-b1e9-ab6b6001d0a5', '60.190.7.82', 'sys', '2017-11-07 09:04:58'), ('845197ae-fd41-4f29-8227-dcb7820ee05d', '60.190.31.164', '01e7503f00714ae984d8041a254d43a8', '2017-11-07 09:05:02'), ('8ab544d0-6432-4bcb-a7c2-512eb69c38e5', '60.190.31.164', '01e7503f00714ae984d8041a254d43a8', '2017-11-07 09:06:54'), ('39a1995b-5bf1-4b76-b054-3efee6b8e3ca', '172.16.3.46', '01e7503f00714ae984d8041a254d43a8', '2017-11-07 12:12:41'), ('6fad5796-386a-470f-8d2c-8f4d4768c4dd', '60.190.7.82', 'sys', '2017-11-07 13:03:40'), ('a25e579a-5e5a-417e-9da4-80ac98b8e9af', '60.190.31.164', 'sys', '2017-11-07 13:20:27'), ('3953f367-2a50-4748-90d1-2b938503f7a9', '60.190.31.164', 'sys', '2017-11-07 13:45:31'), ('b81f2893-d19a-4fc4-9b7f-cc0302c32443', '60.190.7.82', 'sys', '2017-11-07 13:45:54'), ('12289a41-6d4b-4f27-8ada-ad2b7b6bc5e8', '60.190.7.83', 'sys', '2017-11-07 14:03:26'), ('268d3a09-4c41-4b3c-badb-28fac3f2281f', '60.190.7.85', '14cf3de149d7401e982cf755ab723b18', '2017-11-07 14:05:09'), ('0cc32db2-5013-4be5-8093-4c08f24eae51', '127.0.0.1', 'sys', '2017-11-07 17:23:54'), ('5ccddc91-2372-479e-8373-ec78c9d1db79', '127.0.0.1', 'sys', '2017-11-07 19:30:17'), ('b10ce7d5-d781-4627-9f3b-a9b68ee0ce9c', '127.0.0.1', '01e7503f00714ae984d8041a254d43a8', '2017-11-07 19:35:11'), ('0cce5589-f0f9-46c5-a229-1d46e5e54ddc', '127.0.0.1', 'sys', '2017-11-07 20:03:21'), ('2dff4a33-81f8-4a06-ae8b-1357327b10f7', '127.0.0.1', 'sys', '2017-11-07 20:03:59'), ('fc6d69c0-a8dc-49b6-b22a-ca142ce09cfb', '60.190.7.82', 'sys', '2017-11-08 08:59:30'), ('b4c46f2f-b07c-4e36-bfcb-0bfb5932e326', '60.190.7.82', '01e7503f00714ae984d8041a254d43a8', '2017-11-08 09:04:36'), ('e883fd1f-5c31-4489-bb79-e483eae0bcb5', '60.190.7.82', 'sys', '2017-11-08 09:28:22'), ('75a77f1e-aa10-4d23-8732-560fbb39ac4b', '60.190.7.82', 'sys', '2017-11-08 10:35:12'), ('cc43c26f-0e01-42c5-89d5-926ce3f2696f', '60.190.7.82', 'sys', '2017-11-08 10:42:41'), ('bf9b69f9-0360-456a-a9da-d1377db3b57e', '127.0.0.1', 'sys', '2017-11-08 12:00:51'), ('d6f87e6f-41ae-401d-b8a1-c7d62a7af9b7', '127.0.0.1', 'sys', '2017-11-08 13:18:29'), ('731ddd57-bc03-4bc0-8475-22e884d516e6', '60.190.7.82', 'sys', '2017-11-08 14:18:07'), ('f165f6c1-c4ba-4d1d-8362-099d41ebfa84', '60.190.7.82', 'sys', '2017-11-08 14:56:31'), ('df4b49b9-2f72-40b3-a657-f699a5a12f84', '60.190.7.82', '01e7503f00714ae984d8041a254d43a8', '2017-11-08 14:56:56'), ('40ab6396-26f8-4576-a76c-cc1cb20187ff', '127.0.0.1', 'sys', '2017-11-09 12:32:28'), ('4de3e7f5-c362-44fc-ba79-27ef522b9bbd', '127.0.0.1', 'sys', '2017-11-09 14:47:05'), ('d4ac83a7-e658-4754-a0f9-9120940855ec', '60.190.7.82', '01e7503f00714ae984d8041a254d43a8', '2017-11-09 15:59:31'), ('1c606551-7d54-45fb-9d79-531334c42b7b', '123.152.209.186', 'sys', '2017-11-09 20:20:21'), ('df29842e-e37a-4a5a-8867-d1e9ecadad76', '123.152.209.186', 'sys', '2017-11-09 20:20:39'), ('41f83fb2-e3ea-45bf-b2cf-b167a46ddb8f', '127.0.0.1', 'sys', '2017-11-10 11:05:22'), ('64464fee-f74d-4631-a8bd-56f4e49cd50d', '127.0.0.1', '01e7503f00714ae984d8041a254d43a8', '2017-11-10 11:05:29'), ('02c53000-f830-4744-989f-8ac1a62c0566', '127.0.0.1', 'sys', '2017-11-10 14:01:03'), ('3fa558d1-2e0d-4ffe-8fc1-9d03d96cb85c', '127.0.0.1', 'sys', '2017-11-10 14:15:05'), ('a98483dc-c98f-42cf-8742-5b8887afaeb4', '127.0.0.1', 'sys', '2017-11-13 10:44:43'), ('68198ca3-a756-453d-96e2-9ef60aeacb90', '122.227.209.117', 'sys', '2017-11-13 14:46:20'), ('7ffd365a-8936-45fe-a29b-16e38b63908f', '122.227.209.117', '01e7503f00714ae984d8041a254d43a8', '2017-11-13 15:00:57'), ('670302a2-9869-4551-8b78-698148eebefb', '127.0.0.1', 'sys', '2017-11-15 09:26:14'), ('f78cb855-b228-420b-8b2f-0837712c3530', '43.246.231.168', '01e7503f00714ae984d8041a254d43a8', '2017-11-19 10:38:48'), ('25bd2f71-20d9-40e9-9e71-9b63b9be35de', '60.190.7.85', 'sys', '2017-11-23 13:58:46'), ('df7cfbf9-fda9-438d-8f33-60853d111f47', '127.0.0.1', 'sys', '2017-11-24 08:34:30'), ('50f55527-4354-4c73-812f-2793fc572738', '127.0.0.1', 'sys', '2017-11-25 07:48:12'), ('fbb6c05d-df52-4b00-a9e6-721f0440577d', '127.0.0.1', 'f7e9de374ca24f41b5f9f7428984e6c4', '2017-11-25 10:05:31'), ('34a181e7-c0eb-412e-b5cc-236205e06368', '60.190.31.164', '01e7503f00714ae984d8041a254d43a8', '2017-10-27 10:37:42'), ('bc905093-4fee-4feb-9b38-4cd52bbb792b', '60.190.31.164', '01e7503f00714ae984d8041a254d43a8', '2017-10-27 10:37:42'), ('1b10236a-6e2f-4438-bdb2-1cca2c5cef53', '127.0.0.1', 'sys', '2017-10-29 16:48:54');
INSERT INTO `sys_log_login` VALUES ('d1b58d7f-c100-4f53-af22-e6bbce65b9e9', '115.214.28.180', 'sys', '2017-10-29 17:24:06'), ('eba4bd0f-6f51-42ca-a88d-1cb8944010ac', '115.214.28.180', 'sys', '2017-10-29 20:55:28'), ('7be5f6ba-9688-4717-95f5-600dddb6e0aa', '115.214.28.180', 'sys', '2017-10-29 20:59:55'), ('f7c5a189-5915-49dd-a83b-f4913266c0f9', '115.214.28.180', 'sys', '2017-10-29 21:03:04'), ('82b02be7-651f-4d5c-82a5-5e5a4a01c1fc', '127.0.0.1', 'sys', '2017-10-29 21:16:49'), ('218e61dc-c6e2-4a26-9204-b89eb0133b36', '127.0.0.1', 'sys', '2017-10-31 10:07:21'), ('61e0c935-f8fe-4150-b62c-ccb779be73fb', '127.0.0.1', 'sys', '2017-11-01 14:51:21'), ('7d445a37-a467-4baf-9d99-3673020c3851', '127.0.0.1', 'sys', '2017-11-01 15:08:53'), ('2de899b2-e074-4729-9400-b93af3770cbc', '127.0.0.1', 'sys', '2017-11-02 10:15:47'), ('4bd5e92f-9ce7-4bd5-98ba-c83c41b9e0d0', '127.0.0.1', 'sys', '2017-11-06 19:42:40'), ('23b8d844-7023-4a1b-86dc-f45bd5e6b8c0', '127.0.0.1', '01e7503f00714ae984d8041a254d43a8', '2017-11-07 07:07:24'), ('ef87da32-e84a-4120-9093-4a86e179fa91', '60.190.7.82', 'sys', '2017-11-07 09:41:23'), ('ffe37cb1-581f-4d47-bcac-be9a9cea86f2', '60.190.7.82', 'sys', '2017-11-07 09:52:46'), ('cca415a8-bc58-4247-a20d-17e1795b1dfd', '60.190.7.82', '01e7503f00714ae984d8041a254d43a8', '2017-11-07 09:58:52'), ('529e0ff2-cec9-40bf-b259-37ec66d7fa8c', '60.190.7.82', 'sys', '2017-11-07 09:59:15'), ('684fbc4a-8b8c-4989-8265-14e4a4218f64', '60.190.7.82', 'sys', '2017-11-07 10:10:24'), ('efaeeee1-82a6-42f7-8865-149758e2a042', '60.190.7.82', '01e7503f00714ae984d8041a254d43a8', '2017-11-07 10:10:46'), ('d49e887e-8bd9-4386-9be4-dac9240cc7d9', '127.0.0.1', 'sys', '2017-11-07 15:45:59'), ('df47fe25-fc51-4273-b65b-78b6cdeaaf3b', '127.0.0.1', 'sys', '2017-11-07 19:17:58'), ('f2fd189b-c1f0-47b8-83f5-72b1953e7f9f', '127.0.0.1', 'sys', '2017-11-07 19:57:10'), ('3c3d3597-a7ae-4d32-997f-1875d29ae083', '123.152.130.180', 'sys', '2017-11-07 20:24:13'), ('8f710169-a176-4ca0-9e3b-341dbe9f513b', '112.17.244.43', 'sys', '2017-11-08 08:03:29'), ('0e940714-c0dd-4d78-b87d-bd325876aa2a', '60.190.31.164', 'sys', '2017-11-08 08:59:51'), ('e8dad7ad-be9e-44c7-835a-26891362f121', '60.190.7.82', '01e7503f00714ae984d8041a254d43a8', '2017-11-08 09:03:36'), ('997ba198-279e-41a3-933f-1dec32abcaf9', '127.0.0.1', 'sys', '2017-11-08 10:20:21'), ('398c52e1-7084-419f-a19a-0720aa775d9a', '60.190.31.164', 'sys', '2017-11-08 14:11:26'), ('89531636-9a6c-4e95-8440-42920c771993', '60.190.31.164', 'sys', '2017-11-08 14:39:01'), ('f3e4b83e-6757-43ff-9269-c744c23fa56a', '60.190.31.164', 'sys', '2017-11-08 15:08:59'), ('ca0664d9-cbe4-4db9-a306-1d5e63fc0558', '127.0.0.1', '01e7503f00714ae984d8041a254d43a8', '2017-11-09 12:07:27'), ('e5d52450-3816-451c-82da-86cb2592061b', '171.217.95.14', '01e7503f00714ae984d8041a254d43a8', '2017-11-09 13:21:51'), ('44c352aa-e33a-4421-9a27-04d65023279e', '123.152.209.186', 'sys', '2017-11-09 20:15:38'), ('acbec49a-784e-4299-bc0a-baf4cf03302c', '123.152.209.186', 'sys', '2017-11-09 20:19:56'), ('03580201-5ffa-4461-b351-2860a3d26d9f', '123.152.209.186', '01e7503f00714ae984d8041a254d43a8', '2017-11-09 20:20:16'), ('596b9ae3-62e2-45f1-91dc-6cb44b89b9eb', '123.152.209.186', '14cf3de149d7401e982cf755ab723b18', '2017-11-09 20:20:28'), ('49eb1827-71a0-48a6-8594-0f83bcb2ed7f', '127.0.0.1', 'sys', '2017-11-10 09:06:03'), ('82946a38-fff4-47a8-b82e-dedea9f80515', '127.0.0.1', 'sys', '2017-11-10 11:05:22'), ('247b4009-7a31-4fa2-b823-69dd0e982986', '127.0.0.1', '01e7503f00714ae984d8041a254d43a8', '2017-11-10 11:05:30'), ('7259dd40-62c4-41d3-a6fd-842db759475d', '127.0.0.1', 'sys', '2017-11-10 11:16:56'), ('5ead2d83-df83-4492-b791-4ade19fce869', '60.190.7.83', '01e7503f00714ae984d8041a254d43a8', '2017-11-16 17:41:40'), ('17ad0ec8-9d75-4286-a006-4b31570beb1f', '117.173.134.71', '01e7503f00714ae984d8041a254d43a8', '2017-11-21 19:45:35'), ('437adacb-a995-438d-9ee1-02b882b8236b', '127.0.0.1', 'sys', '2017-11-22 15:26:05'), ('317de65b-5406-4616-a232-b5ac14d0e2d4', '60.190.31.164', 'sys', '2017-11-22 17:38:26'), ('b78c09da-2407-4fe6-994f-62397ec288db', '127.0.0.1', 'f7e9de374ca24f41b5f9f7428984e6c4', '2017-11-25 10:05:08'), ('a33a6fb0-3867-40c4-b59d-6b7fe97d5bbd', '127.0.0.1', 'f7e9de374ca24f41b5f9f7428984e6c4', '2017-11-27 08:13:51'), ('ad96dbc4-03d1-4462-bb96-3fe6936a96d5', '127.0.0.1', 'f7e9de374ca24f41b5f9f7428984e6c4', '2017-11-27 08:17:27'), ('8726a191-514e-4edc-83db-2b2ca6ed7d9f', '127.0.0.1', 'f7e9de374ca24f41b5f9f7428984e6c4', '2017-11-27 08:17:37'), ('4d868cc6-9621-42f2-a4da-7d8a7dc8835d', '127.0.0.1', 'f7e9de374ca24f41b5f9f7428984e6c4', '2017-11-27 08:17:40'), ('6643c56a-d2d9-43dd-9f4f-8ce959b5c269', '127.0.0.1', 'f7e9de374ca24f41b5f9f7428984e6c4', '2017-11-27 08:18:06'), ('fcbd89d5-3047-4d94-a2cf-a93f04a8a515', '127.0.0.1', 'f7e9de374ca24f41b5f9f7428984e6c4', '2017-11-27 08:18:10'), ('d4c67384-8ebe-4d9f-943c-09998d3fd9fc', '127.0.0.1', 'f7e9de374ca24f41b5f9f7428984e6c4', '2017-11-27 08:21:44'), ('730784cb-9703-4019-bbc5-5d75ae0d6001', '112.17.238.101', 'f7e9de374ca24f41b5f9f7428984e6c4', '2017-11-27 09:47:22'), ('8e747a19-ec20-4bc5-904e-4ff4df8e4dc7', '112.17.238.101', 'f7e9de374ca24f41b5f9f7428984e6c4', '2017-11-27 10:18:20'), ('dff21975-b9bc-4198-8e69-5a19b4b796b7', '60.190.7.86', 'f7e9de374ca24f41b5f9f7428984e6c4', '2017-11-27 10:30:34'), ('dbf8cd7f-69bf-4c74-8a3f-5f09e940bae8', '60.190.7.86', 'f7e9de374ca24f41b5f9f7428984e6c4', '2017-11-27 10:30:43'), ('4dff209f-aa39-4992-ba6c-b321734496c3', '60.190.7.86', 'f7e9de374ca24f41b5f9f7428984e6c4', '2017-11-27 15:02:26'), ('77608b74-53b7-429e-a610-2687e33bc0a0', '127.0.0.1', 'f7e9de374ca24f41b5f9f7428984e6c4', '2017-11-27 15:41:00'), ('b9b805cf-57eb-40d9-9673-d451aadfd74b', '127.0.0.1', 'f7e9de374ca24f41b5f9f7428984e6c4', '2017-11-27 15:41:12'), ('b882d0bb-0936-4db5-ace0-8dc7d2617c80', '127.0.0.1', 'f7e9de374ca24f41b5f9f7428984e6c4', '2017-11-27 15:41:35'), ('34f0e118-fbb3-43fc-96b0-f72c4d7670c3', '127.0.0.1', 'f7e9de374ca24f41b5f9f7428984e6c4', '2017-11-27 15:41:42'), ('df43dc02-f0a2-498b-ad89-a27fb2ff5b6c', '127.0.0.1', 'f7e9de374ca24f41b5f9f7428984e6c4', '2017-11-27 15:42:14'), ('6bd98bcd-2b64-4b05-a0b4-a1df89b26ec1', '127.0.0.1', 'f7e9de374ca24f41b5f9f7428984e6c4', '2017-11-27 15:42:30'), ('31220e94-e89c-4fab-b1e5-8b878c41bc57', '127.0.0.1', 'f7e9de374ca24f41b5f9f7428984e6c4', '2017-11-27 15:42:53'), ('15ef9844-4b4d-4129-9048-de008f8c6b3c', '127.0.0.1', 'f7e9de374ca24f41b5f9f7428984e6c4', '2017-11-27 15:47:11'), ('031c7aec-fa37-4d5b-8339-82d2d28a3228', '127.0.0.1', 'f7e9de374ca24f41b5f9f7428984e6c4', '2017-11-27 15:47:40'), ('b129504d-d491-45de-8134-1df0d9707c19', '127.0.0.1', 'f7e9de374ca24f41b5f9f7428984e6c4', '2017-11-27 15:47:41'), ('f63b7f0a-a9c7-452d-8c11-436946af5195', '127.0.0.1', 'f7e9de374ca24f41b5f9f7428984e6c4', '2017-11-27 15:50:06'), ('8361804a-2643-4c66-8da4-e82ab5dd61a3', '127.0.0.1', 'f7e9de374ca24f41b5f9f7428984e6c4', '2017-11-27 15:53:53'), ('6297d2cd-e668-4e0d-b241-9f1bf2928371', '127.0.0.1', 'f7e9de374ca24f41b5f9f7428984e6c4', '2017-11-27 15:53:54'), ('de3706a1-6f82-45a3-9d53-48b8852bf391', '127.0.0.1', 'f7e9de374ca24f41b5f9f7428984e6c4', '2017-11-27 15:54:00'), ('67586729-ebd1-4343-895d-0ec9bd1b2f1a', '127.0.0.1', 'f7e9de374ca24f41b5f9f7428984e6c4', '2017-11-27 15:54:05'), ('afee2890-dc08-4ca6-a7e0-661a8cf0feb7', '127.0.0.1', 'f7e9de374ca24f41b5f9f7428984e6c4', '2017-11-27 15:54:20'), ('0dd6f3ba-92ad-4f1c-8c68-b1d8f19a09a3', '127.0.0.1', 'f7e9de374ca24f41b5f9f7428984e6c4', '2017-11-27 15:54:28'), ('34933c58-cef5-40b0-9e17-b7e8b5f8993f', '127.0.0.1', 'f7e9de374ca24f41b5f9f7428984e6c4', '2017-11-27 15:54:57'), ('a2a92683-188f-45b7-9891-497371c97308', '127.0.0.1', 'f7e9de374ca24f41b5f9f7428984e6c4', '2017-11-27 15:55:12'), ('da87c18d-bfec-41f9-8925-abf6e8a6d340', '127.0.0.1', 'f7e9de374ca24f41b5f9f7428984e6c4', '2017-11-27 15:55:19'), ('d56e04c4-8e54-4e3f-a5d1-4403a7ba4b48', '127.0.0.1', 'f7e9de374ca24f41b5f9f7428984e6c4', '2017-11-27 15:56:24'), ('ebedf8be-2d7b-4d61-9444-12a9a95bd9ec', '127.0.0.1', 'f7e9de374ca24f41b5f9f7428984e6c4', '2017-11-27 15:56:29'), ('f0f793e6-bba6-4790-acf9-e5efca391172', '127.0.0.1', 'f7e9de374ca24f41b5f9f7428984e6c4', '2017-11-27 15:56:36'), ('1f22942d-15c4-4322-a983-c8149f745752', '127.0.0.1', 'f7e9de374ca24f41b5f9f7428984e6c4', '2017-11-27 15:56:41'), ('83944fd3-28f5-40de-9bb3-9db953aad3bc', '127.0.0.1', 'f7e9de374ca24f41b5f9f7428984e6c4', '2017-11-27 15:56:51'), ('062850f9-e727-4c05-aa56-c0dc2970f6b3', '127.0.0.1', 'f7e9de374ca24f41b5f9f7428984e6c4', '2017-11-27 15:58:13'), ('79300a04-b2b0-404e-992e-2fec3c5ff205', '127.0.0.1', 'f7e9de374ca24f41b5f9f7428984e6c4', '2017-11-27 15:58:25'), ('8df6ac13-ed29-45a1-8420-5178b16607c7', '127.0.0.1', 'f7e9de374ca24f41b5f9f7428984e6c4', '2017-11-27 15:58:47'), ('fabecfe4-bf6b-4fa5-b4e3-c1fc30bf12c8', '127.0.0.1', 'sys', '2017-10-27 08:26:02'), ('0f0879cf-6c12-4f46-9566-e0ac2f542820', '127.0.0.1', '01e7503f00714ae984d8041a254d43a8', '2017-10-27 08:26:25'), ('035f162f-cd23-4f23-b8a6-408b33cfe1f3', '127.0.0.1', 'sys', '2017-10-27 08:28:49'), ('7c1cd06f-c362-44c5-b13b-acb113595c7a', '60.190.31.164', '14cf3de149d7401e982cf755ab723b18', '2017-10-27 10:38:06'), ('1d2dc544-c49b-4bb8-996d-ac21dd0445dc', '60.190.31.164', '14cf3de149d7401e982cf755ab723b18', '2017-10-27 10:38:41'), ('98d32cac-43e9-4c5f-b159-7dcf054fa075', '106.121.0.207', '01e7503f00714ae984d8041a254d43a8', '2017-10-28 21:56:23'), ('c9f98cf9-6f1e-4132-b590-7c287f6cad79', '115.214.28.180', 'sys', '2017-10-29 07:41:07'), ('1bdc61ee-54a7-4339-8928-8e5b258aa285', '115.214.28.180', 'sys', '2017-10-29 16:59:58'), ('ef6bb7fd-34c9-4782-b12a-0189a0b4a984', '115.214.28.180', 'sys', '2017-10-29 18:57:12'), ('fdad7478-700f-473c-b9ef-9f90d732321e', '60.190.7.86', 'sys', '2017-11-01 09:39:00'), ('8263bbd4-ecfb-4d35-8a42-942fcd0c90dd', '127.0.0.1', 'sys', '2017-11-01 09:52:00'), ('aa8ec93d-ce43-446e-87c8-df55359fe55a', '127.0.0.1', 'sys', '2017-11-01 10:03:23'), ('f82359c0-702b-4882-aabd-d8ac737a336e', '127.0.0.1', 'sys', '2017-11-01 12:40:08'), ('ebfc3681-d49d-4ff0-b824-2cc9b3e6287f', '127.0.0.1', 'sys', '2017-11-01 12:42:23'), ('d3e30297-b62b-48d2-8fb7-1c38df14be16', '127.0.0.1', 'sys', '2017-11-01 12:46:42'), ('49114377-d206-4884-9d3b-6095039f0d3c', '127.0.0.1', 'sys', '2017-11-01 14:51:21'), ('e93d4488-da62-4e02-a9aa-40577e4295df', '127.0.0.1', 'sys', '2017-11-01 14:56:52');
INSERT INTO `sys_log_login` VALUES ('39c7407d-de0d-4ff7-94a9-b7ef27619a5d', '127.0.0.1', 'sys', '2017-11-02 11:30:43'), ('78202faf-125c-4c87-aa15-d957b7f74d14', '127.0.0.1', 'sys', '2017-11-03 08:36:25'), ('06a2aa53-9cbd-49ab-883f-22b1d8f9d5d6', '172.16.3.46', 'sys', '2017-11-03 09:42:42'), ('8b775256-d8e1-483b-b9ec-a9c662b3290f', '172.16.3.46', 'sys', '2017-11-03 09:54:30'), ('8b3ca0fd-8ae3-474a-b373-bc64c362d55b', '127.0.0.1', 'sys', '2017-11-03 11:15:33'), ('d43fa8ad-af0b-4e10-8bd4-ad22a37b98c4', '127.0.0.1', 'sys', '2017-11-04 08:14:50'), ('5bfcc2f4-cd40-4eb9-baa3-c58dcdd863a8', '127.0.0.1', 'sys', '2017-11-04 08:15:38'), ('22910f0f-3203-44a0-8a86-2593ddda40df', '127.0.0.1', 'sys', '2017-11-04 08:45:44'), ('4433bd6d-166b-41e4-bf31-197779a6f866', '127.0.0.1', 'sys', '2017-11-04 08:48:22'), ('da05913b-c838-4c32-9155-015c3ec4edd4', '127.0.0.1', 'sys', '2017-11-06 09:31:54'), ('34e1ff3c-7694-441b-a33f-87dca845ed31', '127.0.0.1', 'sys', '2017-11-06 09:33:15'), ('9b910f95-5276-497d-be06-027db05aac09', '127.0.0.1', 'sys', '2017-11-06 09:36:10'), ('7e1ed745-0c45-4eb4-8afc-87eb5fc507f1', '127.0.0.1', '14cf3de149d7401e982cf755ab723b18', '2017-11-06 19:41:57'), ('d72be9f6-4ed7-4dc2-a392-0f560fc6071a', '127.0.0.1', 'sys', '2017-11-06 20:09:16'), ('4177f11c-5872-4f1b-95d8-3c347f53b355', '127.0.0.1', '01e7503f00714ae984d8041a254d43a8', '2017-11-06 20:12:29'), ('7dac3d38-781b-4629-9922-4ee82edf0828', '127.0.0.1', 'sys', '2017-11-06 20:14:01'), ('26319121-308f-4a5e-a0ba-1d342fbbd1fe', '127.0.0.1', 'sys', '2017-11-06 20:14:13'), ('3f527d43-b280-4b22-adca-93097ec30579', '127.0.0.1', '01e7503f00714ae984d8041a254d43a8', '2017-11-06 20:14:20'), ('00480b44-c616-4e0e-bb5f-cb9dbcba6e17', '127.0.0.1', 'sys', '2017-11-07 06:48:10'), ('b5818b15-53a2-4339-8c1b-fcb7b7366aef', '127.0.0.1', 'sys', '2017-11-07 06:51:21'), ('6e82ca5b-2b8d-4db5-92bf-14a723f01df6', '127.0.0.1', 'sys', '2017-11-07 06:52:14'), ('0d35cf6e-d524-4f3c-8891-84c86fda81b5', '127.0.0.1', '01e7503f00714ae984d8041a254d43a8', '2017-11-07 06:55:15'), ('f019287e-e5fe-483a-aa9f-5850c5e8377f', '127.0.0.1', 'sys', '2017-11-07 08:09:06'), ('e9588a1b-80d0-4899-a47d-e7cd11ab23a7', '172.16.3.46', 'sys', '2017-11-07 12:12:04'), ('2b954192-4e76-46f4-9752-27c8dba66da0', '172.16.3.46', '01e7503f00714ae984d8041a254d43a8', '2017-11-07 12:12:10'), ('eb5750ef-0676-43c1-b7b1-3a88b39057bd', '172.16.3.46', '14cf3de149d7401e982cf755ab723b18', '2017-11-07 12:12:17'), ('6db13389-7e32-4dfc-b8f6-bf77cdc6a2a2', '172.16.3.46', 'sys', '2017-11-07 12:35:08'), ('66064c0e-6c56-45e7-a6b8-9385a2365c6a', '172.16.3.46', '01e7503f00714ae984d8041a254d43a8', '2017-11-07 13:07:10'), ('49fa2d2c-f84e-4d90-bfba-610a9c5d4613', '60.190.31.164', '01e7503f00714ae984d8041a254d43a8', '2017-11-07 14:14:06'), ('6b43909a-8022-4d3d-9c7d-cba776ef058d', '127.0.0.1', 'sys', '2017-11-07 19:07:34'), ('907c577c-3284-4453-93da-55053c637c3c', '123.152.130.180', 'sys', '2017-11-08 07:10:43'), ('2ec5f1fb-281d-4f9d-a351-3da6b39b0329', '112.17.244.43', 'sys', '2017-11-08 08:02:20'), ('8e2d1ed3-dac1-4146-b564-c7b38f947503', '127.0.0.1', 'sys', '2017-11-08 09:31:16'), ('095a1bee-50bb-41f8-b708-6a20ad0e9ff3', '127.0.0.1', 'sys', '2017-11-08 09:38:52'), ('7d90291c-d84c-4cc3-8a7d-caf4607796a5', '127.0.0.1', 'sys', '2017-11-08 09:44:23'), ('3d4cf38d-8bc2-49eb-8eba-f63c2782f7f2', '127.0.0.1', '01e7503f00714ae984d8041a254d43a8', '2017-11-08 09:46:04'), ('2c3fe06e-3f74-4330-87f4-db270b4fe0c2', '127.0.0.1', 'sys', '2017-11-08 09:49:47'), ('0d771160-72ab-4bde-90dc-ba41c384c27c', '60.190.31.164', 'sys', '2017-11-08 10:31:18'), ('edfcab6e-d438-416c-b4de-659ff37dc6fb', '60.190.31.164', '14cf3de149d7401e982cf755ab723b18', '2017-11-08 11:47:17'), ('fbf3c432-af6c-4fde-9b03-1ad7ec6e40b0', '60.190.31.164', '01e7503f00714ae984d8041a254d43a8', '2017-11-08 12:30:10'), ('a6450670-6d04-44ff-a3d4-b2d0e1bab892', '127.0.0.1', 'sys', '2017-11-08 13:56:56'), ('a8516ccd-dc7e-4565-a387-5a561f70804e', '127.0.0.1', 'sys', '2017-11-08 13:58:22'), ('55f83768-576c-4d97-aa5f-a51219d2d537', '127.0.0.1', 'sys', '2017-11-08 14:06:14'), ('7937553d-0095-4ed6-b3f7-e59a27ffa1a2', '127.0.0.1', 'sys', '2017-11-08 14:06:24'), ('c55506b7-474d-4493-983a-70d56412f175', '60.190.7.82', 'sys', '2017-11-08 14:07:48'), ('6939471e-6527-4acb-80da-d80f28586e68', '60.190.7.84', 'sys', '2017-11-08 15:32:41'), ('2b171187-1e88-4cea-b256-a6a3371f23c9', '127.0.0.1', 'sys', '2017-11-09 07:02:40'), ('2223955a-7e8e-4cd8-a1cd-6ed5a4998831', '127.0.0.1', 'sys', '2017-11-09 07:06:35'), ('7bf5f7e7-8c1d-4946-bada-f5df6c8f920f', '127.0.0.1', '01e7503f00714ae984d8041a254d43a8', '2017-11-09 11:46:43'), ('bb0fed5a-4b55-4143-96a2-d9d4b96d1dd7', '127.0.0.1', 'sys', '2017-11-09 11:47:06'), ('ac755b99-b258-4543-b4a9-fa533f0d3579', '127.0.0.1', '01e7503f00714ae984d8041a254d43a8', '2017-11-09 11:47:37'), ('877bb215-bfc6-4b52-948d-080ff8724ea3', '127.0.0.1', 'sys', '2017-11-09 12:45:03'), ('5f379ca7-9a57-4aad-8a7f-3dd62920381e', '127.0.0.1', '01e7503f00714ae984d8041a254d43a8', '2017-11-10 11:05:29'), ('3645abf3-4cb1-470c-b00b-a35238d109e3', '127.0.0.1', 'sys', '2017-11-10 14:15:05'), ('f7a5a2e7-f042-4e34-9d37-4a51074728c8', '60.190.31.164', 'sys', '2017-11-22 17:39:13'), ('dd4c3d5c-b917-49e0-8b52-5319a5986700', '218.26.35.77', 'sys', '2017-11-22 17:42:05'), ('982513da-f926-4e78-b0c6-71578e2cc2c1', '218.26.35.77', 'sys', '2017-11-22 17:42:25'), ('b87184e7-cb2e-4081-bc15-53b0f3ede640', '218.26.35.77', '01e7503f00714ae984d8041a254d43a8', '2017-11-22 17:42:31'), ('5750f068-0890-4606-a5f9-19fefff26ce0', '60.190.7.85', 'sys', '2017-11-24 15:40:23'), ('4637014e-b472-4e49-9f5a-4151e6bc75ed', '127.0.0.1', 'sys', '2017-11-25 07:48:12'), ('560e95f2-374b-4c6a-accd-855a8f71707c', '127.0.0.1', 'f7e9de374ca24f41b5f9f7428984e6c4', '2017-11-27 08:21:14'), ('3e328c7c-80b3-48e3-80c9-24fe3f06304f', '127.0.0.1', 'f7e9de374ca24f41b5f9f7428984e6c4', '2017-11-27 08:21:15'), ('36b51e77-1acf-4957-a0cb-fd26426005a2', '127.0.0.1', 'f7e9de374ca24f41b5f9f7428984e6c4', '2017-11-27 08:21:30'), ('6e958812-bc7a-4f0e-b7da-a3322e87ff76', '112.17.238.101', 'f7e9de374ca24f41b5f9f7428984e6c4', '2017-11-27 09:47:45'), ('995094ab-4ee5-4861-93e7-9832078a6995', '60.190.7.86', 'f7e9de374ca24f41b5f9f7428984e6c4', '2017-11-27 11:51:31'), ('0f3e6265-4a95-449c-8614-652c52e6f8eb', '127.0.0.1', 'sys', '2017-11-27 15:05:26'), ('8d31f9c8-bea9-4309-b084-23375a72c56c', '127.0.0.1', '01e7503f00714ae984d8041a254d43a8', '2017-11-27 15:06:13'), ('3f63215a-7ead-4406-ae89-31900f9b2177', '127.0.0.1', '01e7503f00714ae984d8041a254d43a8', '2017-11-27 15:39:14'), ('83113d92-8b2a-435f-b928-9bd0c0bedb71', '127.0.0.1', 'f7e9de374ca24f41b5f9f7428984e6c4', '2017-11-27 15:40:32'), ('9094c941-0247-412c-bba4-beb929e06f0f', '127.0.0.1', 'f7e9de374ca24f41b5f9f7428984e6c4', '2017-11-27 15:40:44'), ('5557f2a9-2618-46e7-a38e-45de4feeac7e', '127.0.0.1', 'f7e9de374ca24f41b5f9f7428984e6c4', '2017-11-27 15:42:24'), ('2f933c6d-8983-45bc-b4ae-e48461d9bf12', '127.0.0.1', 'f7e9de374ca24f41b5f9f7428984e6c4', '2017-11-27 15:43:02'), ('5757c644-1f4d-4f14-bfd1-39c375743059', '127.0.0.1', 'f7e9de374ca24f41b5f9f7428984e6c4', '2017-11-27 15:43:50'), ('12c93bc1-577d-4313-9c5e-f63ab62431a8', '127.0.0.1', 'f7e9de374ca24f41b5f9f7428984e6c4', '2017-11-27 15:44:20'), ('29cb8d10-0860-495c-8415-5021cbcb0216', '127.0.0.1', 'f7e9de374ca24f41b5f9f7428984e6c4', '2017-11-27 15:45:07'), ('b5bb63f4-27c8-4fa6-ae68-74f96abe5c2b', '127.0.0.1', 'f7e9de374ca24f41b5f9f7428984e6c4', '2017-11-27 15:50:34'), ('f48cd53b-9889-44dd-b272-7df17af2153f', '127.0.0.1', 'f7e9de374ca24f41b5f9f7428984e6c4', '2017-11-27 15:50:59'), ('0ff37605-6766-42c5-8e9b-4d55efc4ef6e', '127.0.0.1', 'f7e9de374ca24f41b5f9f7428984e6c4', '2017-11-27 15:51:16'), ('e77d8adf-fa98-4c95-a6fe-77a81c40e18e', '127.0.0.1', 'sys', '2017-11-01 10:07:00'), ('0a26a65b-c59b-4013-8084-abd9c1ee6a67', '127.0.0.1', 'sys', '2017-11-01 10:10:13'), ('0b90a3a4-8ad5-4a94-9cb4-7abe81cac530', '127.0.0.1', 'sys', '2017-11-01 12:37:09'), ('4e8bc0aa-b853-4b30-84ec-938666e49387', '60.190.31.164', 'sys', '2017-11-01 16:06:24'), ('a0f59890-e0c2-4e0b-9b55-ba3971afc78e', '60.190.31.164', 'sys', '2017-11-01 16:09:21'), ('bd8e63f3-c51c-4e50-8066-a84de12bfa02', '60.190.31.164', 'sys', '2017-11-01 16:15:18'), ('65696341-122a-4a6c-b239-5249b6c8ea25', '127.0.0.1', 'sys', '2017-11-02 16:53:32'), ('a29a99d8-4f70-451b-9bd4-7b7f211c0cf9', '60.190.31.164', 'sys', '2017-11-03 08:27:38'), ('1150dc3e-663b-491c-9a56-4b6461527831', '127.0.0.1', 'sys', '2017-11-03 09:03:24'), ('a0f91682-349d-4e39-8313-6959fd796bc0', '172.16.3.46', 'sys', '2017-11-03 09:33:31'), ('f0822e2d-2e96-4bc2-b31e-6a5e5ec66b2b', '172.16.3.46', 'sys', '2017-11-03 09:34:54'), ('e2e65ea3-cdf6-4552-b965-400487b9f9a9', '172.16.3.46', 'sys', '2017-11-03 09:36:16'), ('293ba9fc-1caa-4d7c-b7aa-7e4629044303', '172.16.3.46', 'sys', '2017-11-03 09:37:49'), ('cf46867e-69fc-408f-b7f6-7b2afa70c143', '172.16.3.46', 'sys', '2017-11-03 09:42:42'), ('c3b1049d-b0a0-4454-b918-4faf1b1d4ce8', '172.16.3.46', 'sys', '2017-11-03 09:42:54'), ('bd559db8-a381-43f7-99ce-a744a77d209c', '127.0.0.1', 'sys', '2017-11-03 09:50:01'), ('b1c4580f-1115-4a47-b05a-fe6e2db2bf60', '172.16.3.46', 'sys', '2017-11-03 09:54:30'), ('6d550ae7-a5bb-49d5-8521-12633d3b560e', '172.16.3.46', 'sys', '2017-11-03 09:58:28'), ('1bff424c-c1c7-46e1-8aea-06481a4cb8db', '172.16.3.46', 'sys', '2017-11-03 10:00:42'), ('165080cf-55fc-4604-ac1b-fae7272e86fb', '172.16.3.46', 'sys', '2017-11-03 10:30:13'), ('eaa3f7a3-6f91-45f7-b2cb-2843a4b92409', '127.0.0.1', 'sys', '2017-11-03 10:51:32'), ('ee19a673-d971-4a26-85a7-ab6a449ce0c6', '127.0.0.1', 'sys', '2017-11-03 11:27:50');
INSERT INTO `sys_log_login` VALUES ('12341a63-7d3a-498e-a34a-45b2535b824a', '127.0.0.1', 'sys', '2017-11-03 11:31:02'), ('7784c2bd-8aaf-457a-bbe0-bb97fef9be17', '127.0.0.1', 'sys', '2017-11-03 11:33:01'), ('3bc7c9a5-39b7-4697-a03e-fb1200ff6f4d', '127.0.0.1', 'sys', '2017-11-04 07:08:35'), ('9c54942d-abb3-4dab-a6f6-2b12d8928e0d', '127.0.0.1', '01e7503f00714ae984d8041a254d43a8', '2017-11-04 07:11:01'), ('74c261ae-dabf-492c-ae8e-d659453dd52e', '127.0.0.1', '01e7503f00714ae984d8041a254d43a8', '2017-11-04 07:15:16'), ('e35f5f28-5b63-4543-b8e5-38c33144757b', '127.0.0.1', 'sys', '2017-11-04 07:16:14'), ('2eb98a35-c0b3-4013-86ec-3a8115126687', '127.0.0.1', '01e7503f00714ae984d8041a254d43a8', '2017-11-04 07:16:49'), ('357c2ab9-f199-4763-8a11-6e312e9dc544', '60.179.38.100', 'sys', '2017-11-04 08:15:04'), ('6a5e1228-91bb-49f0-8411-fdbaf884da7c', '127.0.0.1', 'sys', '2017-11-06 08:48:40'), ('def7c7d6-c165-4239-a3b6-d2b398a4466e', '127.0.0.1', 'sys', '2017-11-06 08:54:32'), ('49ad47f6-b00e-47f9-a9eb-31a956273420', '127.0.0.1', 'sys', '2017-11-06 08:59:42'), ('07bfe0d3-7eeb-490c-9ab6-b26af1401f88', '127.0.0.1', 'sys', '2017-11-06 09:06:31'), ('d2cff5b6-0da5-4f13-b89d-05015d173d03', '127.0.0.1', 'sys', '2017-11-06 09:11:46'), ('6382c780-46ba-469b-b150-9391e0d33270', '127.0.0.1', 'sys', '2017-11-06 09:14:14'), ('c7847715-7e39-4995-a5e3-5cfb7971c454', '127.0.0.1', 'sys', '2017-11-06 09:18:21'), ('f1a57f91-0811-4752-a0e5-ab2e936d5740', '127.0.0.1', 'sys', '2017-11-06 09:21:09'), ('d0aab3ba-b1f9-493c-9b31-16cd8d026c96', '127.0.0.1', 'sys', '2017-11-06 09:24:36'), ('c6e12e85-aca1-458a-b81d-2dcc1ebc2059', '60.190.31.164', 'sys', '2017-11-06 10:29:54'), ('56089b07-14f5-497f-b665-e79c67d523fb', '60.190.7.82', 'sys', '2017-11-06 13:17:39'), ('528b84b0-6378-421a-a4a9-5ad561386d76', '60.190.7.82', 'sys', '2017-11-06 15:03:02'), ('768dbec4-babb-49bb-9077-12e112975ff0', '127.0.0.1', 'sys', '2017-11-06 15:33:59'), ('5d7e32a4-5510-4f7b-b0ba-c2dd00b04bb0', '113.87.88.133', '01e7503f00714ae984d8041a254d43a8', '2017-11-06 16:57:24'), ('58e730b9-0b61-406d-b575-c2c57b9d932c', '113.87.88.133', '01e7503f00714ae984d8041a254d43a8', '2017-11-06 16:57:26'), ('5ced7b5f-dd90-4d93-aec5-28037645e171', '113.87.88.133', 'sys', '2017-11-06 17:03:00'), ('32f6f03b-28b2-457e-8e29-f8119265d00c', '127.0.0.1', 'sys', '2017-11-06 17:52:31'), ('560fed2a-16cb-4ba2-b0d8-78dcecf00434', '127.0.0.1', 'sys', '2017-11-06 17:55:02'), ('dd3936c5-44f9-4f8f-bc1d-b5d8da31263e', '127.0.0.1', 'sys', '2017-11-06 17:56:56'), ('5a099723-1cda-4409-b3f5-5714d6d10e89', '127.0.0.1', 'sys', '2017-11-06 19:12:48'), ('d03a0fe7-75be-4a73-957e-850063d2621b', '127.0.0.1', 'sys', '2017-11-06 21:24:38'), ('95b1514f-14e0-4259-9d49-66ba3363d085', '127.0.0.1', '01e7503f00714ae984d8041a254d43a8', '2017-11-06 21:25:12'), ('31d4a83f-82e6-4826-b452-7847f0bdb870', '127.0.0.1', 'sys', '2017-11-07 12:21:39'), ('9e2122f8-a024-47c9-b362-16ecf289f1dc', '172.16.3.46', '01e7503f00714ae984d8041a254d43a8', '2017-11-07 12:35:13'), ('9278d632-7524-4274-9d0f-33fc18ddcfd1', '127.0.0.1', 'sys', '2017-11-07 12:50:23'), ('824eccd2-aa1b-42bc-bfc1-a013b0ab76e4', '172.16.3.46', 'sys', '2017-11-07 12:52:41'), ('a240aaab-28c1-406d-8813-4c05b513eb16', '172.16.3.46', 'sys', '2017-11-07 12:54:15'), ('9ff3edae-89cc-4992-b7c3-51cb3d53d5eb', '172.16.3.46', '01e7503f00714ae984d8041a254d43a8', '2017-11-07 12:55:48'), ('fccf0396-270f-49a6-842d-c127414eccf2', '172.16.3.46', '01e7503f00714ae984d8041a254d43a8', '2017-11-07 13:11:36'), ('bd34796b-dfa7-41c3-8886-c93bbe83a3af', '127.0.0.1', 'sys', '2017-11-07 13:13:12'), ('049a2258-fae9-4179-8029-50f5708a410d', '127.0.0.1', '01e7503f00714ae984d8041a254d43a8', '2017-11-07 13:20:08'), ('47a63337-6260-456a-b151-cc1c18d36dce', '127.0.0.1', '01e7503f00714ae984d8041a254d43a8', '2017-11-07 13:33:48'), ('ea6c29df-a550-48ab-a7f5-3bf047b8b687', '123.152.130.180', 'sys', '2017-11-07 18:54:15'), ('6ae95266-3d52-4978-8c4a-a3e6abae9579', '127.0.0.1', 'sys', '2017-11-07 19:14:51'), ('1893c3a3-a2bb-455e-a0e8-3924e42e273c', '127.0.0.1', 'sys', '2017-11-07 19:39:31'), ('957694e9-7aac-4f73-8926-0b49ca67fecc', '127.0.0.1', 'sys', '2017-11-07 19:39:34'), ('4a31d803-770e-4ea3-9d43-a6064882ec2a', '127.0.0.1', 'sys', '2017-11-07 19:41:56'), ('ba1ed4eb-3bb9-4cbd-9f86-f6d4ab272a33', '127.0.0.1', '01e7503f00714ae984d8041a254d43a8', '2017-11-07 19:42:29'), ('88ab38c2-3962-4ded-a461-2bf57dbd8138', '127.0.0.1', 'sys', '2017-11-07 19:51:32'), ('efdfde14-fb9d-4ad5-8411-df9eafe68579', '60.190.7.82', '14cf3de149d7401e982cf755ab723b18', '2017-11-08 09:03:30'), ('02c94e12-a95b-4f87-882b-4d2883aa23e1', '127.0.0.1', 'sys', '2017-11-08 09:33:45'), ('58725ec5-9569-4fc2-b571-f39d1593b3f5', '127.0.0.1', 'sys', '2017-11-08 09:48:21'), ('163ff7d1-6dcd-4bc9-939f-3861dc32a314', '60.190.31.164', 'sys', '2017-11-08 10:41:04'), ('d09dfea5-cd16-4789-b511-3b545c904fe0', '60.190.7.82', 'sys', '2017-11-08 10:43:17'), ('ce22b0b6-b84f-4368-ae89-388b6540ed59', '60.190.31.164', 'sys', '2017-11-08 11:47:36'), ('4cc04f35-2481-4ade-b8c6-a5d3d6d51d67', '127.0.0.1', 'sys', '2017-11-08 12:28:57'), ('8bc3e258-4898-4dd3-ab21-80bcbb26b952', '60.190.31.164', 'sys', '2017-11-08 12:52:47'), ('bf0c6923-92c3-4bd9-a6f0-0488b932328f', '60.190.31.164', 'sys', '2017-11-08 12:53:39'), ('176a2115-f33b-4670-822f-e3ef8c310b52', '60.190.7.84', 'sys', '2017-11-08 15:31:43'), ('f5167966-ba5e-481b-9abe-f6b7c01dcbaf', '127.0.0.1', '01e7503f00714ae984d8041a254d43a8', '2017-11-09 08:25:39'), ('07713f0c-ec2b-498c-a187-f337f4b4ddc5', '127.0.0.1', 'sys', '2017-11-09 08:36:04'), ('7603c905-3925-4163-a610-1ea6374a907a', '127.0.0.1', 'sys', '2017-11-09 12:25:49'), ('ca580c45-9d8c-4f15-8269-d46721d1e331', '127.0.0.1', '01e7503f00714ae984d8041a254d43a8', '2017-11-09 12:25:59'), ('9d238f85-38c5-4d75-b295-b2ed6a2e2098', '127.0.0.1', '01e7503f00714ae984d8041a254d43a8', '2017-11-09 12:42:50'), ('58461a57-527c-460d-995e-23f27d8b0073', '127.0.0.1', '01e7503f00714ae984d8041a254d43a8', '2017-11-09 12:44:57'), ('77ce6692-32d0-4e62-a4f8-be34889e24cf', '127.0.0.1', '01e7503f00714ae984d8041a254d43a8', '2017-11-09 14:20:31'), ('d10f4014-cbbe-4869-a97d-f39032f94cee', '127.0.0.1', 'sys', '2017-11-09 18:45:36'), ('be32d580-cbdf-4b9d-b345-eec2a5d1f71f', '123.152.209.186', '01e7503f00714ae984d8041a254d43a8', '2017-11-09 20:04:46'), ('da632008-1d96-474e-91fa-9793ee9f93f7', '127.0.0.1', '01e7503f00714ae984d8041a254d43a8', '2017-11-10 11:05:29'), ('6369e762-bf42-4e2d-bed7-fe4611fa0ec1', '127.0.0.1', '01e7503f00714ae984d8041a254d43a8', '2017-11-10 11:05:29'), ('73d53d92-2ad9-4b4a-9a23-c6945759948a', '127.0.0.1', 'sys', '2017-11-10 14:20:03'), ('9b38f564-e017-441e-8569-65509c24c451', '122.227.209.117', 'sys', '2017-11-13 14:44:20'), ('960ce41b-d197-4f52-884c-55465a7caade', '117.173.134.71', '01e7503f00714ae984d8041a254d43a8', '2017-11-21 11:09:20'), ('aa4b6daa-d280-41c1-815f-c86760015e73', '60.190.7.85', '01e7503f00714ae984d8041a254d43a8', '2017-11-24 15:29:43'), ('0374cc2a-8e9c-42e7-8928-60f01c0ceaf0', '127.0.0.1', 'f7e9de374ca24f41b5f9f7428984e6c4', '2017-11-25 10:04:16'), ('70e29dc5-aab3-48d9-9bf2-9214caa31dd4', '127.0.0.1', 'f7e9de374ca24f41b5f9f7428984e6c4', '2017-11-27 08:20:25'), ('b55f2027-4ef5-4499-a736-b3f532d208b7', '127.0.0.1', 'f7e9de374ca24f41b5f9f7428984e6c4', '2017-11-27 08:20:32'), ('cfc8970f-c90d-4480-b5ee-a673a94cc2cf', '127.0.0.1', 'f7e9de374ca24f41b5f9f7428984e6c4', '2017-11-27 08:21:10'), ('c557a2d5-6ad3-44f1-8111-5689adcc3e08', '60.179.45.225', 'f7e9de374ca24f41b5f9f7428984e6c4', '2017-11-27 21:08:49'), ('f55389cb-7a4f-45bf-9db7-a448fdead861', '60.190.7.86', 'f7e9de374ca24f41b5f9f7428984e6c4', '2017-11-30 10:17:27'), ('a62c9dca-e29a-4410-82b3-1f319a4dd4c1', '210.73.36.27', '01e7503f00714ae984d8041a254d43a8', '2017-12-11 10:29:39'), ('4594a4d5-d4af-481b-8fc7-4f01a29fd0fc', '172.16.3.46', 'sys', '2017-12-12 12:32:58'), ('b9983b57-103e-4f74-bdd1-42ee85ab098d', '60.190.7.87', 'sys', '2017-12-19 18:56:23'), ('5cb59e3c-7d0b-418e-9397-6abe8441b93e', '103.30.97.119', '01e7503f00714ae984d8041a254d43a8', '2017-12-20 10:55:14'), ('89829773-08ff-430a-9469-620e8fb1ba74', '127.0.0.1', 'sys', '2017-12-20 14:22:38'), ('26118d79-7e09-4b69-a2af-5827da369df6', '127.0.0.1', 'sys', '2017-12-20 14:22:44'), ('3b0d9a68-38c0-41a6-8fc5-b78a309ce6fb', '127.0.0.1', '01e7503f00714ae984d8041a254d43a8', '2017-12-20 14:22:48'), ('fd22e173-babb-433b-a8d6-76f413716a28', '127.0.0.1', '01e7503f00714ae984d8041a254d43a8', '2017-12-20 14:22:54'), ('783e9ef7-530f-4b7d-b0e5-3fd1874c14de', '127.0.0.1', '2bab939bd0c3447d8dd2d7dcc3151c6a', '2017-12-20 14:23:03'), ('acd064d1-709f-4646-bedd-8bfb16479fd6', '60.190.7.87', '01e7503f00714ae984d8041a254d43a8', '2017-12-20 20:52:42'), ('67f3569f-afa0-4558-954b-d672adabdc4e', '60.190.7.87', '01e7503f00714ae984d8041a254d43a8', '2017-12-25 08:37:08'), ('13751311-3a7f-484f-bde0-7c869439b581', '60.190.31.164', 'sys', '2018-01-12 13:21:39'), ('a5dc50e5-e479-4a55-84dc-5114d7cffa10', '60.190.31.164', '01e7503f00714ae984d8041a254d43a8', '2018-01-12 13:21:49'), ('d116c98c-8da5-499e-bcfc-3e77b6cea1b6', '127.0.0.1', 'sys', '2018-01-16 16:33:57'), ('4ed990b4-7a60-422c-a083-65f9d5c792c9', '172.16.3.46', '01e7503f00714ae984d8041a254d43a8', '2018-01-17 13:26:40'), ('af911c14-5de9-4265-b682-618dec252e50', '127.0.0.1', 'sys', '2018-02-02 08:45:53'), ('f0745d69-5c1e-4e05-b55b-0c36f0296679', '127.0.0.1', 'sys', '2018-02-02 08:51:52'), ('f76a5d77-3f2c-4711-bb49-cdca9391ecc2', '60.190.31.164', 'sys', '2018-02-02 11:39:35'), ('4a50bb01-85f2-4ceb-b962-2615a094df99', '127.0.0.1', 'sys', '2018-02-07 11:11:37'), ('f2bf2278-b7a1-4f35-82a1-b8bacffb7c58', '60.190.7.84', 'f7e9de374ca24f41b5f9f7428984e6c4', '2018-02-08 14:01:07'), ('9964ef22-189d-4d05-9ab5-c0c1f1a05700', '222.209.83.122', '01e7503f00714ae984d8041a254d43a8', '2018-02-08 18:33:19'), ('cd3212eb-5803-499d-8c19-a2559d64e8c7', '127.0.0.1', '01e7503f00714ae984d8041a254d43a8', '2018-02-11 18:51:09');
INSERT INTO `sys_log_login` VALUES ('5d0ad60f-4a8e-4168-ad1c-e3e9a28088f4', '127.0.0.1', '01e7503f00714ae984d8041a254d43a8', '2018-02-11 18:51:30'), ('66e56c7f-8fa2-4ada-938d-eab084d8de11', '127.0.0.1', '01e7503f00714ae984d8041a254d43a8', '2018-02-25 13:20:59'), ('aef2959d-f3ac-4bd3-bbee-8a01f0902f28', '127.0.0.1', '01e7503f00714ae984d8041a254d43a8', '2018-02-25 13:22:46'), ('3e079b04-4f61-44a1-9d8a-2de726bdeab0', '127.0.0.1', '01e7503f00714ae984d8041a254d43a8', '2018-02-25 13:24:05'), ('ac21a572-4bfb-4561-92d5-f366169e203f', '127.0.0.1', '01e7503f00714ae984d8041a254d43a8', '2018-02-25 13:25:20'), ('3f5aadea-af30-4ed6-bc04-9b5b1af1e8b7', '127.0.0.1', '01e7503f00714ae984d8041a254d43a8', '2018-02-25 13:27:01'), ('c30d753e-283a-4527-bded-38046812a38a', '127.0.0.1', '01e7503f00714ae984d8041a254d43a8', '2018-03-10 14:38:58'), ('569d882b-daca-4208-846f-3f08fb2a73e1', '127.0.0.1', '01e7503f00714ae984d8041a254d43a8', '2018-03-13 16:13:43'), ('fd4864f4-1102-4b7d-a373-9f8566e425b8', '60.190.31.164', 'sys', '2018-03-14 09:13:34'), ('852a049f-b3b2-4e8b-8721-082ac6cc0943', '60.190.31.164', '01e7503f00714ae984d8041a254d43a8', '2018-03-14 09:13:39'), ('f5a8fda3-1d0c-4537-a5b4-7c27d130e8cf', '60.190.31.164', 'sys', '2018-03-14 09:14:04'), ('d66b1aab-4d5a-4109-9923-3eae51705d74', '127.0.0.1', 'sys', '2017-12-19 19:56:38'), ('337d1419-57c3-44e1-96c7-8f2def0dbd60', '127.0.0.1', '01e7503f00714ae984d8041a254d43a8', '2017-12-19 20:12:35'), ('be30a5ef-3f16-4a29-9f48-026a79be72f2', '127.0.0.1', '01e7503f00714ae984d8041a254d43a8', '2017-12-19 21:06:19'), ('f01bdda6-378c-44a0-86d0-6d3cff8f4af4', '112.17.240.247', 'sys', '2017-12-19 22:16:31'), ('6fdb9838-c421-4966-b9f8-9203959eedde', '112.17.240.247', 'sys', '2017-12-19 22:16:51'), ('ef1c4ecd-07fd-475e-b96f-4cf16877d3b0', '127.0.0.1', '01e7503f00714ae984d8041a254d43a8', '2018-01-11 09:21:02'), ('d7e260b1-16c4-4ee3-8446-e4a44b8455e1', '127.0.0.1', '01e7503f00714ae984d8041a254d43a8', '2018-01-11 09:22:11'), ('72f9bd8b-e60d-4421-ba4b-5d4fa0641935', '127.0.0.1', 'sys', '2018-01-11 09:22:28'), ('44214540-0e58-4dab-b821-71775192bdb8', '127.0.0.1', 'sys', '2018-01-11 09:29:20'), ('7392e34c-ec68-443a-975b-43fdeccd2824', '172.16.3.46', '01e7503f00714ae984d8041a254d43a8', '2018-01-17 13:27:22'), ('565abc11-a381-41f3-af21-4a5902c761f4', '192.168.10.11', 'sys', '2018-01-19 10:12:14'), ('6ba03d82-3392-4805-8a67-dffdafdd4f82', '127.0.0.1', 'sys', '2018-02-02 09:13:06'), ('d5744282-8423-4b3b-ad12-65348609214b', '127.0.0.1', '01e7503f00714ae984d8041a254d43a8', '2018-02-11 18:54:59'), ('06d1a14c-fb38-4aba-852b-304ccfdb9811', '127.0.0.1', 'f7e9de374ca24f41b5f9f7428984e6c4', '2017-11-27 16:05:57'), ('5c95367d-44d2-4e48-9800-617ab84582dd', '127.0.0.1', 'f7e9de374ca24f41b5f9f7428984e6c4', '2017-11-27 16:06:48'), ('28b82252-1798-43fb-871b-62eacda7ae3d', '127.0.0.1', 'f7e9de374ca24f41b5f9f7428984e6c4', '2017-11-27 16:08:42'), ('67a8b266-0043-4c27-bd6f-669fa343d97f', '127.0.0.1', 'f7e9de374ca24f41b5f9f7428984e6c4', '2017-11-27 16:08:58'), ('33e94e20-da99-40f9-b4d4-b05f03b737f4', '127.0.0.1', 'f7e9de374ca24f41b5f9f7428984e6c4', '2017-11-27 16:10:00'), ('4477b9a2-b182-49c4-adcc-5524bddee06a', '112.17.239.5', 'f7e9de374ca24f41b5f9f7428984e6c4', '2017-11-28 20:45:26'), ('f3bca608-0f73-49e2-9db7-ce70b16c6449', '192.168.10.11', 'sys', '2017-12-12 10:35:40'), ('090ddc3f-bab7-4c66-b2bb-747382e97c7a', '60.190.7.83', 'sys', '2017-12-12 12:14:08'), ('7f72803c-3f33-4e3f-862b-669dedadfeaa', '112.17.243.165', 'f7e9de374ca24f41b5f9f7428984e6c4', '2017-12-13 10:48:48'), ('d2eb7290-9e7b-4b22-8c5e-e3c7b00e7802', '172.16.3.46', '01e7503f00714ae984d8041a254d43a8', '2017-12-19 19:54:57'), ('c93636cc-a15a-457b-9ae6-8cc1fb393bfd', '172.16.3.46', '01e7503f00714ae984d8041a254d43a8', '2017-12-19 19:58:40'), ('b05841fb-1507-4ec0-9efd-736cd0bc1951', '127.0.0.1', 'sys', '2017-12-20 14:03:04'), ('4519954e-a8fe-4e9d-9d0c-cfb164b6a971', '60.190.7.87', '01e7503f00714ae984d8041a254d43a8', '2017-12-20 21:01:17'), ('bb0b49bc-554a-4367-8607-41b403d1490e', '127.0.0.1', 'sys', '2017-12-27 09:10:36'), ('194733a8-6b1b-4c43-8ce4-dd7af314977f', '127.0.0.1', '01e7503f00714ae984d8041a254d43a8', '2018-01-11 09:14:15'), ('b60953f6-8bdd-4d57-bb3d-af1832140db8', '127.0.0.1', '01e7503f00714ae984d8041a254d43a8', '2018-01-11 09:29:32'), ('58c9d071-6a1a-444a-a5c5-151caabf38b4', '127.0.0.1', 'sys', '2018-01-11 09:29:52'), ('54ae6081-ab03-446d-b226-1bc6accfd57f', '127.0.0.1', '01e7503f00714ae984d8041a254d43a8', '2018-01-12 10:33:40'), ('6761ca6a-9967-47dc-be6a-f3e12b2a7334', '127.0.0.1', '01e7503f00714ae984d8041a254d43a8', '2018-01-12 10:33:47'), ('ee0ee56e-ea20-4b63-b6c8-a6dd582e7baf', '127.0.0.1', '01e7503f00714ae984d8041a254d43a8', '2018-01-12 11:54:16'), ('4774a17e-4c6d-492f-990f-213ee9be8fba', '127.0.0.1', 'sys', '2018-01-12 11:54:21'), ('4e6306fa-bec7-43cf-9d23-77b3ebe4ae95', '127.0.0.1', 'sys', '2018-02-01 16:52:47'), ('3f28fe90-f8af-43eb-ba83-86cfd697eb6c', '127.0.0.1', 'sys', '2018-02-02 09:13:06'), ('2cb2f5e6-32f6-4c63-a062-38919b986d14', '192.168.10.11', 'sys', '2018-02-02 11:42:43'), ('3c591a58-421d-4ce3-b08c-513793352109', '127.0.0.1', 'sys', '2018-02-24 21:40:27'), ('7eb26ab0-bfd5-45b3-bb98-6d576ea07569', '127.0.0.1', 'sys', '2018-03-02 14:03:36'), ('c18b1e68-bed1-4b61-b4b1-4e248e8df0ec', '192.168.10.11', 'sys', '2018-03-13 22:56:55'), ('50da4542-88f6-47ac-b1ca-0e11a88960dc', '192.168.10.11', 'sys', '2018-03-14 18:05:17'), ('2e88c62a-797d-4ee0-bc61-ff1dde08a11a', '192.168.10.11', '01e7503f00714ae984d8041a254d43a8', '2018-03-14 18:05:24'), ('55a582b7-d8f6-4325-a0bd-ba483decc567', '192.168.10.11', '01e7503f00714ae984d8041a254d43a8', '2018-03-14 18:05:25'), ('d07373fe-7c74-4582-a5f2-1b91c6c839db', '127.0.0.1', 'f7e9de374ca24f41b5f9f7428984e6c4', '2017-11-27 16:04:46'), ('c8ee2270-1c31-410b-a81a-84d58254c27b', '127.0.0.1', 'f7e9de374ca24f41b5f9f7428984e6c4', '2017-11-27 16:04:48'), ('38a99206-2051-486f-b391-bc1e4e123b71', '60.190.7.86', 'f7e9de374ca24f41b5f9f7428984e6c4', '2017-11-27 17:27:31'), ('06f6fe27-8963-46b6-a754-57cdbcc0d661', '60.190.7.86', 'f7e9de374ca24f41b5f9f7428984e6c4', '2017-11-27 17:33:33'), ('f1d9f813-1e55-4f2a-9f9e-2afcbc11f6e0', '60.190.7.86', 'f7e9de374ca24f41b5f9f7428984e6c4', '2017-11-27 17:33:34'), ('c7d3774c-4c6e-4678-ae30-b274a0bcd369', '60.190.7.86', 'f7e9de374ca24f41b5f9f7428984e6c4', '2017-11-28 13:58:25'), ('c4969092-effd-43e3-98cf-a4af974c9dc5', '112.17.239.41', 'f7e9de374ca24f41b5f9f7428984e6c4', '2017-11-29 17:11:27'), ('8caaa948-e763-442b-9734-3a0dbfdd6d78', '60.190.7.86', 'f7e9de374ca24f41b5f9f7428984e6c4', '2017-11-30 12:34:02'), ('c60695cd-77c2-471d-8ce4-cfa244bb9849', '60.190.31.164', 'sys', '2017-12-06 09:09:10'), ('2df188d6-0ac2-40ae-9f15-74b0fb252b52', '113.214.208.224', 'sys', '2017-12-07 17:52:13'), ('843a17c1-aea4-4bfc-9ec6-51634bfe3557', '112.17.240.66', 'f7e9de374ca24f41b5f9f7428984e6c4', '2017-12-07 18:59:44'), ('a7a327d0-09ef-447b-aaa2-77cbc969367b', '127.0.0.1', '01e7503f00714ae984d8041a254d43a8', '2017-12-19 19:38:40'), ('37e7be88-83a4-4972-9223-23251c6fd587', '172.16.3.46', '01e7503f00714ae984d8041a254d43a8', '2017-12-19 20:13:09'), ('1548cf39-14fb-4efb-86d2-83a770a5f394', '172.16.3.46', '01e7503f00714ae984d8041a254d43a8', '2017-12-19 20:13:37'), ('dc14ab9a-34c7-4b61-8473-b31bcfbd4728', '219.136.133.122', 'sys', '2017-12-21 16:12:36'), ('8db50592-9f62-4af6-a437-7038d38663c8', '60.190.7.87', 'sys', '2017-12-26 08:49:26'), ('1a66e2ba-22c6-4b72-b87a-8524b59f46ce', '60.190.7.87', 'sys', '2017-12-26 09:09:21'), ('97e91329-079d-4555-8d30-852b95a96eca', '127.0.0.1', 'sys', '2018-01-16 19:48:27'), ('20503155-bb3a-4b39-89ee-918820f689b4', '127.0.0.1', 'sys', '2018-03-14 12:22:10'), ('8d1bdec9-88a8-470f-8c07-39a79077e2fc', '127.0.0.1', '01e7503f00714ae984d8041a254d43a8', '2018-03-14 12:23:21'), ('a764ad90-265c-47ce-be04-687a078f73f6', '127.0.0.1', 'f7e9de374ca24f41b5f9f7428984e6c4', '2017-11-27 15:59:13'), ('b40dd578-f466-42a7-8bfc-6ced55b437d4', '127.0.0.1', 'f7e9de374ca24f41b5f9f7428984e6c4', '2017-11-27 15:59:27'), ('1566998d-6a15-4f05-9c7c-cca6f9da0709', '127.0.0.1', 'f7e9de374ca24f41b5f9f7428984e6c4', '2017-11-27 15:59:37'), ('94cc16ed-632d-4b66-b4b6-dfc751480c8f', '127.0.0.1', 'f7e9de374ca24f41b5f9f7428984e6c4', '2017-11-27 15:59:53'), ('23dabeec-7066-4b9d-8dce-3036d942be27', '127.0.0.1', 'f7e9de374ca24f41b5f9f7428984e6c4', '2017-11-27 16:00:19'), ('a1ad34c2-4b9e-4bd5-aebd-8a83c8be6feb', '127.0.0.1', 'f7e9de374ca24f41b5f9f7428984e6c4', '2017-11-27 16:00:39'), ('eaefb7e7-5dcd-4dfa-ab0f-fcd7a6999c91', '127.0.0.1', 'f7e9de374ca24f41b5f9f7428984e6c4', '2017-11-27 16:01:07'), ('b888836a-bbc9-4475-8a23-c4c957763098', '127.0.0.1', 'f7e9de374ca24f41b5f9f7428984e6c4', '2017-11-27 16:01:24'), ('de7201d7-b473-429b-ac74-059258ce6835', '127.0.0.1', 'f7e9de374ca24f41b5f9f7428984e6c4', '2017-11-27 16:01:34'), ('377da63f-88e3-4248-88fa-2e6e1603ea75', '127.0.0.1', 'f7e9de374ca24f41b5f9f7428984e6c4', '2017-11-27 16:01:46'), ('8506e424-4a7b-4c2f-b5be-0122a439c8c9', '127.0.0.1', 'f7e9de374ca24f41b5f9f7428984e6c4', '2017-11-27 16:01:53'), ('f87a0fc1-dfbd-4038-ad43-0bf029859a04', '127.0.0.1', 'f7e9de374ca24f41b5f9f7428984e6c4', '2017-11-27 16:01:59'), ('404900e5-8fc1-4e1e-ad1b-b424bc8f510f', '127.0.0.1', 'f7e9de374ca24f41b5f9f7428984e6c4', '2017-11-27 16:02:08'), ('c16c77e1-417a-42b1-9070-27b837795f82', '127.0.0.1', 'f7e9de374ca24f41b5f9f7428984e6c4', '2017-11-27 16:03:25'), ('58ae1514-ff5b-432e-a574-6c401c9a9499', '127.0.0.1', 'f7e9de374ca24f41b5f9f7428984e6c4', '2017-11-27 16:03:33'), ('898ecf4b-af49-4ce9-bff0-eca6d261c44a', '127.0.0.1', 'f7e9de374ca24f41b5f9f7428984e6c4', '2017-11-27 16:04:01'), ('5ffbeee9-d749-473c-8254-d34f58bb9825', '127.0.0.1', 'f7e9de374ca24f41b5f9f7428984e6c4', '2017-11-27 16:05:44'), ('7512daf1-0b58-4e12-948e-5f967a92db28', '127.0.0.1', 'f7e9de374ca24f41b5f9f7428984e6c4', '2017-11-27 16:06:54'), ('67a64e15-a5d0-4926-9707-3db485417650', '127.0.0.1', 'f7e9de374ca24f41b5f9f7428984e6c4', '2017-11-27 16:07:09'), ('9dd6140c-7072-412d-a0a0-c5a26220b225', '127.0.0.1', 'f7e9de374ca24f41b5f9f7428984e6c4', '2017-11-27 16:08:50'), ('560430b0-c242-413e-aa10-8ceaf4e3a8d7', '127.0.0.1', 'f7e9de374ca24f41b5f9f7428984e6c4', '2017-11-27 16:10:57'), ('d172d6cc-8d94-4bea-8232-0d7c2fdda0a2', '60.190.7.86', 'f7e9de374ca24f41b5f9f7428984e6c4', '2017-11-27 16:27:29'), ('82b86cef-b8bd-412b-a8cb-37e2b0a63c4d', '60.190.7.86', 'f7e9de374ca24f41b5f9f7428984e6c4', '2017-11-28 13:14:10'), ('4a508b2b-60d5-44ba-a305-ea54b009062a', '60.190.7.86', 'f7e9de374ca24f41b5f9f7428984e6c4', '2017-11-30 12:45:22'), ('156acded-e302-4cd7-9872-6b0263f14245', '60.190.7.83', 'sys', '2017-12-12 12:11:48'), ('0f0bbb6d-4318-4517-8f1d-811fb2c7ee94', '60.190.7.83', 'sys', '2017-12-12 12:12:08');
INSERT INTO `sys_log_login` VALUES ('04e78ab9-759b-45dc-9d90-a845bf312a57', '127.0.0.1', 'sys', '2017-12-19 18:49:41'), ('43b8c79b-a1bf-4d93-b324-40b62ccd46d9', '127.0.0.1', '01e7503f00714ae984d8041a254d43a8', '2017-12-20 20:47:50'), ('51f8745b-2195-4491-8226-fc8ad8189ca7', '60.190.7.87', '2bab939bd0c3447d8dd2d7dcc3151c6a', '2017-12-20 21:07:08'), ('331a42e5-dde7-4c4e-848e-873e42d963cf', '127.0.0.1', 'sys', '2018-01-11 09:10:10'), ('55689924-4492-4fec-bd88-0e175dae5513', '172.16.3.46', '01e7503f00714ae984d8041a254d43a8', '2018-01-17 13:53:49'), ('ca8a6974-a381-46f0-b297-902c249b5879', '60.190.7.83', 'sys', '2018-01-17 16:36:36'), ('e5410692-0051-4ee3-ad05-53d88393f6d3', '60.190.7.85', 'sys', '2018-01-31 14:45:02'), ('272f4e76-48c8-44d6-81df-97db5cd043de', '127.0.0.1', 'sys', '2018-02-02 10:30:32'), ('5cf6705d-4731-4ffc-851f-3e8e59db76bf', '192.168.10.11', 'sys', '2018-02-07 22:42:58'), ('91697882-f107-4905-b62e-705db9df7744', '113.214.208.159', 'f7e9de374ca24f41b5f9f7428984e6c4', '2018-02-24 21:18:50'), ('177ba2d8-3947-4f21-9660-5e5eebc17462', '113.214.208.159', 'f7e9de374ca24f41b5f9f7428984e6c4', '2018-02-24 21:21:59'), ('eb57f579-c6f7-45f7-9ad5-dd24efccc949', '192.168.10.11', 'sys', '2018-02-25 07:27:12'), ('09477d8f-2cc6-46ca-8b9c-8c2f4f852d04', '127.0.0.1', 'sys', '2018-02-25 08:19:45'), ('9a75c7c9-eb73-4c87-872a-332a5688bf99', '127.0.0.1', '01e7503f00714ae984d8041a254d43a8', '2018-03-08 09:25:28'), ('3fe5c3ce-a71a-4b26-981f-b8e1b3d403ab', '127.0.0.1', '01e7503f00714ae984d8041a254d43a8', '2018-03-08 09:25:42'), ('00a00da0-d8dd-4507-b816-22ebb09d0b3d', '60.190.31.164', 'sys', '2018-03-08 11:44:01'), ('9f124ad8-87e3-4962-94d0-1cc9bc0473ea', '127.0.0.1', 'sys', '2018-03-14 11:58:24'), ('652dde45-b3a3-42dc-a771-5618a452e17a', '127.0.0.1', 'sys', '2018-03-14 13:14:16'), ('4c931ac2-ac2c-4a8e-84f0-5d00f4af5a98', '192.168.10.11', 'sys', '2018-03-14 18:05:29'), ('ab48e2bf-1f38-4324-b861-d81fbe8c0042', '127.0.0.1', '01e7503f00714ae984d8041a254d43a8', '2017-12-19 19:11:16'), ('bce5733a-0800-495c-bc21-7bc4732b0ec5', '127.0.0.1', 'sys', '2017-12-19 19:13:50'), ('46ab94d7-86dd-47b8-ba49-bc3c2fa1d692', '60.190.31.164', '01e7503f00714ae984d8041a254d43a8', '2017-12-19 19:48:17'), ('5d520215-0012-45dc-8823-d217bb8533c3', '127.0.0.1', 'sys', '2017-12-19 19:56:02'), ('645e2774-1163-4273-8c01-98f8d995424e', '127.0.0.1', '01e7503f00714ae984d8041a254d43a8', '2017-12-19 19:56:11'), ('d818be96-b220-4dd7-b427-acd3d3b50842', '127.0.0.1', '01e7503f00714ae984d8041a254d43a8', '2017-12-19 20:04:27'), ('c9cfb7d2-60ec-4c08-8219-db0d6e4b58a5', '60.190.7.82', '01e7503f00714ae984d8041a254d43a8', '2017-12-20 21:16:04'), ('a5ecf58d-883c-447a-935a-972ae6c4d152', '60.190.7.82', '2bab939bd0c3447d8dd2d7dcc3151c6a', '2017-12-20 21:16:27'), ('57680ed0-5d5d-4295-b73f-d302d8bce7cf', '127.0.0.1', 'sys', '2017-12-26 09:22:14'), ('97242eed-c481-4860-9293-f0bb51f3a896', '172.16.3.46', 'sys', '2018-01-17 13:27:46'), ('b54c890f-a5c6-4510-8d12-872f144bb554', '127.0.0.1', '01e7503f00714ae984d8041a254d43a8', '2018-01-17 16:07:17'), ('d164b711-01f8-4671-8f83-4b26c0add133', '127.0.0.1', 'sys', '2018-01-18 08:55:35'), ('8cea9018-3d12-4fb5-9af2-b19072593bda', '127.0.0.1', '01e7503f00714ae984d8041a254d43a8', '2018-02-02 09:43:53'), ('00d994e1-1b60-4277-b0cc-c68bdda3fd62', '127.0.0.1', '01e7503f00714ae984d8041a254d43a8', '2018-02-12 16:22:02'), ('1cf3355a-2480-451b-8a87-9f525ad480c1', '127.0.0.1', '01e7503f00714ae984d8041a254d43a8', '2018-02-12 16:23:57'), ('ebf25b49-d018-49dc-a275-bf0591470416', '127.0.0.1', '01e7503f00714ae984d8041a254d43a8', '2018-02-12 16:25:15'), ('76cb98cc-1f8f-4e69-99fa-92b5b249dcb8', '127.0.0.1', '01e7503f00714ae984d8041a254d43a8', '2018-03-08 09:23:36'), ('05a6aa59-b463-4efa-a158-88e88dfee720', '112.17.239.190', '01e7503f00714ae984d8041a254d43a8', '2018-03-11 15:27:21'), ('230c6bd9-cc17-41de-8624-f69eaaa85b8c', '127.0.0.1', '01e7503f00714ae984d8041a254d43a8', '2018-03-13 12:19:41'), ('f7c37ceb-6468-42cb-bbf7-594e3bda8852', '60.190.31.164', 'sys', '2018-03-14 12:29:00'), ('446255d0-4964-404f-b2fb-3cd9fbf0cf81', '127.0.0.1', 'f7e9de374ca24f41b5f9f7428984e6c4', '2017-11-27 16:04:27'), ('1e0dc832-ffb7-48ec-9d0f-34486d9d849e', '127.0.0.1', 'f7e9de374ca24f41b5f9f7428984e6c4', '2017-11-27 16:05:13'), ('67d48c5e-4b3f-4318-8f36-7a547b9e2c13', '127.0.0.1', 'f7e9de374ca24f41b5f9f7428984e6c4', '2017-11-27 16:05:15'), ('dc31a4e8-d26a-409a-aab6-8ee1e21d3c86', '127.0.0.1', 'f7e9de374ca24f41b5f9f7428984e6c4', '2017-11-27 16:05:37'), ('84cc9ead-9081-42d0-b362-f5cc43ce6ce0', '127.0.0.1', 'f7e9de374ca24f41b5f9f7428984e6c4', '2017-11-27 16:06:04'), ('f1905f00-b902-4794-90c3-82b918d9c819', '127.0.0.1', 'f7e9de374ca24f41b5f9f7428984e6c4', '2017-11-27 16:09:52'), ('4f68458e-5523-4750-aeb9-0d07e84340b2', '60.190.7.86', 'f7e9de374ca24f41b5f9f7428984e6c4', '2017-11-27 17:07:55'), ('fb542de1-a3ec-45f7-a195-67e8034d3745', '127.0.0.1', 'sys', '2017-11-27 20:12:57'), ('5b766611-0e28-4318-a573-d86b9c792450', '192.168.10.11', 'f7e9de374ca24f41b5f9f7428984e6c4', '2017-12-12 12:45:33'), ('c1eb1735-7b7c-472d-a856-17530a94b07f', '60.190.31.164', 'sys', '2017-12-19 19:46:48'), ('7f45d163-8b00-4faf-a516-bce53d52b3d2', '60.190.31.164', 'sys', '2017-12-19 19:50:30'), ('c5273458-3e29-4f5d-acce-aa27a45a335f', '60.190.31.165', '01e7503f00714ae984d8041a254d43a8', '2017-12-20 08:29:21'), ('8f302a38-0c8e-4593-a579-5b99fce22e52', '127.0.0.1', '01e7503f00714ae984d8041a254d43a8', '2017-12-20 20:58:30'), ('289320c8-a5c6-4a69-9956-ba867c28d4d9', '127.0.0.1', 'sys', '2017-12-25 10:03:40'), ('4ed4870b-9d8d-4098-8817-dc51f09aff91', '127.0.0.1', '01e7503f00714ae984d8041a254d43a8', '2018-01-12 08:46:56'), ('63941d5b-a39c-4e09-914f-49c1f91bc341', '127.0.0.1', 'sys', '2018-01-12 08:47:14'), ('552e5d0d-baf0-4b1c-b27c-08ab18a0b239', '127.0.0.1', '01e7503f00714ae984d8041a254d43a8', '2018-01-12 14:16:14'), ('bb8dafdb-1e8c-4d3b-9d0a-92658db143e1', '127.0.0.1', '01e7503f00714ae984d8041a254d43a8', '2018-01-12 14:55:36'), ('d7cf2b03-d5a0-4747-a3cc-ce2173a9e7dc', '127.0.0.1', 'sys', '2018-01-12 14:56:22'), ('5f3c2c40-cdbc-40fa-a76b-6730daf0184f', '172.16.3.46', 'sys', '2018-01-17 13:26:53'), ('0172b652-4ff1-4f7f-9476-6e29a4733644', '60.190.31.164', 'sys', '2018-01-17 16:34:55'), ('77023c6a-5bc6-4be0-b93f-a8cb27b1cd82', '127.0.0.1', 'sys', '2018-02-02 08:27:48'), ('ffea6cbf-0152-4ba6-affb-89a19b7de30a', '127.0.0.1', 'sys', '2018-02-02 08:31:16'), ('1f297038-aad5-489f-841e-b047668938e3', '127.0.0.1', 'sys', '2018-02-02 09:26:18'), ('03d57c2f-60a3-4b79-b48b-510ddd7d56f4', '127.0.0.1', '01e7503f00714ae984d8041a254d43a8', '2018-02-02 12:37:28'), ('6c01f1fd-36ab-4eb1-8a35-4bf2c44dd5e3', '127.0.0.1', 'sys', '2018-02-02 15:11:56'), ('2700524f-48bc-4554-a258-b246d73549b6', '127.0.0.1', 'sys', '2018-02-02 15:11:57'), ('009fa4a9-f4f4-4bf2-9753-0a9024929639', '127.0.0.1', '01e7503f00714ae984d8041a254d43a8', '2018-02-12 16:22:02'), ('26ed87b8-c39b-4123-8de9-1fd4818050b0', '127.0.0.1', '01e7503f00714ae984d8041a254d43a8', '2018-02-25 12:32:13'), ('54d718d8-b198-4bcb-a87b-0d0f994be956', '127.0.0.1', 'sys', '2018-03-08 09:40:27'), ('cdd1ab92-f137-4cb9-8c6d-97da838730fb', '192.168.10.11', 'sys', '2018-03-11 09:06:38'), ('60b8cddd-8859-4f73-bea3-6a204380cd98', '127.0.0.1', 'sys', '2018-03-13 11:56:50'), ('bf769f81-1643-4de8-a01a-98cd12d544f4', '127.0.0.1', '01e7503f00714ae984d8041a254d43a8', '2018-03-13 11:56:55'), ('a6ca6b7c-50a8-43ff-a6b9-f98dec2e2685', '127.0.0.1', '01e7503f00714ae984d8041a254d43a8', '2018-03-13 12:19:47'), ('ad209152-3b06-4653-b14b-d7a8e3a0ef79', '127.0.0.1', '01e7503f00714ae984d8041a254d43a8', '2018-03-13 12:25:17'), ('1bf44505-6068-4d83-8a77-1d4fa16834df', '127.0.0.1', 'sys', '2018-03-14 08:34:51'), ('cdf26cf9-25a5-4897-8d40-e8be409e1753', '127.0.0.1', '01e7503f00714ae984d8041a254d43a8', '2018-03-14 08:35:14'), ('84c37493-6be2-4d22-a1b7-1d99b48c9736', '60.190.31.164', 'sys', '2018-03-14 12:29:00'), ('3736dc2a-4670-4a2e-b819-1da3dd4ca531', '60.190.31.164', '01e7503f00714ae984d8041a254d43a8', '2018-03-14 12:29:05'), ('7c38ad14-6944-469c-b8ef-a73b76928846', '192.168.10.11', 'sys', '2018-03-14 18:10:13'), ('5c978046-b3bf-41fe-85ab-58ed1f3b9c71', '127.0.0.1', 'f7e9de374ca24f41b5f9f7428984e6c4', '2017-11-27 16:04:25'), ('152615b8-83f8-4d4f-bde8-7903b28ff552', '60.190.7.86', 'f7e9de374ca24f41b5f9f7428984e6c4', '2017-11-27 16:27:06'), ('895a4319-e828-4f8a-b128-7d04647ab02c', '60.190.7.86', 'f7e9de374ca24f41b5f9f7428984e6c4', '2017-11-27 16:27:21'), ('db1ee2e0-bade-4471-b038-7203ba3ff368', '112.17.240.62', 'f7e9de374ca24f41b5f9f7428984e6c4', '2017-12-18 12:21:34'), ('64393d15-c5a0-4d91-93e5-85e2121813ed', '60.190.7.87', '01e7503f00714ae984d8041a254d43a8', '2017-12-19 19:01:46'), ('271a7a70-468e-4aab-b898-e06dafc8b016', '60.190.7.87', '01e7503f00714ae984d8041a254d43a8', '2017-12-19 19:09:35'), ('fef7ab94-3ca8-4648-a5a6-d5ce3f31e483', '60.190.31.165', '01e7503f00714ae984d8041a254d43a8', '2017-12-19 19:12:46'), ('47405610-c8aa-48fd-bca4-fd4fe51f5958', '127.0.0.1', '01e7503f00714ae984d8041a254d43a8', '2017-12-20 14:04:59'), ('5a9f4d3f-3065-4117-a1fc-51d2bd27ee98', '127.0.0.1', '2bab939bd0c3447d8dd2d7dcc3151c6a', '2017-12-20 14:05:53'), ('287f4d81-5690-4e69-9f2a-ceecc54c69e7', '127.0.0.1', '01e7503f00714ae984d8041a254d43a8', '2017-12-20 20:57:00'), ('b0df6d0e-9a84-4281-9564-8291c8076f0c', '127.0.0.1', '2bab939bd0c3447d8dd2d7dcc3151c6a', '2017-12-20 21:07:42'), ('d1bc7da6-5b13-4395-8936-0111e2aa5202', '127.0.0.1', 'sys', '2017-12-26 09:22:14'), ('32e8e8a5-2ea5-4774-af0b-85870b420d52', '172.16.3.46', '01e7503f00714ae984d8041a254d43a8', '2018-01-11 09:43:56'), ('385a3113-3946-43e2-a4f3-3bbe75c6c924', '172.16.3.46', 'sys', '2018-01-17 14:54:18'), ('b220ee50-0c0b-4a11-a0a3-51ecd288568a', '60.190.7.84', 'sys', '2018-01-17 16:39:56'), ('865ee4ff-9230-440f-b61e-ee8aabb3f934', '127.0.0.1', 'sys', '2018-01-18 08:54:42'), ('4a57f123-a3d8-4e33-9fe6-9567f6ae220a', '127.0.0.1', 'sys', '2018-02-02 08:26:08'), ('233b9f72-2798-4657-8b25-692bf9cc3e18', '127.0.0.1', 'sys', '2018-02-02 09:26:18'), ('9bb6dd77-5397-4db3-a886-0e6f5d32e3f4', '127.0.0.1', 'sys', '2018-02-02 10:30:32'), ('1a19f771-c6c1-4b17-8454-ae908fccb0b4', '127.0.0.1', '01e7503f00714ae984d8041a254d43a8', '2018-02-25 07:46:54'), ('65dd4fcc-cd5c-45e2-a321-c59898cfd53f', '127.0.0.1', '01e7503f00714ae984d8041a254d43a8', '2018-02-25 07:55:11');
INSERT INTO `sys_log_login` VALUES ('3ad58f93-0759-4e82-82d4-98fcfd8c936f', '127.0.0.1', 'sys', '2018-03-03 08:57:53'), ('66788d29-af78-4d8d-bab6-f10b8a3d1adc', '127.0.0.1', 'sys', '2018-03-11 08:29:40'), ('beb1a8d6-dfd5-4ce0-989b-5ed2d7df74d5', '127.0.0.1', '01e7503f00714ae984d8041a254d43a8', '2018-03-14 08:35:14'), ('ae9bd0d2-98aa-4223-bd5c-95b4eb0ee657', '60.190.31.164', 'sys', '2018-03-14 09:13:34');
COMMIT;

-- ----------------------------
-- Table structure for `sys_menus`
-- ----------------------------
DROP TABLE IF EXISTS `sys_menus`;
CREATE TABLE `sys_menus` (
`menu_id`  varchar(50) NOT NULL COMMENT '菜单' ,
`name`  varchar(100) NULL COMMENT '菜单名称' ,
`mark`  text NULL COMMENT '备注' ,
`sort`  decimal(1,0) NULL COMMENT '排序' ,
`org_id`  varchar(50) NULL COMMENT '多模式' ,
`type`  varchar(20) NULL COMMENT 'PC |' ,
PRIMARY KEY (`menu_id`)
)

;

-- ----------------------------
-- Records of SYS_MENUS
-- ----------------------------
BEGIN;
INSERT INTO `sys_menus` VALUES ('2', '其他业务管理系统', '测试', '2', null, 'a'), ('1', '系统控制台', '1', '1', null, 'PC'), ('3', '会员管理系统', null, '3', null, null), ('4', '内容管理系统', null, '4', null, null), ('5', '商城管理系统', null, '5', null, null), ('6', '监控系统', null, '6', null, null);
COMMIT;

-- ----------------------------
-- Table structure for `sys_menus_node`
-- ----------------------------
DROP TABLE IF EXISTS `sys_menus_node`;
CREATE TABLE `sys_menus_node` (
`node_id`  decimal(5,0) NOT NULL COMMENT '用做module_id' ,
`node_name`  varchar(100) NOT NULL ,
`parent_id`  decimal(5,0) NULL ,
`module_id`  varchar(50) NULL COMMENT '不在使用' ,
`menu_id`  varchar(50) NOT NULL COMMENT '不同功能树' ,
`mark`  text NULL ,
`logo`  varchar(50) NULL ,
`menu_level`  decimal(1,0) NULL ,
`org_id`  varchar(50) NULL ,
`sort`  decimal(1,0) NULL ,
`keyvalue`  varchar(100) NULL ,
`route`  text NULL ,
`is_action`  varchar(20) NOT NULL ,
`deleted`  char(1) NULL COMMENT 'N|Y' ,
`is_g_show`  char(1) NULL COMMENT 'N|Y' ,
`type`  varchar(50) NULL COMMENT 'menus api' ,
`route_name`  text NULL ,
PRIMARY KEY (`node_id`, `menu_id`)
)

;

-- ----------------------------
-- Records of SYS_MENUS_NODE
-- ----------------------------
BEGIN;
INSERT INTO `sys_menus_node` VALUES ('56', '人员调整', '3', null, '1', '删除,修改', null, null, null, null, 'employee_adjust', '3-56', 'Y', 'N', 'Y', 'menu', '组织管理/人员调整'), ('16', '人员查询', '3', null, '1', '按组织树查询员工', null, null, null, null, 'employee', '3-16', 'Y', 'N', 'Y', 'menu', '组织管理/人员查询'), ('152', '店铺列表', '150', null, '5', null, null, null, null, null, 'shop_list', '150-152', 'Y', 'N', 'Y', 'menu', '店铺管理/店铺列表'), ('127', '省份数据', '126', null, '1', null, null, null, null, null, 'area', '126-127', 'Y', 'N', 'Y', 'menu', '基础数据/省份数据'), ('113', '控制台', '0', null, '1', null, 'fa fa-home', null, null, null, 'console', '113', 'Y', 'N', 'Y', 'menu', '控制台'), ('125', '前台类目组设置', '122', null, '5', null, null, null, null, null, 'fcat_group', '122-125', 'Y', 'N', 'Y', 'menu', '类目管理/前台类目组设置'), ('126', '基础数据', '0', null, '1', null, 'fa fa-database', null, null, null, 'basedata', '126', 'Y', 'N', 'Y', 'dir', '基础数据'), ('171', '首页分类', '122', null, '5', '微商城', null, null, null, null, 'indexclass', '122-171', 'Y', 'N', 'Y', 'menu', '类目管理/首页分类'), ('170', '首页分类', '123', null, '5', '微商城用', null, null, null, null, 'indexclass', '122-123-170', 'Y', 'Y', 'Y', 'menu', '类目管理/前台类目设置/首页分类'), ('86', '新闻管理', '76', null, '1', null, null, null, null, null, 'news_mgr', '76-86', 'Y', 'N', 'Y', 'menu', '内容管理/新闻管理'), ('150', '店铺管理', '0', null, '5', null, null, null, null, null, 'shop', '150', 'Y', 'N', 'Y', 'dir', '店铺管理'), ('151', '我的店铺', '150', null, '5', null, null, null, null, null, 'shop_info', '150-151', 'Y', 'N', 'Y', 'menu', '店铺管理/我的店铺'), ('173', '主机节点', '0', null, '6', null, null, null, null, null, 'hostnode', '173', 'Y', 'N', 'Y', 'dir', '主机节点'), ('174', '主机管理', '173', null, '6', null, null, null, null, null, 'hostmgr', '173-174', 'Y', 'N', 'Y', 'menu', '主机节点/主机管理'), ('128', '天气数据', '126', null, '1', null, null, null, null, null, 'weather', '126-128', 'Y', 'N', 'Y', 'menu', '基础数据/天气数据'), ('140', '运维管理', '0', null, '1', null, null, null, null, null, 'devos', '140', 'Y', 'N', 'Y', 'dir', '运维管理'), ('141', 'druid监控', '140', null, '1', null, null, null, null, null, 'druid', '140-141', 'Y', 'N', 'Y', 'menu', '运维管理/druid监控'), ('142', '任务管理', '0', null, '1', null, null, null, null, null, 'task', '142', 'Y', 'N', 'Y', 'dir', '任务管理'), ('146', 'javamelody', '140', null, '1', null, null, null, null, null, 'melody', '140-146', 'Y', 'N', 'Y', 'menu', '运维管理/javamelody'), ('153', '城市列表', '150', null, '5', null, null, null, null, null, 'shop_citys', '150-153', 'Y', 'N', 'Y', 'menu', '店铺管理/城市列表'), ('70', '上传配置', '2', null, '1', null, null, null, null, null, 'file_setting', '2-70', 'Y', 'N', 'Y', 'menu', '系统管理/上传配置'), ('76', '内容管理', '0', null, '1', null, 'fa fa-table', null, null, null, 'ct', '76', 'Y', 'N', 'Y', 'dir', '内容管理'), ('77', '类目设置', '76', null, '1', null, null, null, null, null, 'catesetting', '76-77', 'Y', 'N', 'Y', 'menu', '内容管理/类目设置'), ('78', '发布新闻', '76', null, '1', null, null, null, null, null, 'publishnews', '76-78', 'Y', 'N', 'Y', 'menu', '内容管理/发布新闻'), ('87', '新闻推送', '76', null, '1', '用于微信推送', null, null, null, null, 'news_push', '76-87', 'Y', 'N', 'Y', 'menu', '内容管理/新闻推送'), ('143', '任务设置', '142', null, '1', null, null, null, null, null, 'task_mgr', '142-143', 'Y', 'N', 'Y', 'menu', '任务管理/任务设置'), ('96', '日志管理', '89', null, '1', null, null, null, null, null, 'accesslog', '89-96', 'Y', 'N', 'Y', 'menu', '个人设置/日志管理'), ('154', '通用设置', '89', null, '1', null, null, null, null, null, 'common_mgr', '89-154', 'Y', 'N', 'Y', 'menu', '个人设置/通用设置'), ('155', '收货地址', '89', null, '1', null, null, null, null, null, 'receivingaddr', '89-155', 'Y', 'N', 'Y', 'menu', '个人设置/收货地址'), ('157', '在线用户', '2', null, '1', null, null, null, null, null, 'onlinesession', '2-157', 'Y', 'N', 'Y', 'menu', '系统管理/在线用户'), ('172', 'ttt', '142', null, '1', null, null, null, null, null, 'tttt', '142-172', 'Y', 'Y', 'Y', 'dir', '任务管理/ttt'), ('131', '模块管理', '0', null, '1', null, 'fa fa-codepen', null, null, null, 'module', '131', 'Y', 'N', 'Y', 'dir', '模块管理'), ('129', '用户管理', '0', null, '1', null, 'fa fa-users', null, null, null, 'user', '129', 'Y', 'N', 'Y', 'dir', '用户管理'), ('22', '字典管理', '2', null, '1', null, null, null, null, null, 'dict_setting', '2-22', 'Y', 'N', 'Y', 'menu', '系统管理/字典管理'), ('88', '公司介绍', '76', null, '1', null, null, null, null, null, 'company_profile', '76-88', 'Y', 'N', 'Y', 'menu', '内容管理/公司介绍'), ('138', '角色模块映射', '130', null, '1', null, null, null, null, null, 'role_module_map', '130-138', 'Y', 'N', 'Y', 'menu', '角色管理/角色模块映射'), ('116', '品牌管理', '0', null, '5', null, 'fa fa-ge', null, null, null, 'pinp', '116', 'Y', 'N', 'Y', 'dir', '品牌管理'), ('117', '订单管理', '0', null, '5', null, 'fa fa-diamond', null, null, null, 'order', '117', 'Y', 'N', 'Y', 'dir', '订单管理'), ('118', '商品发布', '114', null, '5', null, null, null, null, null, 'prod_publish', '114-118', 'Y', 'N', 'Y', 'menu', '商品管理/商品发布'), ('119', '商品查询', '114', null, '5', null, null, null, null, null, 'prod_query', '114-119', 'Y', 'N', 'Y', 'menu', '商品管理/商品查询'), ('120', '品牌设置', '116', null, '5', null, null, null, null, null, 'pinp_mgr', '116-120', 'Y', 'N', 'Y', 'menu', '品牌管理/品牌设置'), ('121', '订单查询', '117', null, '5', null, null, null, null, null, 'order_mgr', '117-121', 'Y', 'N', 'Y', 'menu', '订单管理/订单查询'), ('122', '类目管理', '0', null, '5', null, 'fa fa-codepen', null, null, null, 'cat', '122', 'Y', 'N', 'Y', 'dir', '类目管理'), ('123', '前台类目设置', '122', null, '5', null, null, null, null, null, 'fcat_mgr', '122-123', 'Y', 'N', 'Y', 'menu', '类目管理/前台类目设置'), ('124', '后台类目设置', '122', null, '5', null, null, null, null, null, 'bcat_mgr', '122-124', 'Y', 'N', 'Y', 'menu', '类目管理/后台类目设置'), ('130', '角色管理', '0', null, '1', null, 'fa fa-low-vision', null, null, null, 'role', '130', 'Y', 'N', 'Y', 'dir', '角色管理'), ('137', '角色设置', '130', null, '1', null, null, null, null, null, 'role_setting', '130-137', 'Y', 'N', 'Y', 'menu', '角色管理/角色设置'), ('133', '用户查询', '129', null, '1', null, null, null, null, null, 'user_query', '129-133', 'Y', 'N', 'Y', 'menu', '用户管理/用户查询'), ('134', '用户组设置', '129', null, '1', null, null, null, null, null, 'user_group', '129-134', 'Y', 'N', 'Y', 'menu', '用户管理/用户组设置'), ('135', '用户新增', '129', null, '1', null, null, null, null, null, 'user_add', '129-135', 'Y', 'N', 'Y', 'menu', '用户管理/用户新增'), ('136', '用户设置', '129', null, '1', null, null, null, null, null, 'user_setting', '129-136', 'Y', 'N', 'Y', 'menu', '用户管理/用户设置'), ('139', '模块设置', '131', null, '1', null, null, null, null, null, 'module_setting', '131-139', 'Y', 'N', 'Y', 'menu', '模块管理/模块设置'), ('163', '商城管理', '0', null, '5', null, null, null, null, null, 'mallmgr', '163', 'Y', 'N', 'Y', 'dir', '商城管理'), ('164', '产品设置', '163', null, '5', null, null, null, null, null, 'prodsetting', '163-164', 'Y', 'N', 'Y', 'menu', '商城管理/产品设置'), ('165', '商城设置', '163', null, '5', null, null, null, null, null, 'commsetting', '163-165', 'Y', 'N', 'Y', 'dir', '商城管理/商城设置'), ('166', '横幅设置', '163', null, '5', null, null, null, null, null, 'banner', '163-166', 'Y', 'N', 'Y', 'menu', '商城管理/横幅设置'), ('17', '组织设置', '3', null, '1', null, null, null, null, null, 'part', '3-17', 'Y', 'N', 'Y', 'menu', '组织管理/组织设置'), ('147', '添加订单', '117', null, '5', null, null, null, null, null, 'order_add', '117-147', 'Y', 'N', 'Y', 'menu', '订单管理/添加订单'), ('148', '发货单列表', '117', null, '5', null, null, null, null, null, 'order_deliver', '117-148', 'Y', 'N', 'Y', 'menu', '订单管理/发货单列表'), ('149', '退货单列表', '117', null, '5', null, null, null, null, null, 'order_cancel', '117-149', 'Y', 'N', 'Y', 'menu', '订单管理/退货单列表'), ('175', '分类设置', '2', null, '1', null, null, null, null, null, 'classsetting', '2-175', 'Y', 'N', 'Y', 'menu', '系统管理/分类设置'), ('57', '系统参数', '2', null, '1', null, null, null, null, null, 'params', '2-57', 'Y', 'N', 'Y', 'menu', '系统管理/系统参数'), ('90', '资料修改', '89', null, '1', null, null, null, null, null, 'profile_mgr', '89-90', 'Y', 'N', 'Y', 'menu', '个人设置/资料修改'), ('169', '前台类目映射', '122', null, '5', null, null, null, null, null, 'fcat_map', '122-169', 'Y', 'N', 'Y', 'menu', '类目管理/前台类目映射'), ('89', '个人设置', '0', null, '1', null, 'fa fa-user', null, null, null, 'me', '89', 'Y', 'N', 'Y', 'dir', '个人设置'), ('91', '重置密码', '89', null, '1', null, null, null, null, null, 'pwdreset', '89-91', 'Y', 'N', 'Y', 'menu', '个人设置/重置密码'), ('2', '系统管理', '0', null, '1', null, 'fa fa-laptop', '1', null, null, 'system', '2', 'Y', 'N', 'Y', 'dir', '系统管理'), ('3', '组织管理', '0', null, '1', null, 'fa fa-sitemap', '1', null, '1', 'org', '3', 'Y', 'N', 'N', 'dir', '组织管理'), ('167', '公告设置', '163', null, '5', null, null, null, null, null, 'notice', '163-167', 'Y', 'N', 'Y', 'menu', '商城管理/公告设置'), ('114', '商品管理', '0', null, '5', null, 'fa fa-square', null, null, null, 'product', '114', 'Y', 'N', 'Y', 'dir', '商品管理'), ('156', 'Sql存储', '2', null, '1', null, null, null, null, null, 'storesql', '2-156', 'Y', 'N', 'Y', 'menu', '系统管理/Sql存储');
COMMIT;

-- ----------------------------
-- Table structure for `sys_modules`
-- ----------------------------
DROP TABLE IF EXISTS `sys_modules`;
CREATE TABLE `sys_modules` (
`module_id`  varchar(50) NOT NULL COMMENT '模块id' ,
`module_rootid`  varchar(50) NULL COMMENT '所属最终模块ID' ,
`key`  varchar(100) NULL COMMENT 'key' ,
`is_action`  varchar(50) NOT NULL COMMENT '是否有效' ,
`type`  varchar(50) NOT NULL COMMENT 'system/user' ,
`menu_id`  varchar(50) NULL COMMENT '菜单ID' ,
`org_id`  varchar(50) NULL COMMENT '组织ID' ,
`mark`  varchar(100) NULL COMMENT '备注' ,
`module_name`  varchar(100) NULL COMMENT '名称' ,
`deleted`  char(1) NOT NULL COMMENT 'N|Y' ,
PRIMARY KEY (`module_id`)
)

;

-- ----------------------------
-- Records of SYS_MODULES
-- ----------------------------
BEGIN;
INSERT INTO `sys_modules` VALUES ('00012', null, null, 'N', 'system', null, null, '系统', '22222', 'Y'), ('000001', null, 'system', 'Y', 'root', '1', null, '备注2', '系统设置', 'Y'), ('00003', null, 'org', 'Y', 'root', '1', null, null, '组织管理', 'Y'), ('00004', null, 'product', 'Y', 'root', '1', null, null, '产品管理', 'Y'), ('0008', '1', 'role', 'Y', 'node', '1', null, null, '角色管理2', 'Y'), ('00009', '1', 'priv', 'Y', 'node', '1', null, null, '权限设置', 'Y'), ('00010', '1', 'even', 'Y', 'node', '1', null, null, '环境配置', 'N'), ('000011', '1', 'user', 'Y', 'node', '1', null, null, '用户管理', 'N');
COMMIT;

-- ----------------------------
-- Table structure for `sys_modules_item`
-- ----------------------------
DROP TABLE IF EXISTS `sys_modules_item`;
CREATE TABLE `sys_modules_item` (
`module_item_id`  varchar(50) NOT NULL ,
`module_id`  varchar(50) NULL ,
`ct`  text NULL ,
`status`  varchar(10) NULL ,
`type`  varchar(50) NULL ,
PRIMARY KEY (`module_item_id`)
)

;

-- ----------------------------
-- Records of SYS_MODULES_ITEM
-- ----------------------------
BEGIN;
INSERT INTO `sys_modules_item` VALUES ('4d31040a-886d-459e-a69c-3baef7298750', '77', '/api/ctCategroy/addCategory.do', 'Y', 'url'), ('f2c6b3c5-2a80-486a-9f86-4d9d70a7770d', '77', '/api/ctCategroy/deleteCategory.do', 'Y', 'url'), ('f7aed1d8-a46b-4d41-8f04-4ad5bce5a46f', '77', '/api/ctCategroy/queryCategory.do', 'Y', 'url'), ('207b20de-63b6-4881-be59-49517290542d', '77', '/api/ctCategroy/queryCategoryById.do', 'Y', 'url'), ('e4c47482-2362-440c-ad57-236672f83f4b', '77', '/api/ctCategroy/queryCategoryTreeList.do', 'Y', 'url'), ('a589edb9-28a9-45a2-bcdc-aae60d164c28', '77', '/api/ctCategroy/queryRootCategory.do', 'Y', 'url'), ('5991163c-37dc-42a0-b697-52994f306efc', '77', '/api/ctCategroy/updateCategory.do', 'Y', 'url'), ('e2200e38-1613-42bb-9da8-b4e37c4d7a5f', '56', '/api/hrm/employeeAdd.do', 'Y', 'url'), ('c5d5e436-0a9f-447f-aed9-2954052773e9', '56', '/api/hrm/employeeDelete.do', 'Y', 'url'), ('d5a59ab4-b725-4899-9dfc-7eca8f6f37b9', '56', '/api/hrm/employeeQueryById.do', 'Y', 'url'), ('aae40c5a-5d97-49a9-a837-42e627f8572e', '56', '/api/hrm/employeeQueryList.do', 'Y', 'url'), ('704d5f9d-d397-4576-aa53-5530283b6e18', '56', '/api/hrm/employeeUpdate.do', 'Y', 'url'), ('68780b0c-799c-4cdc-9890-889bfa866df8', '56', '/api/hrm/orgQueryLevelList.do', 'Y', 'url'), ('5ea1c14a-d2d6-4864-80ef-ee53bf389dbe', '174', '/api/node/deleteNode.do', 'Y', 'url'), ('8e335b04-bc93-4bdd-889b-85faefee25ba', '174', '/api/node/queryNodeById.do', 'Y', 'url'), ('ceeb7f09-5fba-4b4d-974a-d94caa31a172', '174', '/api/node/queryNodeHost.do', 'Y', 'url'), ('ed54f983-349c-483e-8cf1-e869c0dd0179', '174', '/api/node/saveNode.do', 'Y', 'url'), ('f8516692-8b93-4c7c-9fcb-14c2cda00327', '174', '/api/sftp/uploadState.do', 'Y', 'url'), ('611502c7-8771-4c91-9a7f-f33818fa27fa', '174', '/api/term/setCurrentMachine.do', 'Y', 'url'), ('b60a69be-ddbe-490c-8fc1-1a4a090476fd', '174', '/api/sftp/connectSftp.do', 'Y', 'url'), ('b17ad2ad-c674-4836-8055-c90d36db2502', '174', '/api/sftp/downloadFile.do', 'Y', 'url'), ('18c95fbc-30b4-4f34-ba74-99dd399572f5', '174', '/api/sftp/exeCommand.do', 'Y', 'url'), ('d06878bf-12f4-44e6-88a2-275bf53607fd', '143', '/api/schedule/disablejob.do', 'Y', 'url'), ('55bbc951-3e92-4dfb-a245-9bb4d49eeaa0', '143', '/api/schedule/enablejob.do', 'Y', 'url'), ('c7f16398-7a88-428a-923a-a4677d2db9a9', '143', '/api/schedule/pausejob.do', 'Y', 'url'), ('8547a929-004e-458b-b08d-999c6e2a5140', '143', '/api/schedule/queryJobs.do', 'Y', 'url'), ('71e99ebe-bc16-44ff-a5db-688f93116007', '143', '/api/schedule/removejob.do', 'Y', 'url'), ('7451cf7f-d94d-43b8-98d0-02e7a4c8baaf', '143', '/api/schedule/resumejob.do', 'Y', 'url'), ('9838d695-89d2-4c5f-8c24-c1fd5a9f5eb2', '96', '/api/user/queryAccessLog.do', 'Y', 'url'), ('1ffffceb-3eb3-41b8-b74f-0269964488e8', '91', '/api/user/changePwd.do', 'Y', 'url'), ('0951c58f-ea17-4540-9dc3-628b61176961', '154', '/api/user/saveCommonSetting.do', 'Y', 'url'), ('034d457d-120a-48b8-aceb-ff8cc5040a38', '155', '/api/user/delReceivingAddr.do', 'Y', 'url'), ('1c839dcc-3410-4cec-8e7c-a913222708cd', '155', '/api/user/queryReceivingAddr.do', 'Y', 'url'), ('df9cbbea-a8a5-4e63-91e7-1ab7c389f9b8', '22', '/api/dict/deleteDict.do', 'Y', 'url'), ('3d507ad1-1325-45d6-ab63-6cef2802496c', '22', '/api/dict/deleteDictItem.do', 'Y', 'url'), ('8bee0e36-ad89-4081-9f2f-689fd46a37e4', '22', '/api/dict/queryByDictId.do', 'Y', 'url'), ('89b1e1ce-8062-4b99-bfe9-91433a55987f', '22', '/api/dict/queryDictItem.do', 'Y', 'url'), ('4e47e097-c769-4652-9c82-f39e8a2c9615', '22', '/api/dict/queryDictItemById.do', 'Y', 'url'), ('7a20b3c3-08cf-4c6f-acb1-22d11ed4cfe2', '22', '/api/dict/saveDict.do', 'Y', 'url'), ('363a7ad6-a3fc-473b-ad7f-d4793488cb09', '22', '/api/dict/saveDictItem.do', 'Y', 'url'), ('d39120a3-679d-4646-9e59-bad451b56b96', '22', '/api/dict/queryDict.do', 'Y', 'url'), ('b973aff3-f57b-4a7c-9c23-f5cf8dfc3dfc', '57', '/api/params/deleteParams.do', 'Y', 'url'), ('5a6d34c4-3a69-4ebc-a427-2fc3af6c99db', '57', '/api/params/queryParamsById.do', 'Y', 'url'), ('d5d86d16-efc8-43be-bb80-258019b535bc', '57', '/api/params/saveParams.do', 'Y', 'url'), ('6dbf6882-6d7b-49f6-8431-a5321cf025d8', '70', '/api/file/fileConfDelete.do', 'Y', 'url'), ('129a5e08-53e3-4257-ac95-cde1a5c9b98c', '70', '/api/file/fileConfQuery.do', 'Y', 'url'), ('03d30c5e-d012-4ff3-ae4c-27f19f75a264', '70', '/api/file/fileConfQueryById.do', 'Y', 'url'), ('7b6242cb-a15d-4eb8-a60f-58f69757224e', '70', '/api/file/fileConfSave.do', 'Y', 'url'), ('7f2748b8-92e7-4789-82af-7ef55a4dc998', '156', '/api/store/deleteStoreSql.do', 'Y', 'url'), ('6521d96d-0ef0-4488-981d-e8239c8e9daf', '156', '/api/store/queryStoreSql.do', 'Y', 'url'), ('9d6cc89a-1d77-4457-8e01-f9c316fd4a33', '156', '/api/store/queryStoreSqlById.do', 'Y', 'url'), ('44f22b6b-f04b-4a48-9eb6-52ffb1ebe9ff', '156', '/api/store/saveStoreSql.do', 'Y', 'url'), ('e8f81596-7476-4cbc-9a78-825730f6df94', '136', '/api/role/roleQueryFormatKV.do', 'Y', 'url'), ('d190a614-57d4-410f-916c-7db080e20dbc', '133', '/api/user/queryGroup.do', 'Y', 'url'), ('5ccc963a-6e9f-45ee-ae2c-ba2042244681', '133', '/api/user/userQueryByGroup.do', 'Y', 'url'), ('3f00f67e-c08e-4cc0-bfa5-3ea94aa77634', '134', '/api/user/queryUserGroupById.do', 'Y', 'url'), ('b08ae22f-81a2-49ac-8277-03f4d4b53223', '136', '/api/user/queryRole.do', 'Y', 'url'), ('7cbf045a-e0c6-430f-9a42-fc57d9ca897a', '134', '/api/user/saveUserGroupById.do', 'Y', 'url'), ('7d103f55-bdf4-4454-92e7-59e0443c7fa5', '134', '/api/user/deleteGroup.do', 'Y', 'url'), ('8ab3c4fe-499a-4a53-8362-e628f0c0e52c', '134', '/api/user/queryGroup.do', 'Y', 'url'), ('f7d527e4-0f54-4ba2-8925-47e69e960cd3', '135', '/api/user/userSave.do', 'Y', 'url'), ('934b0a88-5ecc-44da-a420-ca738e627a06', '136', '/api/user/userQueryById.do', 'Y', 'url'), ('bc597bbe-3b82-4517-97e0-23ca7540e0e2', '136', '/api/user/userRoleChange.do', 'Y', 'url'), ('f76c6acd-0c68-406d-83aa-963351cc5541', '139', '/api/menu/treeTop.do', 'Y', 'url'), ('37ce0c11-b184-4ebf-935c-06ec0eff7393', '136', '/api/user/userSave.do', 'Y', 'url'), ('d5c6eb14-353a-428b-93f2-46753bb67d55', '136', '/api/user/userDelete.do', 'Y', 'url'), ('3766b85b-8b96-414d-b328-dbe82ae41883', '137', '/api/role/roleDelete.do', 'Y', 'url'), ('98e36273-30bd-4473-8fd5-e28c16ca0817', '137', '/api/role/roleQuery.do', 'Y', 'url'), ('55a9dfed-6ce7-4c0f-818f-0ccccd7ec56f', '137', '/api/role/roleQueryById.do', 'Y', 'url'), ('48167d67-7ffd-4402-a759-09ad3626ffa5', '137', '/api/role/roleSave.do', 'Y', 'url'), ('dcc083c1-21cc-4f7f-bee8-3be0280fb7c0', '139', '/api/module/queryModuleItemMap.do', 'Y', 'url'), ('9e01ef38-60d4-483f-b658-51d36ab7a6df', '139', '/api/module/updateModuleItemMap.do', 'Y', 'url'), ('ce29da85-1b40-48cc-82ab-c7e06662aace', '139', '/api/menu/addNode.do', 'Y', 'url'), ('798a22ef-5f1f-42d5-a357-f0d7a770cb10', '139', '/api/menu/deleteNode.do', 'Y', 'url'), ('6bcc1c50-b1a5-4545-affc-5832e55ed043', '139', '/api/menu/updateNode.do', 'Y', 'url'), ('01cae21a-80b8-465c-b3b6-662596b6570c', '139', '/api/menu/treeDataDirect.do', 'Y', 'url'), ('4e280513-0766-44c3-a942-8a70c8b92ced', '119', '/api/categoryB/prodPublishCatAttrList.do', 'Y', 'url'), ('b78f374a-0299-401b-95c1-3fa975058f15', '119', '/api/product/getProdPics.do', 'Y', 'url'), ('20899ad7-5a70-4d94-b5ce-78aaa1a79df8', '119', '/api/product/prodOffOn.do', 'Y', 'url'), ('2e4ed472-5539-4c24-8d59-4ae37e88ba4c', '119', '/api/product/prodQueryByCat.do', 'Y', 'url'), ('3e74c75a-11b0-4b87-87cf-f5fc0545dfc5', '119', '/api/product/prodQueryBySpu.do', 'Y', 'url'), ('247cfc22-9c4c-41c1-8aed-ccba5162cfbb', '119', '/api/product/prodDelete.do', 'Y', 'url'), ('0beaf6e1-240f-4902-91ea-d51a523d69c1', '138', '/api/menu/treeNodeRoleMap.do', 'Y', 'url'), ('58e578d6-7f0c-41cc-9dad-192d864cf28d', '138', '/api/menu/treeRoleChecked.do', 'Y', 'url'), ('6f69e236-7065-4f29-8c65-4721099c5220', '138', '/api/menu/treeTop.do', 'Y', 'url'), ('6ae1ee7c-e165-4625-8a09-ef0f7aa4472f', '138', '/api/role/roleQuery.do', 'Y', 'url'), ('9eaef7a8-5952-4ba0-a777-e473d8d23810', '17', '/api/hrm/orgNodeDelete.do', 'Y', 'url'), ('169178c0-9d72-4396-930d-66f6e12f1771', '17', '/api/hrm/orgNodeQuery.do', 'Y', 'url'), ('8055485d-69dc-4473-a4ab-23f33e039d23', '17', '/api/hrm/orgNodeSave.do', 'Y', 'url'), ('838892d9-2bbb-493e-a7db-86931f8c5a73', '17', '/api/hrm/orgNodeTreeQuery.do', 'Y', 'url'), ('7a3be3d4-f5b4-42b4-82fb-cf4f02125086', '17', '/api/hrm/orgQuery.do', 'Y', 'url'), ('2b24f9b1-1861-48f8-a5e8-abb1c5a1f060', '16', '/api/hrm/orgNodeTreeQuery.do', 'Y', 'url'), ('98db8c0d-3ea8-4e0d-a108-0ecebf52fefa', '16', '/api/hrm/orgQuery.do', 'Y', 'url'), ('f3e51773-6a2c-413f-ae10-8038995add6b', '16', '/api/hrm/queryEmplByOrg.do', 'Y', 'url'), ('1e718382-5337-4507-ab26-f1cb1e878b4b', '86', '/api/news/deleteNews.do', 'Y', 'url'), ('fe6b8d3b-fd82-4206-823c-6c9bd07af9df', '86', '/api/news/queryNewsById.do', 'Y', 'url'), ('27a523ba-10ed-4d64-835b-9b2e17dc6011', '86', '/api/user/queryGroup.do', 'Y', 'url'), ('4f030018-708b-4c30-8c40-e84377114c31', '88', '/api/company/updateCompany.do', 'Y', 'url'), ('9e154929-43eb-4e3b-969c-8738e1593399', '78', '/api/news/publishNews.do', 'Y', 'url'), ('932e3ac9-1569-4560-b40c-e8ec45b13454', '118', '/api/categoryB/prodPublishCatAttrList.do', 'Y', 'url');
INSERT INTO `sys_modules_item` VALUES ('5e1c0950-ddb9-467a-92fe-b8cdf2588aad', '118', '/api/categoryB/prodPublishCatList.do', 'Y', 'url'), ('c69dbaa8-69c9-4df3-98d4-013b70ca3ef7', '118', '/api/product/prodDescartes.do', 'Y', 'url'), ('4f038561-2023-4ceb-9997-06887fdc2c04', '157', '/api/system/getOnlineSession.do', 'Y', 'url'), ('bdddbc6e-9bdc-446c-864a-f213212e42b8', '118', '/api/shop/queryMyShop.do', 'Y', 'url'), ('4840267d-22cb-4c36-b1b6-18f228eaded0', '118', '/api/product/prodPublish.do', 'Y', 'url'), ('8ce63531-5bef-4162-927f-999bf4cba471', '152', '/api/shop/deleteShop.do', 'Y', 'url'), ('497d254e-5b15-4815-b9cb-f92236c6c1f1', '152', '/api/shop/queryShop.do', 'Y', 'url'), ('0f216ca8-38dc-4fc4-906e-be71b4d44b77', '152', '/api/shop/queryShopById.do', 'Y', 'url'), ('7ef32c5b-7db7-4c1f-bd1e-730bae8da27b', '152', '/api/shop/saveShop.do', 'Y', 'url'), ('daad97c0-a087-4245-85e6-9a22b2dc1c7b', '151', '/api/shop/queryMyShop.do', 'Y', 'url'), ('3e17a12a-fdc8-415d-a4b0-d546446381c6', '120', '/api/brand/brandDelete.do', 'Y', 'url'), ('8536b402-dafd-47ec-b4d3-7e38de93a6ee', '120', '/api/brand/brandQueryById.do', 'Y', 'url'), ('1d4a2c47-6800-4bcb-b97e-df01f2963c1c', '120', '/api/brand/brandSave.do', 'Y', 'url'), ('95d3133a-ab41-4556-9b44-56f4020c6d6f', '124', '/api/categoryB/add.do', 'Y', 'url'), ('8ac55b76-844d-437d-aeef-569a1af1dced', '124', '/api/categoryB/catAttrAdd.do', 'Y', 'url'), ('e80bc119-ea8c-4680-9bd4-5d47a2d0df72', '124', '/api/categoryB/catAttrDel.do', 'Y', 'url'), ('95e260cc-39d3-479c-8849-72711b31ab34', '124', '/api/categoryB/catAttrQueryById.do', 'Y', 'url'), ('f77443d2-f878-4296-a8b9-27de6201cd35', '124', '/api/categoryB/catAttrUpdate.do', 'Y', 'url'), ('e3735aba-5877-417a-a5d1-186095446a53', '124', '/api/categoryB/catAttrValueAdd.do', 'Y', 'url'), ('5f61a739-949c-474c-ad35-103827114c88', '124', '/api/categoryB/catAttrValueDel.do', 'Y', 'url'), ('d231dac6-ff96-42cd-947a-0fe25e5938cb', '124', '/api/categoryB/catAttrValueQuery.do', 'Y', 'url'), ('3d4c6295-f3b8-40c8-bbd9-e0319761885f', '124', '/api/categoryB/catAttrValueUpdate.do', 'Y', 'url'), ('604e6e8f-1f35-4403-bb06-ebd9df5628f0', '124', '/api/categoryB/delete.do', 'Y', 'url'), ('ba978ee2-4def-4f00-824f-311000d19355', '124', '/api/categoryB/prodPublishCatAttrList.do', 'Y', 'url'), ('6cc9c096-c44b-445a-bd84-16e65d2f4209', '124', '/api/categoryB/prodPublishCatList.do', 'Y', 'url'), ('1f36dfc3-2dbb-4174-891e-81f80a11dc97', '124', '/api/categoryB/rename.do', 'Y', 'url'), ('c00f80a5-2129-492c-ba3a-52d4d620dcdb', '124', '/api/categoryB/update.do', 'Y', 'url'), ('6582762d-2539-4c60-9487-3f0864428a58', '124', '/api/ctCategroy/queryCategoryById.do', 'Y', 'url'), ('ac4468e4-0911-48bf-ab36-6e98b8840ba5', '123', '/api/categoryF/add.do', 'Y', 'url'), ('0d7120e7-d5aa-49cb-9dc6-28d20d153deb', '123', '/api/categoryF/queryTreeList.do', 'Y', 'url'), ('8e576268-d0a6-4c13-9cc1-ee607deb5c66', '123', '/api/categoryF/rename.do', 'Y', 'url'), ('deabea8c-6fb2-46f3-b0e2-2f8609e81a54', '123', '/api/categoryF/rootCatAdd.do', 'Y', 'url'), ('e9967514-9cc5-42a8-a552-7b9752a579e5', '123', '/api/categoryF/rootCatDel.do', 'Y', 'url'), ('0f69c22b-2e9a-448d-a747-cdcb4036d055', '123', '/api/categoryF/rootCatUpdate.do', 'Y', 'url'), ('e49723c2-977f-4a70-9128-5494b86a24ce', '125', '/api/categoryF/rootCatAdd.do', 'Y', 'url'), ('76bb0f23-56b4-40ef-919b-42095350b4b4', '125', '/api/categoryF/rootCatDel.do', 'Y', 'url'), ('f3dbf069-6773-42bf-829e-c27e5543ccdf', '125', '/api/categoryF/rootCatUpdate.do', 'Y', 'url');
COMMIT;

-- ----------------------------
-- Table structure for `sys_modules_item_history`
-- ----------------------------
DROP TABLE IF EXISTS `sys_modules_item_history`;
CREATE TABLE `sys_modules_item_history` (
`module_item_id`  varchar(50) NULL ,
`module_id`  varchar(50) NULL ,
`ct`  text NULL ,
`status`  varchar(10) NULL ,
`type`  varchar(50) NULL ,
`recdate`  datetime NULL ,
`version`  text NULL 
)

;

-- ----------------------------
-- Records of SYS_MODULES_ITEM_HISTORY
-- ----------------------------
BEGIN;
COMMIT;

-- ----------------------------
-- Table structure for `sys_notice`
-- ----------------------------
DROP TABLE IF EXISTS `sys_notice`;
CREATE TABLE `sys_notice` (
`id`  varchar(50) NOT NULL ,
`type`  varchar(50) NULL ,
`title`  text NULL ,
`ct`  text NULL ,
`rdate`  datetime NULL ,
`cdate`  datetime NULL ,
`is_show`  char(1) NULL ,
`is_delete`  char(1) NULL ,
`user_id`  varchar(50) NULL ,
PRIMARY KEY (`id`)
)

;

-- ----------------------------
-- Records of SYS_NOTICE
-- ----------------------------
BEGIN;
INSERT INTO `sys_notice` VALUES ('d3448764-a8ba-402b-a067-1581e41ff75b', 'mall', '士大夫撒地方', '<p>hello阿凡达舒服</p>', '2017-11-16 13:29:32', '2017-11-16 13:26:40', 'Y', 'Y', 'sys'), ('184fe588-6a67-47c4-8286-41d823fd1af1', 'mall', 'alink', '<p>12</p>', '2017-11-22 15:11:57', '2017-11-16 13:31:04', 'Y', 'N', 'sys'), ('f8c010c0-62cb-4ffb-80ad-bf6a5f0cf0c5', 'mall', '阿斯顿发送到发', '<p>暗示法</p>', '2017-11-16 13:31:38', '2017-11-16 13:31:38', 'N', 'N', 'sys'), ('87b9780f-d6f1-4d9c-b5c6-88e59673c413', 'mall', '阿斯顿发上发呆', '<p>阿斯顿发</p>', '2017-11-16 13:31:49', '2017-11-16 13:31:49', 'Y', 'N', 'sys'), ('a9b4da9c-161c-46ac-b382-14c8bef2f622', 'mall', '阿斯顿发送到发', '<p>阿但是发送到发</p>', '2017-11-16 13:32:00', '2017-11-16 13:32:00', 'N', 'N', 'sys'), ('6b7e4dda-f7cf-4a84-9f64-e10b5f4d3ca4', 'mall', '测试', '<p>12</p>', '2017-11-22 15:10:58', '2017-11-22 15:10:58', 'N', 'N', 'sys'), ('1', 'mall', 'cce', 'asdf', '2017-11-16 13:01:46', '2017-11-16 13:01:46', 'Y', 'Y', null);
COMMIT;

-- ----------------------------
-- Table structure for `sys_org`
-- ----------------------------
DROP TABLE IF EXISTS `sys_org`;
CREATE TABLE `sys_org` (
`org_id`  varchar(50) NOT NULL ,
`org_name`  text NULL ,
`is_action`  char(1) NULL ,
`deleted`  char(1) NULL ,
PRIMARY KEY (`org_id`)
)

;

-- ----------------------------
-- Records of SYS_ORG
-- ----------------------------
BEGIN;
COMMIT;

-- ----------------------------
-- Table structure for `sys_params`
-- ----------------------------
DROP TABLE IF EXISTS `sys_params`;
CREATE TABLE `sys_params` (
`id`  varchar(50) NOT NULL ,
`name`  varchar(200) NULL ,
`value`  varchar(100) NULL ,
`type`  varchar(100) NULL ,
`deleted`  char(1) NULL ,
`mark`  varchar(100) NULL ,
PRIMARY KEY (`id`)
)

;

-- ----------------------------
-- Records of SYS_PARAMS
-- ----------------------------
BEGIN;
INSERT INTO `sys_params` VALUES ('594ca1f7292947f69317a6c3da54b859', '122测试12', '2', 'system', 'N', null), ('sys_empl_no', '员工编号全局序列', '231', 'sysinter', 'N', '12'), ('27401d5f911b4e849be8ab5cca0b8843', '测试2', 'abc', 'sysinter', 'Y', '1'), ('29ac8bfba4784f5a890f8f4d04906dac', '系统参数2', '12', 'system', 'N', '12'), ('2ea8607b83854c678f2747ae509baa0f', '用户组', '2code', 'user', 'N', null), ('d29fa214b63447f3bc3e14c1a2a66808', '测试3', 'abc', 'sysinter', 'Y', '测试2'), ('c83f611963ed4a88b1c063186d432aec', 'tt', 'ttt', 'user', 'Y', 'ttt'), ('sys_menu_id', '菜单全局序列', '20', 'sysinter', 'N', '12'), ('sys_prod_group_num_ctl', '产品添加到组控制', 'Y', 'sysinter', 'N', 'Y:支持多组,N:不支持'), ('b2808992852940f9bf614800c8822002', '12', '1212', 'system', 'Y', null), ('sys_empl_org_num_ctl', '121', 'sysinter', 'system', 'N', null);
COMMIT;

-- ----------------------------
-- Table structure for `sys_qud_chengs`
-- ----------------------------
DROP TABLE IF EXISTS `sys_qud_chengs`;
CREATE TABLE `sys_qud_chengs` (
`id`  varchar(50) NOT NULL ,
`mingc`  varchar(200) NULL ,
`jib`  varchar(10) NULL ,
`shengf_id`  varchar(50) NULL ,
`youb`  varchar(10) NULL ,
`quh`  varchar(10) NOT NULL ,
`chengsid_tq`  varchar(60) NULL ,
`jianc`  text NULL ,
`guobm`  varchar(60) NULL ,
`renksl`  decimal(65,30) NULL ,
`renjsr`  decimal(65,30) NULL ,
`renjxszc`  decimal(65,30) NULL ,
`renjfzzc`  decimal(65,30) NULL ,
`xiugr`  varchar(50) NULL ,
`xiugrq`  datetime NULL ,
PRIMARY KEY (`id`)
)

;

-- ----------------------------
-- Records of SYS_QUD_CHENGS
-- ----------------------------
BEGIN;
INSERT INTO `sys_qud_chengs` VALUES ('110', '巢湖市', '3', '12', '238000', '0565', '101221601', '巢湖', '341400', null, null, null, null, null, null), ('112', '亳州市', '1', '12', '236800', '0558', null, '亳州', '341600', null, null, null, null, null, null), ('113', '池州市', '4', '12', '247100', '0566', '101221701', '池州', '341700', null, null, null, null, null, null), ('114', '宣城市', '3', '12', '366000', '0563', '101221401', '宣城', '341800', null, null, null, null, null, null), ('115', '福州市', '1', '13', '350000', '0591', '101230101', '福州', '350100', null, null, null, null, null, null), ('116', '厦门市', '1', '13', '361000', '0592', '101230201', '厦门', '350200', null, null, null, null, null, null), ('117', '莆田市', '4', '13', '351100', '0594', '101230401', '莆田', '350300', null, null, null, null, null, null), ('118', '三明市', '2', '13', '365000', '0598', '101230801', '三明', '350400', null, null, null, null, null, null), ('119', '泉州市', '2', '13', '362000', '0595', '101230501', '泉州', '350500', null, null, null, null, null, null), ('120', '漳州市', '2', '13', '363000', '0596', '101230601', '漳州', '350600', null, null, null, null, null, null), ('121', '南平市', null, '13', '353000', '0599', '101230901', '南平', '350700', null, null, null, null, null, null), ('123', '宁德市', '2', '13', '352100', '0593', '101230301', '宁德', '350900', null, null, null, null, null, null), ('124', '南昌市', '1', '14', '330000', '0791', '101240101', '南昌', '360100', null, null, null, null, null, null), ('125', '景德镇市', '2', '14', '333000', '0798', '101240801', '景德镇', '360200', null, null, null, null, null, null), ('126', '萍乡市', '3', '14', '337000', '0799', '101240901', '萍乡', '360300', null, null, null, null, null, null), ('127', '九江市', '1', '14', '332000', '0792', '101240201', '九江', '360400', null, null, null, null, null, null), ('128', '新余市', '1', '14', '338000', '0790', '101241001', '新余', '360500', null, null, null, null, null, null), ('129', '鹰潭市', null, '14', '335000', '0701', '101241101', '鹰潭', '360600', null, null, null, null, null, null), ('130', '赣州市', '2', '14', '341000', '0797', '101240701', '赣州', '360700', null, null, null, null, null, null), ('131', '吉安市', '2', '14', '343000', '0796', '101240601', '吉安', '360800', null, null, null, null, null, null), ('132', '宜春市', '2', '14', '336000', '0795', '101240501', '宜春', '360900', null, null, null, null, null, null), ('133', '抚州市', '3', '14', '332900', '0794', '101240401', '抚州', '361000', null, null, null, null, null, null), ('134', '上饶市', '3', '14', '334000', '0793', '101240301', '上饶', '361100', null, null, null, null, null, null), ('135', '济南市', '1', '15', '250000', '0531', '101120101', '济南', '370100', null, null, null, null, null, null), ('136', '青岛市', '1', '15', '266000', '0532', '101120201', '青岛', '370200', null, null, null, null, null, null), ('137', '淄博市', '1', '15', '255000', '0533', '101120301', '淄博', '370300', null, null, null, null, null, null), ('138', '枣庄市', '2', '15', '277100', '0632', '101121401', '枣庄', '370400', null, null, null, null, null, null), ('139', '东营市', null, '15', '257000', '0546', '101121201', '东营', '370500', null, null, null, null, null, null), ('140', '烟台市', null, '15', '264000', '0535', '101120501', '烟台', '370600', null, null, null, null, null, null), ('141', '潍坊市', '2', '15', '261000', '0536', '101120601', '潍坊', '370700', null, null, null, null, null, null), ('142', '济宁市', null, '15', '272100', '0537', '101120701', '济宁', '370800', null, null, null, null, null, null), ('143', '泰安市', '2', '15', '271000', '0538', '101120801', '泰安', '370900', null, null, null, null, null, null), ('146', '莱芜市', '3', '15', '271100', '0634', '101121601', '莱芜', '371200', null, null, null, null, null, null), ('147', '临沂市', null, '15', '276000', '0539', '101120901', '临沂', '371300', null, null, null, null, null, null), ('148', '德州市', '1', '15', '253000', '0534', '101120401', '德州', '371400', null, null, null, null, null, null), ('149', '聊城市', '2', '15', '252000', '0635', '101121701', '聊城', '371500', null, null, null, null, null, null), ('151', '荷泽市', '2', '15', '274000', '0530', null, '荷泽', null, null, null, null, null, null, null), ('152', '郑州市', '1', '16', '450000', '0371', '101180101', '郑州', '410100', null, null, null, null, null, null), ('153', '开封市', '1', '16', '475000', '0378', '101180801', '开封', '410200', null, null, null, null, null, null), ('154', '洛阳市', '1', '16', '471000', '0379', '101180901', '洛阳', '410300', null, null, null, null, null, null), ('155', '平顶山市', '2', '16', '467000', '0375', '101180501', '平顶山', '410400', null, null, null, null, null, null), ('156', '安阳市', '2', '16', '454900', '0372', '101180201', '安阳', '410500', null, null, null, null, null, null), ('157', '鹤壁市', '2', '16', '456600', '0392', '101181201', '鹤壁', '410600', null, null, null, null, null, null), ('158', '新乡市', '2', '16', '453000', '0373', '101180301', '新乡', '410700', null, null, null, null, null, null), ('159', '焦作市', '2', '16', '454100', '0391', '101181101', '焦作', '410800', null, null, null, null, null, null), ('160', '濮阳市', '2', '16', '457000', '0393', '101181301', '濮阳', '410900', null, null, null, null, null, null), ('161', '许昌市', '3', '16', '461000', '0374', '101180401', '许昌', '411000', null, null, null, null, null, null), ('162', '漯河市', '2', '16', '462000', '0395', '101181501', '漯河', '411100', null, null, null, null, null, null), ('163', '三门峡市', '3', '16', '472000', '0398', '101181701', '三门峡', '411200', null, null, null, null, null, null), ('164', '南阳市', '3', '16', '473000', '0377', '101180701', '南阳', '411300', null, null, null, null, null, null), ('165', '商丘市', '2', '16', '476000', '0370', '101181001', '商丘', '411400', null, null, null, null, null, null), ('166', '信阳市', '2', '16', '464000', '0376', '101180601', '信阳', '411500', null, null, null, null, null, null), ('167', '周口市', '3', '16', '466000', '0394', '101181401', '周口', '411600', null, null, null, null, null, null), ('170', '黄石市', '1', '17', '435000', '0714', '101200601', '黄石', '420200', null, null, null, null, null, null), ('171', '十堰市', '1', '17', '442000', '0719', '101201101', '十堰', '420300', null, null, null, null, null, null), ('172', '宜昌市', '2', '17', '443000', '0717', '101200901', '宜昌', '420500', null, null, null, null, null, null), ('173', '襄樊市', null, '17', '441000', '0710', '101200201', '襄樊', '420600', null, null, null, null, null, null), ('174', '鄂州市', '4', '17', '436000', '0711', '101200301', '鄂州', '420700', null, null, null, null, null, null), ('175', '荆门市', '1', '17', '448000', '0724', '101201401', '荆门', '420800', null, null, null, null, null, null), ('176', '孝感市', '2', '17', '432100', '0712', '101200401', '孝感', '420900', null, null, null, null, null, null), ('178', '黄冈市', '2', '17', '438000', '0713', '101200501', '黄冈', '421100', null, null, null, null, null, null), ('179', '咸宁市', null, '17', '437000', '0715', '101200701', '咸宁', '421200', null, null, null, null, null, null), ('180', '随州市', '3', '17', '441300', '0722', '101201301', '随州', '421300', null, null, null, null, null, null), ('182', '神农架', '1', '17', '442400', '0719', '101201201', '神农架', '429021', null, null, null, null, null, null), ('183', '长沙市', '1', '18', '410000', '0731', '101250101', '长沙', '430100', null, null, null, null, null, null), ('185', '湘潭市', '1', '18', '411100', '0731', '101250201', '湘潭', '430300', null, null, null, null, null, null), ('186', '衡阳市', '2', '18', '421000', '0734', '101250401', '衡阳', '430400', null, null, null, null, null, null), ('187', '邵阳市', '2', '18', '422000', '0739', '101250901', '邵阳', '430500', null, null, null, null, null, null), ('188', '岳阳市', '2', '18', '414000', '0730', '101251001', '岳阳', '430600', null, null, null, null, null, null), ('189', '常德市', '2', '18', '415000', '0736', '101250601', '常德', '430700', null, null, null, null, null, null), ('190', '张家界市', '1', '18', '427000', '0744', '101251101', '张家界', '430800', null, null, null, null, null, null), ('191', '益阳市', '1', '18', '413000', '0737', '101250701', '益阳', '430900', null, null, null, null, null, null), ('192', '郴州市', '2', '18', '423000', '0735', '101250501', '郴州', '431000', null, null, null, null, null, null), ('194', '怀化市', '1', '18', '418000', '0745', '101251201', '怀化', '431200', null, null, null, null, null, null), ('195', '娄底市', '2', '18', '417000', '0738', '101250801', '娄底', '431300', null, null, null, null, null, null), ('196', '湘西土家族苗族自治州', '1', '18', '416000', '0743', null, '湘西', '433100', null, null, null, null, null, null), ('197', '广州市', '0', '19', '510000', '020', '101280101', '广州', '440100', null, null, null, null, null, null), ('198', '韶关市', '4', '19', '521000', '0751', '101280201', '韶关', '440200', null, null, null, null, null, null), ('199', '深圳市', null, '19', '518000', '0755', '101280601', '深圳', '440300', null, null, null, null, null, null), ('200', '珠海市', '1', '19', '519000', '0756', '101280701', '珠海', '440400', null, null, null, null, null, null), ('201', '汕头市', '2', '19', '515000', '0754', '101280501', '汕头', '440500', null, null, null, null, null, null), ('202', '佛山市', '1', '19', '528000', '0757', null, '佛山', '440600', null, null, null, null, null, null), ('203', '江门市', '2', '19', '529000', '0750', '101281101', '江门', '440700', null, null, null, null, null, null), ('204', '湛江市', '2', '19', '524000', '0759', '101281001', '湛江', '440800', null, null, null, null, null, null), ('206', '肇庆市', '2', '19', '526000', '0758', '101280901', '肇庆', '441200', null, null, null, null, null, null), ('207', '惠州市', '1', '19', '516000', '0752', '101280301', '惠州', '441300', null, null, null, null, null, null), ('208', '梅州市', '3', '19', '514000', '0753', '101280401', '梅州', '441400', null, null, null, null, null, null), ('209', '汕尾市', null, '19', '516600', '0660', '101282101', '汕尾', '441500', null, null, null, null, null, null), ('210', '河源市', '4', '19', '517000', '0762', '101281201', '河源', '441600', null, null, null, null, null, null), ('211', '阳江市', '2', '19', '529500', '0662', '101281801', '阳江', '441700', null, null, null, null, null, null), ('212', '清远市', null, '19', '511500', '0763', '101281301', '清远', '441800', null, null, null, null, null, null), ('213', '东莞市', '1', '19', '511700', '0769', '101281601', '东莞', '441900', null, null, null, null, null, null), ('214', '中山市', '1', '19', '528400', '0760', '101281701', '中山', '442000', null, null, null, null, null, null), ('215', '潮州市', '2', '19', '515600', '0768', '101281501', '潮州', '445100', null, null, null, null, null, null), ('216', '揭阳市', '3', '19', '522000', '0663', '101281901', '揭阳', '445200', null, null, null, null, null, null), ('217', '云浮市', null, '19', '527300', '0766', '101281401', '云浮', '445300', null, null, null, null, null, null), ('218', '南宁市', null, '20', '530000', '0771', '101300101', '南宁', '450100', null, null, null, null, null, null), ('219', '柳州市', null, '20', '545000', '0772', '101300301', '柳州', '450200', null, null, null, null, null, null), ('220', '桂林市', '2', '20', '541000', '0773', '101300501', '桂林', '450300', null, null, null, null, null, null), ('222', '北海市', '2', '20', '536000', '0779', '101301301', '北海', '450500', null, null, null, null, null, null);
INSERT INTO `sys_qud_chengs` VALUES ('224', '钦州市', '4', '20', '535000', '0777', '101301101', '钦州', '450700', null, null, null, null, null, null), ('225', '贵港市', '2', '20', '537100', '0775', '101300801', '贵港', '450800', null, null, null, null, null, null), ('226', '玉林市', '2', '20', '537000', '0775', '101300901', '玉林', '450900', null, null, null, null, null, null), ('227', '百色市', '3', '20', '533000', '0776', '101301001', '百色', '451000', null, null, null, null, null, null), ('228', '贺州市', '4', '20', '542800', '0774', '101300701', '贺州', '451100', null, null, null, null, null, null), ('230', '来宾市', '2', '20', '546100', '0772', '101300401', '来宾', '451300', null, null, null, null, null, null), ('232', '海口市', '2', '21', '570000', '0898', '101310101', '海口', '460100', null, null, null, null, null, null), ('233', '三亚市', '2', '21', '572000', '0898', '101310201', '三亚', '460200', null, null, null, null, null, null), ('234', '重庆市', null, '22', '400000', '023', '101040100', '重庆', '500000', null, null, null, null, null, null), ('235', '成都市', '0', '23', '610000', '028', '101270101', '成都', '510100', null, null, null, null, null, null), ('236', '自贡市', null, '23', '643000', '0813', '101270301', '自贡', '510300', null, null, null, null, null, null), ('237', '攀枝花市', '2', '23', '617000', '0812', '101270201', '攀枝花', '510400', null, null, null, null, null, null), ('238', '泸州市', '1', '23', '646100', '0830', '101271001', '泸州', '510500', null, null, null, null, null, null), ('239', '德阳市', '2', '23', '618000', '0838', '101272001', '德阳', '510600', null, null, null, null, null, null), ('240', '绵阳市', '1', '23', '621000', '0816', '101270401', '绵阳', '510700', null, null, null, null, null, null), ('241', '广元市', '2', '23', '628000', '0839', '101272101', '广元', '510800', null, null, null, null, null, null), ('242', '遂宁市', '1', '23', '629000', '0825', '101270701', '遂宁', '510900', null, null, null, null, null, null), ('243', '内江市', '2', '23', '641000', '0832', '101271201', '内江', '511000', null, null, null, null, null, null), ('244', '乐山市', null, '23', '614000', '0833', '101271401', '乐山', '511100', null, null, null, null, null, null), ('245', '南充市', '2', '23', '637000', '0817', '101270501', '南充', '511300', null, null, null, null, null, null), ('247', '宜宾市', '1', '23', '644000', '0831', '101271101', '宜宾', '511500', null, null, null, null, null, null), ('248', '广安市', '2', '23', '638000', '0826', '101270801', '广安', '511600', null, null, null, null, null, null), ('249', '达州市', '3', '23', '635000', '0818', '101270601', '达州', '511700', null, null, null, null, null, null), ('250', '雅安市', '4', '23', '625000', '0835', '101271701', '雅安', '511800', null, null, null, null, null, null), ('252', '资阳市', '1', '23', '641300', '028', '101271301', '资阳', '512000', null, null, null, null, null, null), ('253', '阿坝藏族羌族自治州', null, '23', '624600', '0837', '101271901', '阿坝', '513200', null, null, null, null, null, null), ('254', '甘孜藏族自治州', null, '23', '626000', '0836', null, '甘孜', '513300', null, null, null, null, null, null), ('255', '凉山彝族自治州', '4', '23', '615000', '0834', '101271601', '凉山', '513400', null, null, null, null, null, null), ('256', '贵阳市', '0', '24', '55000', '0851', '101260101', '贵阳', '520100', null, null, null, null, null, null), ('258', '遵义市', null, '24', '563000', '0852', '101260201', '遵义', '520300', null, null, null, null, null, null), ('261', '黔西南布依族苗族自治州', '1', '24', '551500', '0859', null, '黔西南', '522300', null, null, null, null, null, null), ('262', '毕节地区', null, '24', '551700', '0857', '101260701', '毕节', '522400', null, null, null, null, null, null), ('263', '黔东南苗族侗族自治州', '3', '24', '551500', '0855', null, '黔东', '522600', null, null, null, null, null, null), ('264', '黔南布依族苗族自治州', '1', '24', '550100', '0854', null, '黔南', '522700', null, null, null, null, null, null), ('265', '昆明市', '0', '25', '650000', '0871', '101290101', '昆明', '530100', null, null, null, null, null, null), ('266', '曲靖市', null, '25', '655000', '0874', '101290401', '曲靖', '530300', null, null, null, null, null, null), ('267', '玉溪市', '4', '25', '653100', '0877', '101290701', '玉溪', '530400', null, null, null, null, null, null), ('268', '保山市', '4', '25', '678000', '0875', '101290501', '保山', '530500', null, null, null, null, null, null), ('269', '昭通市', '2', '25', '657000', '0870', '101291001', '昭通', '530600', null, null, null, null, null, null), ('270', '丽江市', '2', '25', '674100', '0888', '101291401', '丽江', '530700', null, null, null, null, null, null), ('271', '思茅市', '2', '25', '665000', '0879', '101290901', '思茅', '530800', null, null, null, null, null, null), ('272', '临沧市', '4', '25', '677000', '0883', '101291101', '临沧', '530900', null, null, null, null, null, null), ('273', '楚雄彝族自治州', '2', '25', '675000', '0878', '101290801', '楚雄', '532300', null, null, null, null, null, null), ('274', '红河哈尼族彝族自治州', '4', '25', '654400', '0873', '101290301', '红河', '532500', null, null, null, null, null, null), ('275', '文山壮族苗族自治州', '2', '25', '663000', '0876', '101290601', '文山', '532600', null, null, null, null, null, null), ('276', '西双版纳傣族自治州', '4', '25', '666200', '0691', null, '西双版纳', '532800', null, null, null, null, null, null), ('277', '大理白族自治州', '3', '25', '671000', '0872', '101290201', '大理', '532900', null, null, null, null, null, null), ('278', '德宏傣族景颇族自治州', '4', '25', '678400', '0692', '101291501', '德宏', '533100', null, null, null, null, null, null), ('279', '怒江傈僳族自治州', null, '25', '671400', '0886', '101291201', '怒江', '533300', null, null, null, null, null, null), ('280', '迪庆藏族自治州', null, '25', '674400', '0887', null, '迪庆', '533400', null, null, null, null, null, null), ('281', '拉萨市', null, '26', '850000', '0891', '101140101', '拉萨', '540100', null, null, null, null, null, null), ('282', '昌都地区', null, '26', '854000', '0895', '101140501', '昌都', '542100', null, null, null, null, null, null), ('283', '山南地区', '1', '26', '856000', '0893', '101140301', '山南', '542200', null, null, null, null, null, null), ('284', '日喀则地区', null, '26', '857000', '0892', '101140201', '日喀则', '542300', null, null, null, null, null, null), ('285', '那曲地区', null, '26', '852000', '0896', '101140601', '那曲', '542400', null, null, null, null, null, null), ('286', '阿里地区', null, '26', '859100', '0897', '101140701', '阿里', '542500', null, null, null, null, null, null), ('287', '林芝地区', null, '26', '860100', '0894', '101140401', '林芝', '542600', null, null, null, null, null, null), ('288', '西安市', '1', '27', '710000', '029', '101110101', '西安', '610100', null, null, null, null, null, null), ('289', '铜川市', '4', '27', '727000', '0919', '101111001', '铜川', '610200', null, null, null, null, null, null), ('290', '宝鸡市', '2', '27', '721000', '0917', '101110901', '宝鸡', '610300', null, null, null, null, null, null), ('291', '咸阳市', '2', '27', '712000', '029', '101110200', '咸阳', '610400', null, null, null, null, null, null), ('292', '渭南市', '2', '27', '714000', '0913', '101110501', '渭南', '610500', null, null, null, null, null, null), ('293', '延安市', '2', '27', '716000', '0911', '101110300', '延安', '610600', null, null, null, null, null, null), ('294', '汉中市', '4', '27', '723000', '0916', '101110801', '汉中', '610700', null, null, null, null, null, null), ('295', '榆林市', '1', '27', '719000', '0912', '101110401', '榆林', '610800', null, null, null, null, null, null), ('296', '安康市', '3', '27', '725000', '0915', '101110701', '安康', '610900', null, null, null, null, null, null), ('297', '商洛市', '1', '27', '711500', '0914', '101110601', '商洛', '611000', null, null, null, null, null, null), ('298', '兰州市', '1', '28', '730000', '0931', '101160101', '兰州', '620100', null, null, null, null, null, null), ('299', '嘉峪关市', '1', '28', '735100', '0937', null, '嘉峪关', '620200', null, null, null, null, null, null), ('300', '金昌市', '4', '28', '737100', '0935', '101160601', '金昌', '620300', null, null, null, null, null, null), ('301', '白银市', '1', '28', '730900', '0943', '101161301', '白银', '620400', null, null, null, null, null, null), ('302', '天水市', '1', '28', '741000', '0938', '101160901', '天水', '620500', null, null, null, null, null, null), ('303', '武威市', '1', '28', '733000', '0935', '101160501', '武威', '620600', null, null, null, null, null, null), ('304', '张掖市', '1', '28', '734000', '0936', '101160701', '张掖', '620700', null, null, null, null, null, null), ('305', '平凉市', '2', '28', '744000', '0933', '101160301', '平凉', '620800', null, null, null, null, null, null), ('306', '酒泉市', '2', '28', '735000', '0937', '101160801', '酒泉', '620900', null, null, null, null, null, null), ('307', '庆阳市', null, '28', '744500', '0934', '101160401', '庆阳', '621000', null, null, null, null, null, null), ('308', '定西市', '2', '28', '743000', '0932', '101160201', '定西', '621100', null, null, null, null, null, null), ('309', '陇南市', '2', '28', '742100', '0939', null, '陇南', '621200', null, null, null, null, null, null), ('310', '临夏回族自治州', '2', '28', '731100', '0930', '101161101', '临夏', '622900', null, null, null, null, null, null), ('311', '甘南藏族自治州', null, '28', '747000', '0941', '101050204', '甘南', '230225', null, null, null, null, null, null), ('312', '西宁市', null, '29', '810000', '0971', '101150101', '西宁', '630100', null, null, null, null, null, null), ('313', '海东地区', null, '29', '810600', '0972', '101150201', '海东', '632100', null, null, null, null, null, null), ('314', '海北藏族自治州', null, '29', '810300', '0970', '101150801', '海北', '632200', null, null, null, null, null, null), ('315', '黄南藏族自治州', null, '29', '811300', '0973', '101150301', '黄南', '632300', null, null, null, null, null, null), ('316', '海南藏族自治州', null, '29', '813000', '0974', '101150401', '海南', '150303', null, null, null, null, null, null), ('317', '果洛藏族自治州', null, '29', '814000', '0975', '101150501', '果洛', '632600', null, null, null, null, null, null), ('318', '玉树藏族自治州', null, '29', '815000', '0976', '101150601', '玉树', '632700', null, null, null, null, null, null), ('319', '海西蒙古族藏族自治州', '4', '29', '817000', '0979', '101150701', '海西', '632800', null, null, null, null, null, null), ('320', '银川市', '1', '30', '750000', '0951', '101170101', '银川', '640100', null, null, null, null, null, null), ('321', '石嘴山市', '1', '30', '753000', '0952', '101170201', '石嘴山', '640200', null, null, null, null, null, null), ('322', '吴忠市', '2', '30', '751100', '0953', '101170301', '吴忠', '640300', null, null, null, null, null, null), ('323', '固原市', null, '30', '756000', '0954', '101170401', '固原', '640400', null, null, null, null, null, null), ('324', '中卫市', '1', '30', '751700', '0955', '101170501', '中卫', '640500', null, null, null, null, null, null), ('325', '乌鲁木齐市', '2', '31', '830000', '0991', '101130101', '乌鲁木齐', '650100', null, null, null, null, null, null), ('326', '克拉玛依市', null, '31', '834000', '0990', '101130201', '克拉玛依', '650200', null, null, null, null, null, null), ('327', '吐鲁番地区', null, '31', '838000', '0995', '101130501', '吐鲁番', '652100', null, null, null, null, null, null), ('328', '哈密地区', null, '31', '839000', '0902', '101131201', '哈密', '652200', null, null, null, null, null, null), ('329', '昌吉回族自治州', '3', '31', '831100', '0994', '101130401', '昌吉', '652300', null, null, null, null, null, null), ('330', '博尔塔拉蒙古自治州', '3', '31', '833400', '0909', null, '博州', null, null, null, null, null, null, null);
INSERT INTO `sys_qud_chengs` VALUES ('331', '巴音郭楞蒙古自治州', '3', '31', '841000', '0996', null, '巴州', '511902', null, null, null, null, null, null), ('332', '阿克苏地区', '3', '31', '843000', '0997', '101130801', '阿克苏', '652900', null, null, null, null, null, null), ('333', '克孜勒苏柯尔克孜自治州', '3', '31', '835600', '0908', null, '克州', null, null, null, null, null, null, null), ('334', '喀什地区', '3', '31', '844000', '0998', '101130901', '喀什', '653100', null, null, null, null, null, null), ('335', '和田地区', '4', '31', '848000', '0903', '101131301', '和田', '653200', null, null, null, null, null, null), ('336', '伊犁哈萨克自治州', '3', '31', '833200', '0999', null, '伊犁', '654000', null, null, null, null, null, null), ('337', '塔城地区', '4', '31', '834700', '0901', '101131101', '塔城', '654200', null, null, null, null, null, null), ('338', '阿勒泰地区', null, '31', '836500', '0906', '101131401', '阿勒泰', '654300', null, null, null, null, null, null), ('339', '石河子市', '3', '31', '832000', '0993', '101130301', '石河子', '659001', null, null, null, null, null, null), ('340', '阿拉尔市', null, '31', '843300', '0483', null, '阿拉尔', '659002', null, null, null, null, null, null), ('341', '图木舒克市', null, '31', '843900', '0998', null, '图木舒克', '659003', null, null, null, null, null, null), ('342', '五家渠市', null, '31', '831300', '0994', null, '五家渠', '659004', null, null, null, null, null, null), ('343', '香港特别行政区', null, '32', '0', '00852', '101320101', '香港', '810000', null, null, null, null, null, null), ('344', '澳门特别行政区', null, '33', '0', '00853', '101330101', '澳门', '820000', null, null, null, null, null, null), ('345', '台湾省', null, '34', '0', '00886', null, '台湾', null, null, null, null, null, null, null), ('23', '临汾市', null, '4', '41000', '0357', '101100701', '临汾', '141000', null, null, null, null, null, null), ('46', '辽阳市', '3', '6', '111000', '0419', '101071001', '辽阳', '211000', null, null, null, null, null, null), ('74', '南京市', null, '10', '210000', '025', '101190101', '南京', '320100', null, null, null, null, null, null), ('97', '丽水市', null, '11', '323000', '0578', '101210801', '丽水', '331100', null, null, null, null, null, null), ('122', '龙岩市', null, '13', '364000', '0597', '101230701', '龙岩', '350800', null, null, null, null, null, null), ('145', '日照市', '3', '15', '276800', '0633', '101121501', '日照', '371100', null, null, null, null, null, null), ('169', '武汉市', null, '17', '430000', '027', '101200101', '武汉', '420100', null, null, null, null, null, null), ('193', '永州市', '3', '18', '425000', '0746', '101251401', '永州', '431100', null, null, null, null, null, null), ('223', '防城港市', '2', '20', '538000', '0770', '101301401', '防城港', '450600', null, null, null, null, null, null), ('251', '巴中市', '4', '23', '635500', '0827', '101270901', '巴中', '511900', null, null, null, null, null, null), ('346', '济源市', '4', '16', '454000', '0391', null, '济源', '410881', null, null, null, null, null, null), ('347', '潜江市', '4', '17', '433100', '0728', null, '潜江', null, null, null, null, null, null, null), ('101', '淮南市', '0', '12', '232000', '0554', '101220401', '淮南', '340400', null, null, null, null, null, null), ('106', '黄山市', '2', '12', '242700', '0559', null, '黄山', '341000', null, null, null, null, null, null), ('111', '六安市', '3', '12', '237000', '0564', '101221501', '六安', '341500', null, null, null, null, null, null), ('53', '四平市', '4', '7', '136000', '0434', '101060401', '四平', '220300', null, null, null, null, null, null), ('57', '松原市', '1', '7', '131100', '0438', '101060801', '松原', '220700', null, null, null, null, null, null), ('221', '梧州市', '2', '20', '543000', '0774', '101300601', '梧州', '450400', null, null, null, null, null, null), ('229', '河池市', '4', '20', '547000', '0778', '101301201', '河池', '451200', null, null, null, null, null, null), ('259', '安顺市', null, '24', '561000', '0853', '101260301', '安顺', '520400', null, null, null, null, null, null), ('9', '张家口市', '3', '3', '75000', '0313', '101090301', '张家口', '130700', null, null, null, null, null, null), ('25', '呼和浩特市', '3', '5', '10000', '0471', '101080101', '呼和浩特', '150100', null, null, null, null, null, null), ('67', '佳木斯市', '4', '8', '154000', '0454', '101050401', '佳木斯', '230800', null, null, null, null, null, null), ('168', '驻马店市', '3', '16', '463000', '0396', '101181601', '驻马店', '411700', null, null, null, null, null, null), ('257', '六盘水市', '1', '24', '553000', '0858', '101260801', '六盘水', '520200', null, null, null, null, null, null), ('205', '茂名市', null, '19', '525000', '0668', '101282001', '茂名', '440900', null, null, null, null, null, null), ('62', '鸡西市', null, '8', '158100', '0467', '101051101', '鸡西', '230300', null, null, null, null, null, null), ('177', '荆州市', '2', '17', '434000', '0716', '101200801', '荆州', '421000', null, null, null, null, null, null), ('184', '株洲市', '1', '18', '412000', '0731', '101250301', '株洲', '430200', null, null, null, null, null, null), ('150', '滨州市', '2', '15', '256600', '0543', '101121101', '滨州', '371600', null, null, null, null, null, null), ('144', '威海市', '2', '15', '265700', '0631', '101121301', '威海', '371000', null, null, null, null, null, null), ('24', '吕梁市', '2', '4', '30500', '0358', '101101101', '吕梁', '141100', null, null, null, null, null, null), ('246', '眉山市', '1', '23', '612100', '028', '101271501', '眉山', '511400', null, null, null, null, null, null), ('181', '恩施土家族苗族自治州', '2', '17', '445000', '0718', '101201001', '恩施', '422800', null, null, null, null, null, null), ('260', '铜仁地区', '1', '24', '554300', '0856', '101260601', '铜仁', '522200', null, null, null, null, null, null), ('33', '乌兰察布市', '4', '5', '11800', '0474', null, '乌兰察布', '150900', null, null, null, null, null, null), ('30', '鄂尔多斯市', '3', '5', '017000', '0477', '101080701', '鄂尔多斯', '150600', null, null, null, null, null, null), ('231', '崇左市', null, '20', '532200', '0771', '101300201', '崇左', '451400', null, null, null, null, null, null), ('1', '北京市', null, '1', '100000', '010', '101010100', '北京', '110000', '2', '123', '345', null, 'SYS', '2014-08-12 14:30:46'), ('2', '天津市', null, '2', '100000', '022', '101030100', '天津', '120000', null, null, null, null, null, null), ('3', '石家庄市', '1', '3', '50000', '0311', '101090101', '石家庄', '130100', null, null, null, null, null, null), ('4', '唐山市', '2', '3', '63000', '0315', '101090501', '唐山', '130200', null, null, null, null, null, null), ('5', '秦皇岛市', '2', '3', '66000', '0335', '101091101', '秦皇岛', '130300', null, null, null, null, null, null), ('6', '邯郸市', null, '3', '56000', '0310', '101091001', '邯郸', '130400', null, null, null, null, null, null), ('7', '邢台市', '2', '3', '54000', '0319', '101090901', '邢台', '130500', null, null, null, null, null, null), ('8', '保定市', '2', '3', '71000', '0312', '101090201', '保定', '130600', null, null, null, null, null, null), ('10', '承德市', '3', '3', '67000', '0314', '101090402', '承德', '130800', null, null, null, null, null, null), ('11', '沧州市', '2', '3', '61000', '0317', '101090701', '沧州', '130900', null, null, null, null, null, null), ('12', '廊坊市', '2', '3', '65000', '0316', '101090601', '廊坊', '131000', null, null, null, null, null, null), ('13', '衡水市', null, '3', '53000', '0318', '101090801', '衡水', '131100', null, null, null, null, null, null), ('14', '太原市', '1', '4', '30000', '0351', '101100101', '太原', '140100', null, null, null, null, null, null), ('15', '大同市', null, '4', '37000', '0352', '101100201', '大同', '140200', null, null, null, null, null, null), ('16', '阳泉市', '1', '4', '45000', '0353', '101100301', '阳泉', '140300', null, null, null, null, null, null), ('17', '长治市', '3', '4', '46000', '0355', '101100501', '长治', '140400', null, null, null, null, null, null), ('18', '晋城市', '3', '4', '48000', '0356', '101100601', '晋城', '140500', null, null, null, null, null, null), ('19', '朔州市', '1', '4', '36000', '0349', '101100901', '朔州', '140600', null, null, null, null, null, null), ('20', '晋中市', '1', '4', '30600', '0354', '101100401', '晋中', '140700', null, null, null, null, null, null), ('21', '运城市', '2', '4', '44000', '0359', '101100801', '运城', '140800', null, null, null, null, null, null), ('22', '忻州市', '3', '4', '34000', '0350', '101101001', '忻州', '140900', null, null, null, null, null, null), ('26', '包头市', '2', '5', '14000', '0472', '101080201', '包头', '150200', null, null, null, null, null, null), ('27', '乌海市', '4', '5', '16000', '0473', '101080301', '乌海', '150300', null, null, null, null, null, null), ('28', '赤峰市', '4', '5', '24000', '0476', '101080601', '赤峰', '150400', null, null, null, null, null, null), ('29', '通辽市', '1', '5', '28000', '0475', '101080501', '通辽', '150500', null, null, null, null, null, null), ('31', '呼伦贝尔市', null, '5', '021000', '0470', '101081001', '呼伦贝尔', '150700', null, null, null, null, null, null), ('32', '巴彦淖尔市', '3', '5', '015000', '0478', null, '巴彦淖尔', '150800', null, null, null, null, null, null), ('34', '兴安盟', '1', '5', '137400', '0482', null, '兴安', '152200', null, null, null, null, null, null), ('35', '锡林郭勒盟', '4', '5', '11100', '0479', null, '锡林郭勒', '152500', null, null, null, null, null, null), ('36', '阿拉善盟', '4', '5', '16000', '0483', null, '阿拉善', '152900', null, null, null, null, null, null), ('37', '沈阳市', '0', '6', '110000', '024', '101070101', '沈阳', '210100', null, null, null, null, null, null), ('38', '大连市', '1', '6', '116000', '0411', '101070201', '大连', '210200', null, null, null, null, null, null), ('39', '鞍山市', '1', '6', '114000', '0412', '101070301', '鞍山', '210300', null, null, null, null, null, null), ('40', '抚顺市', null, '6', '113000', '024', '101070401', '抚顺', '210400', null, null, null, null, null, null), ('41', '本溪市', '4', '6', '117000', '0414', '101070501', '本溪', '210500', null, null, null, null, null, null), ('42', '丹东市', '1', '6', '118000', '0415', '101070601', '丹东', '210600', null, null, null, null, null, null), ('43', '锦州市', '1', '6', '121000', '0416', '101070701', '锦州', '210700', null, null, null, null, null, null), ('44', '营口市', '3', '6', '115000', '0417', '101070801', '营口', '210800', null, null, null, null, null, null), ('45', '阜新市', '0', '6', '123000', '0418', '101070901', '阜新', '210900', null, null, null, null, null, null), ('47', '盘锦市', '4', '6', '124000', '0427', '101071301', '盘锦', '211100', null, null, null, null, null, null), ('48', '铁岭市', '2', '6', '112000', '024', '101071101', '铁岭', '211200', null, null, null, null, null, null), ('49', '朝阳市', '4', '6', '122000', '0421', '101071201', '朝阳', '211300', null, null, null, null, null, null), ('50', '葫芦岛市', '1', '6', '125000', '0429', '101071401', '葫芦岛', '211400', null, null, null, null, null, null), ('51', '长春市', '0', '7', '130000', '0431', '101060101', '长春', '220100', null, null, null, null, null, null), ('52', '吉林市', '1', '7', '132000', '0432', '101060201', '吉林', '220200', null, null, null, null, null, null), ('54', '辽源市', '2', '7', '136200', '0437', '101060701', '辽源', '220400', null, null, null, null, null, null), ('55', '通化市', '4', '7', '134000', '0435', '101060501', '通化', '220500', null, null, null, null, null, null);
INSERT INTO `sys_qud_chengs` VALUES ('56', '白山市', '4', '7', '134300', '0439', '101060901', '白山', '220600', null, null, null, null, null, null), ('58', '白城市', '1', '7', '137000', '0436', '101060601', '白城', '220800', null, null, null, null, null, null), ('59', '延边朝鲜族自治州', '2', '7', '133000', '0433', '101060301', '延边', '222400', null, null, null, null, null, null), ('60', '哈尔滨市', '1', '8', '150000', '0451', '101050101', '哈尔滨', '230100', null, null, null, null, null, null), ('61', '齐齐哈尔市', '1', '8', '161000', '0452', '101050201', '齐齐哈尔', '230200', null, null, null, null, null, null), ('63', '鹤岗市', '1', '8', '154100', '0468', '101051201', '鹤岗', '230400', null, null, null, null, null, null), ('64', '双鸭山市', null, '8', '155100', '0469', '101051301', '双鸭山', '230500', null, null, null, null, null, null), ('65', '大庆市', null, '8', '163000', '0459', '101050901', '大庆', '230600', null, null, null, null, null, null), ('66', '伊春市', '2', '8', '152300', '0458', '101050801', '伊春', '230700', null, null, null, null, null, null), ('68', '七台河市', '4', '8', '154600', '0464', '101051002', '七台河', '230900', null, null, null, null, null, null), ('69', '牡丹江市', '3', '8', '157000', '0453', '101050301', '牡丹江', '231000', null, null, null, null, null, null), ('70', '黑河市', null, '8', '164300', '0456', '101050601', '黑河', '231100', null, null, null, null, null, null), ('71', '绥化市', '2', '8', '152000', '0455', '101050501', '绥化', '231200', null, null, null, null, null, null), ('72', '大兴安岭地区', null, '8', '165000', '0457', '101050701', '大兴安岭', '232700', null, null, null, null, null, null), ('73', '上海市', '0', '9', '200000', '021', '101020100', '上海', '310000', null, null, null, null, null, null), ('75', '无锡市', null, '10', '214000', '0510', '101190201', '无锡', '320200', null, null, null, null, null, null), ('76', '徐州市', '1', '10', '221000', '0516', '101190801', '徐州', '320300', null, null, null, null, null, null), ('77', '常州市', '1', '10', '213000', '0519', '101191101', '常州', '320400', null, null, null, null, null, null), ('78', '苏州市', '1', '10', '215000', '0512', '101190401', '苏州', '320500', null, null, null, null, null, null), ('79', '南通市', '1', '10', '226000', '0513', '101190501', '南通', '320600', null, null, null, null, null, null), ('80', '连云港市', '2', '10', '222000', '0518', '101191001', '连云港', '320700', null, null, null, null, null, null), ('81', '淮安市', '2', '10', '223200', '0517', '101190901', '淮安', '320800', null, null, null, null, null, null), ('82', '盐城市', '3', '10', '224000', '0515', '101190701', '盐城', '320900', null, null, null, null, null, null), ('83', '扬州市', '3', '10', '225000', '0514', '101190601', '扬州', '321000', null, null, null, null, null, null), ('84', '镇江市', '3', '10', '212000', '0511', '101190301', '镇江', '321100', null, null, null, null, null, null), ('85', '泰州市', '3', '10', '225300', '0523', '101191201', '泰州', '321200', null, null, null, null, null, null), ('86', '宿迁市', null, '10', '223800', '0527', '101191301', '宿迁', '321300', null, null, null, null, null, null), ('87', '杭州市', null, '11', '310000', '0571', '101210101', '杭州', '330100', null, null, null, null, null, null), ('88', '宁波市', '2', '11', '315000', '0574', '101210401', '宁波', '330200', null, null, null, null, null, null), ('89', '温州市', '2', '11', '325000', '0577', '101210701', '温州', '330300', null, null, null, null, null, null), ('90', '嘉兴市', '2', '11', '314000', '0573', '101210301', '嘉兴', '330400', null, null, null, null, null, null), ('91', '湖州市', '2', '11', '313000', '0572', '101210201', '湖州', '330500', null, null, null, null, null, null), ('92', '绍兴市', '1', '11', '312000', '0575', '101210501', '绍兴', '330600', null, null, null, null, null, null), ('93', '金华市', '2', '11', '321000', '0579', '101210901', '金华', '330700', null, null, null, null, null, null), ('94', '衢州市', '3', '11', '324000', '0570', '101211001', '衢州', '330800', null, null, null, null, null, null), ('95', '舟山市', '0', '11', '316000', '0580', '101211101', '舟山', '330900', null, null, null, null, null, null), ('96', '台州市', '2', '11', '318000', '0576', '101210601', '台州', '331000', null, null, null, null, null, null), ('98', '合肥市', '0', '12', '230000', '0551', '101220101', '合肥', '340100', null, null, null, null, null, null), ('99', '芜湖市', null, '12', '241000', '0553', '101220301', '芜湖', '340200', null, null, null, null, null, null), ('100', '蚌埠市', '2', '12', '233000', '0552', '101220201', '蚌埠', '340300', null, null, null, null, null, null), ('102', '马鞍山市', '2', '12', '243000', '0555', '101220501', '马鞍山', '340500', null, null, null, null, null, null), ('103', '淮北市', '2', '12', '235000', '0561', '101221201', '淮北', '340600', null, null, null, null, null, null), ('104', '铜陵市', '2', '12', '244000', '0562', '101221301', '铜陵', '340700', null, null, null, null, null, null), ('105', '安庆市', null, '12', '246000', '0556', '101220601', '安庆', '340800', null, null, null, null, null, null), ('107', '滁州市', '1', '12', '239000', '0550', '101221101', '滁州', '341100', null, null, null, null, null, null), ('108', '阜阳市', '1', '12', '236100', '0558', '101220801', '阜阳', '341200', null, null, null, null, null, null), ('109', '宿州市', '2', '12', '234100', '0557', '101220701', '宿州', '341300', null, null, null, null, null, null);
COMMIT;

-- ----------------------------
-- Table structure for `sys_qud_chengs_arch`
-- ----------------------------
DROP TABLE IF EXISTS `sys_qud_chengs_arch`;
CREATE TABLE `sys_qud_chengs_arch` (
`id`  varchar(50) NOT NULL ,
`mingc`  varchar(200) NULL ,
`jib`  varchar(10) NULL ,
`shengf_id`  varchar(50) NULL ,
`youb`  varchar(10) NULL ,
`quh`  varchar(10) NOT NULL ,
`chengsid_tq`  varchar(60) NULL ,
`jianc`  text NULL ,
`guobm`  varchar(60) NULL ,
`renksl`  decimal(65,30) NULL ,
`renjsr`  decimal(65,30) NULL ,
`renjxszc`  decimal(65,30) NULL ,
`renjfzzc`  decimal(65,30) NULL ,
`xiugr`  varchar(50) NULL ,
`xiugrq`  datetime NULL 
)

;

-- ----------------------------
-- Records of SYS_QUD_CHENGS_ARCH
-- ----------------------------
BEGIN;
INSERT INTO `sys_qud_chengs_arch` VALUES ('110', '巢湖市', '3', '12', '238000', '0565', '101221601', '巢湖', '341400', null, null, null, null, null, null), ('112', '亳州市', '1', '12', '236800', '0558', null, '亳州', '341600', null, null, null, null, null, null), ('113', '池州市', '4', '12', '247100', '0566', '101221701', '池州', '341700', null, null, null, null, null, null), ('114', '宣城市', '3', '12', '366000', '0563', '101221401', '宣城', '341800', null, null, null, null, null, null), ('115', '福州市', '1', '13', '350000', '0591', '101230101', '福州', '350100', null, null, null, null, null, null), ('116', '厦门市', '1', '13', '361000', '0592', '101230201', '厦门', '350200', null, null, null, null, null, null), ('117', '莆田市', '4', '13', '351100', '0594', '101230401', '莆田', '350300', null, null, null, null, null, null), ('118', '三明市', '2', '13', '365000', '0598', '101230801', '三明', '350400', null, null, null, null, null, null), ('119', '泉州市', '2', '13', '362000', '0595', '101230501', '泉州', '350500', null, null, null, null, null, null), ('120', '漳州市', '2', '13', '363000', '0596', '101230601', '漳州', '350600', null, null, null, null, null, null), ('121', '南平市', null, '13', '353000', '0599', '101230901', '南平', '350700', null, null, null, null, null, null), ('123', '宁德市', '2', '13', '352100', '0593', '101230301', '宁德', '350900', null, null, null, null, null, null), ('124', '南昌市', '1', '14', '330000', '0791', '101240101', '南昌', '360100', null, null, null, null, null, null), ('125', '景德镇市', '2', '14', '333000', '0798', '101240801', '景德镇', '360200', null, null, null, null, null, null), ('126', '萍乡市', '3', '14', '337000', '0799', '101240901', '萍乡', '360300', null, null, null, null, null, null), ('127', '九江市', '1', '14', '332000', '0792', '101240201', '九江', '360400', null, null, null, null, null, null), ('128', '新余市', '1', '14', '338000', '0790', '101241001', '新余', '360500', null, null, null, null, null, null), ('129', '鹰潭市', null, '14', '335000', '0701', '101241101', '鹰潭', '360600', null, null, null, null, null, null), ('130', '赣州市', '2', '14', '341000', '0797', '101240701', '赣州', '360700', null, null, null, null, null, null), ('131', '吉安市', '2', '14', '343000', '0796', '101240601', '吉安', '360800', null, null, null, null, null, null), ('132', '宜春市', '2', '14', '336000', '0795', '101240501', '宜春', '360900', null, null, null, null, null, null), ('133', '抚州市', '3', '14', '332900', '0794', '101240401', '抚州', '361000', null, null, null, null, null, null), ('134', '上饶市', '3', '14', '334000', '0793', '101240301', '上饶', '361100', null, null, null, null, null, null), ('135', '济南市', '1', '15', '250000', '0531', '101120101', '济南', '370100', null, null, null, null, null, null), ('136', '青岛市', '1', '15', '266000', '0532', '101120201', '青岛', '370200', null, null, null, null, null, null), ('137', '淄博市', '1', '15', '255000', '0533', '101120301', '淄博', '370300', null, null, null, null, null, null), ('138', '枣庄市', '2', '15', '277100', '0632', '101121401', '枣庄', '370400', null, null, null, null, null, null), ('139', '东营市', null, '15', '257000', '0546', '101121201', '东营', '370500', null, null, null, null, null, null), ('140', '烟台市', null, '15', '264000', '0535', '101120501', '烟台', '370600', null, null, null, null, null, null), ('141', '潍坊市', '2', '15', '261000', '0536', '101120601', '潍坊', '370700', null, null, null, null, null, null), ('142', '济宁市', null, '15', '272100', '0537', '101120701', '济宁', '370800', null, null, null, null, null, null), ('143', '泰安市', '2', '15', '271000', '0538', '101120801', '泰安', '370900', null, null, null, null, null, null), ('146', '莱芜市', '3', '15', '271100', '0634', '101121601', '莱芜', '371200', null, null, null, null, null, null), ('147', '临沂市', null, '15', '276000', '0539', '101120901', '临沂', '371300', null, null, null, null, null, null), ('148', '德州市', '1', '15', '253000', '0534', '101120401', '德州', '371400', null, null, null, null, null, null), ('149', '聊城市', '2', '15', '252000', '0635', '101121701', '聊城', '371500', null, null, null, null, null, null), ('151', '荷泽市', '2', '15', '274000', '0530', null, '荷泽', null, null, null, null, null, null, null), ('152', '郑州市', '1', '16', '450000', '0371', '101180101', '郑州', '410100', null, null, null, null, null, null), ('153', '开封市', '1', '16', '475000', '0378', '101180801', '开封', '410200', null, null, null, null, null, null), ('154', '洛阳市', '1', '16', '471000', '0379', '101180901', '洛阳', '410300', null, null, null, null, null, null), ('155', '平顶山市', '2', '16', '467000', '0375', '101180501', '平顶山', '410400', null, null, null, null, null, null), ('156', '安阳市', '2', '16', '454900', '0372', '101180201', '安阳', '410500', null, null, null, null, null, null), ('157', '鹤壁市', '2', '16', '456600', '0392', '101181201', '鹤壁', '410600', null, null, null, null, null, null), ('158', '新乡市', '2', '16', '453000', '0373', '101180301', '新乡', '410700', null, null, null, null, null, null), ('159', '焦作市', '2', '16', '454100', '0391', '101181101', '焦作', '410800', null, null, null, null, null, null), ('160', '濮阳市', '2', '16', '457000', '0393', '101181301', '濮阳', '410900', null, null, null, null, null, null), ('161', '许昌市', '3', '16', '461000', '0374', '101180401', '许昌', '411000', null, null, null, null, null, null), ('162', '漯河市', '2', '16', '462000', '0395', '101181501', '漯河', '411100', null, null, null, null, null, null), ('163', '三门峡市', '3', '16', '472000', '0398', '101181701', '三门峡', '411200', null, null, null, null, null, null), ('164', '南阳市', '3', '16', '473000', '0377', '101180701', '南阳', '411300', null, null, null, null, null, null), ('165', '商丘市', '2', '16', '476000', '0370', '101181001', '商丘', '411400', null, null, null, null, null, null), ('166', '信阳市', '2', '16', '464000', '0376', '101180601', '信阳', '411500', null, null, null, null, null, null), ('167', '周口市', '3', '16', '466000', '0394', '101181401', '周口', '411600', null, null, null, null, null, null), ('170', '黄石市', '1', '17', '435000', '0714', '101200601', '黄石', '420200', null, null, null, null, null, null), ('171', '十堰市', '1', '17', '442000', '0719', '101201101', '十堰', '420300', null, null, null, null, null, null), ('172', '宜昌市', '2', '17', '443000', '0717', '101200901', '宜昌', '420500', null, null, null, null, null, null), ('173', '襄樊市', null, '17', '441000', '0710', '101200201', '襄樊', '420600', null, null, null, null, null, null), ('174', '鄂州市', '4', '17', '436000', '0711', '101200301', '鄂州', '420700', null, null, null, null, null, null), ('175', '荆门市', '1', '17', '448000', '0724', '101201401', '荆门', '420800', null, null, null, null, null, null), ('176', '孝感市', '2', '17', '432100', '0712', '101200401', '孝感', '420900', null, null, null, null, null, null), ('178', '黄冈市', '2', '17', '438000', '0713', '101200501', '黄冈', '421100', null, null, null, null, null, null), ('179', '咸宁市', null, '17', '437000', '0715', '101200701', '咸宁', '421200', null, null, null, null, null, null), ('180', '随州市', '3', '17', '441300', '0722', '101201301', '随州', '421300', null, null, null, null, null, null), ('182', '神农架', '1', '17', '442400', '0719', '101201201', '神农架', '429021', null, null, null, null, null, null), ('183', '长沙市', '1', '18', '410000', '0731', '101250101', '长沙', '430100', null, null, null, null, null, null), ('185', '湘潭市', '1', '18', '411100', '0731', '101250201', '湘潭', '430300', null, null, null, null, null, null), ('186', '衡阳市', '2', '18', '421000', '0734', '101250401', '衡阳', '430400', null, null, null, null, null, null), ('187', '邵阳市', '2', '18', '422000', '0739', '101250901', '邵阳', '430500', null, null, null, null, null, null), ('188', '岳阳市', '2', '18', '414000', '0730', '101251001', '岳阳', '430600', null, null, null, null, null, null), ('189', '常德市', '2', '18', '415000', '0736', '101250601', '常德', '430700', null, null, null, null, null, null), ('190', '张家界市', '1', '18', '427000', '0744', '101251101', '张家界', '430800', null, null, null, null, null, null), ('191', '益阳市', '1', '18', '413000', '0737', '101250701', '益阳', '430900', null, null, null, null, null, null), ('192', '郴州市', '2', '18', '423000', '0735', '101250501', '郴州', '431000', null, null, null, null, null, null), ('194', '怀化市', '1', '18', '418000', '0745', '101251201', '怀化', '431200', null, null, null, null, null, null), ('195', '娄底市', '2', '18', '417000', '0738', '101250801', '娄底', '431300', null, null, null, null, null, null), ('196', '湘西土家族苗族自治州', '1', '18', '416000', '0743', null, '湘西', '433100', null, null, null, null, null, null), ('197', '广州市', '0', '19', '510000', '020', '101280101', '广州', '440100', null, null, null, null, null, null), ('198', '韶关市', '4', '19', '521000', '0751', '101280201', '韶关', '440200', null, null, null, null, null, null), ('199', '深圳市', null, '19', '518000', '0755', '101280601', '深圳', '440300', null, null, null, null, null, null), ('200', '珠海市', '1', '19', '519000', '0756', '101280701', '珠海', '440400', null, null, null, null, null, null), ('201', '汕头市', '2', '19', '515000', '0754', '101280501', '汕头', '440500', null, null, null, null, null, null), ('202', '佛山市', '1', '19', '528000', '0757', null, '佛山', '440600', null, null, null, null, null, null), ('203', '江门市', '2', '19', '529000', '0750', '101281101', '江门', '440700', null, null, null, null, null, null), ('204', '湛江市', '2', '19', '524000', '0759', '101281001', '湛江', '440800', null, null, null, null, null, null), ('206', '肇庆市', '2', '19', '526000', '0758', '101280901', '肇庆', '441200', null, null, null, null, null, null), ('207', '惠州市', '1', '19', '516000', '0752', '101280301', '惠州', '441300', null, null, null, null, null, null), ('208', '梅州市', '3', '19', '514000', '0753', '101280401', '梅州', '441400', null, null, null, null, null, null), ('209', '汕尾市', null, '19', '516600', '0660', '101282101', '汕尾', '441500', null, null, null, null, null, null), ('210', '河源市', '4', '19', '517000', '0762', '101281201', '河源', '441600', null, null, null, null, null, null), ('211', '阳江市', '2', '19', '529500', '0662', '101281801', '阳江', '441700', null, null, null, null, null, null), ('212', '清远市', null, '19', '511500', '0763', '101281301', '清远', '441800', null, null, null, null, null, null), ('213', '东莞市', '1', '19', '511700', '0769', '101281601', '东莞', '441900', null, null, null, null, null, null), ('214', '中山市', '1', '19', '528400', '0760', '101281701', '中山', '442000', null, null, null, null, null, null), ('215', '潮州市', '2', '19', '515600', '0768', '101281501', '潮州', '445100', null, null, null, null, null, null), ('216', '揭阳市', '3', '19', '522000', '0663', '101281901', '揭阳', '445200', null, null, null, null, null, null), ('217', '云浮市', null, '19', '527300', '0766', '101281401', '云浮', '445300', null, null, null, null, null, null), ('218', '南宁市', null, '20', '530000', '0771', '101300101', '南宁', '450100', null, null, null, null, null, null), ('219', '柳州市', null, '20', '545000', '0772', '101300301', '柳州', '450200', null, null, null, null, null, null), ('220', '桂林市', '2', '20', '541000', '0773', '101300501', '桂林', '450300', null, null, null, null, null, null), ('222', '北海市', '2', '20', '536000', '0779', '101301301', '北海', '450500', null, null, null, null, null, null);
INSERT INTO `sys_qud_chengs_arch` VALUES ('224', '钦州市', '4', '20', '535000', '0777', '101301101', '钦州', '450700', null, null, null, null, null, null), ('225', '贵港市', '2', '20', '537100', '0775', '101300801', '贵港', '450800', null, null, null, null, null, null), ('226', '玉林市', '2', '20', '537000', '0775', '101300901', '玉林', '450900', null, null, null, null, null, null), ('227', '百色市', '3', '20', '533000', '0776', '101301001', '百色', '451000', null, null, null, null, null, null), ('228', '贺州市', '4', '20', '542800', '0774', '101300701', '贺州', '451100', null, null, null, null, null, null), ('230', '来宾市', '2', '20', '546100', '0772', '101300401', '来宾', '451300', null, null, null, null, null, null), ('232', '海口市', '2', '21', '570000', '0898', '101310101', '海口', '460100', null, null, null, null, null, null), ('233', '三亚市', '2', '21', '572000', '0898', '101310201', '三亚', '460200', null, null, null, null, null, null), ('234', '重庆市', null, '22', '400000', '023', '101040100', '重庆', '500000', null, null, null, null, null, null), ('235', '成都市', '0', '23', '610000', '028', '101270101', '成都', '510100', null, null, null, null, null, null), ('236', '自贡市', null, '23', '643000', '0813', '101270301', '自贡', '510300', null, null, null, null, null, null), ('237', '攀枝花市', '2', '23', '617000', '0812', '101270201', '攀枝花', '510400', null, null, null, null, null, null), ('238', '泸州市', '1', '23', '646100', '0830', '101271001', '泸州', '510500', null, null, null, null, null, null), ('239', '德阳市', '2', '23', '618000', '0838', '101272001', '德阳', '510600', null, null, null, null, null, null), ('240', '绵阳市', '1', '23', '621000', '0816', '101270401', '绵阳', '510700', null, null, null, null, null, null), ('241', '广元市', '2', '23', '628000', '0839', '101272101', '广元', '510800', null, null, null, null, null, null), ('242', '遂宁市', '1', '23', '629000', '0825', '101270701', '遂宁', '510900', null, null, null, null, null, null), ('243', '内江市', '2', '23', '641000', '0832', '101271201', '内江', '511000', null, null, null, null, null, null), ('244', '乐山市', null, '23', '614000', '0833', '101271401', '乐山', '511100', null, null, null, null, null, null), ('245', '南充市', '2', '23', '637000', '0817', '101270501', '南充', '511300', null, null, null, null, null, null), ('247', '宜宾市', '1', '23', '644000', '0831', '101271101', '宜宾', '511500', null, null, null, null, null, null), ('248', '广安市', '2', '23', '638000', '0826', '101270801', '广安', '511600', null, null, null, null, null, null), ('249', '达州市', '3', '23', '635000', '0818', '101270601', '达州', '511700', null, null, null, null, null, null), ('250', '雅安市', '4', '23', '625000', '0835', '101271701', '雅安', '511800', null, null, null, null, null, null), ('252', '资阳市', '1', '23', '641300', '028', '101271301', '资阳', '512000', null, null, null, null, null, null), ('253', '阿坝藏族羌族自治州', null, '23', '624600', '0837', '101271901', '阿坝', '513200', null, null, null, null, null, null), ('254', '甘孜藏族自治州', null, '23', '626000', '0836', null, '甘孜', '513300', null, null, null, null, null, null), ('255', '凉山彝族自治州', '4', '23', '615000', '0834', '101271601', '凉山', '513400', null, null, null, null, null, null), ('256', '贵阳市', '0', '24', '55000', '0851', '101260101', '贵阳', '520100', null, null, null, null, null, null), ('258', '遵义市', null, '24', '563000', '0852', '101260201', '遵义', '520300', null, null, null, null, null, null), ('261', '黔西南布依族苗族自治州', '1', '24', '551500', '0859', null, '黔西南', '522300', null, null, null, null, null, null), ('262', '毕节地区', null, '24', '551700', '0857', '101260701', '毕节', '522400', null, null, null, null, null, null), ('263', '黔东南苗族侗族自治州', '3', '24', '551500', '0855', null, '黔东', '522600', null, null, null, null, null, null), ('264', '黔南布依族苗族自治州', '1', '24', '550100', '0854', null, '黔南', '522700', null, null, null, null, null, null), ('265', '昆明市', '0', '25', '650000', '0871', '101290101', '昆明', '530100', null, null, null, null, null, null), ('266', '曲靖市', null, '25', '655000', '0874', '101290401', '曲靖', '530300', null, null, null, null, null, null), ('267', '玉溪市', '4', '25', '653100', '0877', '101290701', '玉溪', '530400', null, null, null, null, null, null), ('268', '保山市', '4', '25', '678000', '0875', '101290501', '保山', '530500', null, null, null, null, null, null), ('269', '昭通市', '2', '25', '657000', '0870', '101291001', '昭通', '530600', null, null, null, null, null, null), ('270', '丽江市', '2', '25', '674100', '0888', '101291401', '丽江', '530700', null, null, null, null, null, null), ('271', '思茅市', '2', '25', '665000', '0879', '101290901', '思茅', '530800', null, null, null, null, null, null), ('272', '临沧市', '4', '25', '677000', '0883', '101291101', '临沧', '530900', null, null, null, null, null, null), ('273', '楚雄彝族自治州', '2', '25', '675000', '0878', '101290801', '楚雄', '532300', null, null, null, null, null, null), ('274', '红河哈尼族彝族自治州', '4', '25', '654400', '0873', '101290301', '红河', '532500', null, null, null, null, null, null), ('275', '文山壮族苗族自治州', '2', '25', '663000', '0876', '101290601', '文山', '532600', null, null, null, null, null, null), ('276', '西双版纳傣族自治州', '4', '25', '666200', '0691', null, '西双版纳', '532800', null, null, null, null, null, null), ('277', '大理白族自治州', '3', '25', '671000', '0872', '101290201', '大理', '532900', null, null, null, null, null, null), ('278', '德宏傣族景颇族自治州', '4', '25', '678400', '0692', '101291501', '德宏', '533100', null, null, null, null, null, null), ('279', '怒江傈僳族自治州', null, '25', '671400', '0886', '101291201', '怒江', '533300', null, null, null, null, null, null), ('280', '迪庆藏族自治州', null, '25', '674400', '0887', null, '迪庆', '533400', null, null, null, null, null, null), ('281', '拉萨市', null, '26', '850000', '0891', '101140101', '拉萨', '540100', null, null, null, null, null, null), ('282', '昌都地区', null, '26', '854000', '0895', '101140501', '昌都', '542100', null, null, null, null, null, null), ('283', '山南地区', '1', '26', '856000', '0893', '101140301', '山南', '542200', null, null, null, null, null, null), ('284', '日喀则地区', null, '26', '857000', '0892', '101140201', '日喀则', '542300', null, null, null, null, null, null), ('285', '那曲地区', null, '26', '852000', '0896', '101140601', '那曲', '542400', null, null, null, null, null, null), ('286', '阿里地区', null, '26', '859100', '0897', '101140701', '阿里', '542500', null, null, null, null, null, null), ('287', '林芝地区', null, '26', '860100', '0894', '101140401', '林芝', '542600', null, null, null, null, null, null), ('288', '西安市', '1', '27', '710000', '029', '101110101', '西安', '610100', null, null, null, null, null, null), ('289', '铜川市', '4', '27', '727000', '0919', '101111001', '铜川', '610200', null, null, null, null, null, null), ('290', '宝鸡市', '2', '27', '721000', '0917', '101110901', '宝鸡', '610300', null, null, null, null, null, null), ('291', '咸阳市', '2', '27', '712000', '029', '101110200', '咸阳', '610400', null, null, null, null, null, null), ('292', '渭南市', '2', '27', '714000', '0913', '101110501', '渭南', '610500', null, null, null, null, null, null), ('293', '延安市', '2', '27', '716000', '0911', '101110300', '延安', '610600', null, null, null, null, null, null), ('294', '汉中市', '4', '27', '723000', '0916', '101110801', '汉中', '610700', null, null, null, null, null, null), ('295', '榆林市', '1', '27', '719000', '0912', '101110401', '榆林', '610800', null, null, null, null, null, null), ('296', '安康市', '3', '27', '725000', '0915', '101110701', '安康', '610900', null, null, null, null, null, null), ('297', '商洛市', '1', '27', '711500', '0914', '101110601', '商洛', '611000', null, null, null, null, null, null), ('298', '兰州市', '1', '28', '730000', '0931', '101160101', '兰州', '620100', null, null, null, null, null, null), ('299', '嘉峪关市', '1', '28', '735100', '0937', null, '嘉峪关', '620200', null, null, null, null, null, null), ('300', '金昌市', '4', '28', '737100', '0935', '101160601', '金昌', '620300', null, null, null, null, null, null), ('301', '白银市', '1', '28', '730900', '0943', '101161301', '白银', '620400', null, null, null, null, null, null), ('302', '天水市', '1', '28', '741000', '0938', '101160901', '天水', '620500', null, null, null, null, null, null), ('303', '武威市', '1', '28', '733000', '0935', '101160501', '武威', '620600', null, null, null, null, null, null), ('304', '张掖市', '1', '28', '734000', '0936', '101160701', '张掖', '620700', null, null, null, null, null, null), ('305', '平凉市', '2', '28', '744000', '0933', '101160301', '平凉', '620800', null, null, null, null, null, null), ('306', '酒泉市', '2', '28', '735000', '0937', '101160801', '酒泉', '620900', null, null, null, null, null, null), ('307', '庆阳市', null, '28', '744500', '0934', '101160401', '庆阳', '621000', null, null, null, null, null, null), ('308', '定西市', '2', '28', '743000', '0932', '101160201', '定西', '621100', null, null, null, null, null, null), ('309', '陇南市', '2', '28', '742100', '0939', null, '陇南', '621200', null, null, null, null, null, null), ('310', '临夏回族自治州', '2', '28', '731100', '0930', '101161101', '临夏', '622900', null, null, null, null, null, null), ('311', '甘南藏族自治州', null, '28', '747000', '0941', '101050204', '甘南', '230225', null, null, null, null, null, null), ('312', '西宁市', null, '29', '810000', '0971', '101150101', '西宁', '630100', null, null, null, null, null, null), ('313', '海东地区', null, '29', '810600', '0972', '101150201', '海东', '632100', null, null, null, null, null, null), ('314', '海北藏族自治州', null, '29', '810300', '0970', '101150801', '海北', '632200', null, null, null, null, null, null), ('315', '黄南藏族自治州', null, '29', '811300', '0973', '101150301', '黄南', '632300', null, null, null, null, null, null), ('316', '海南藏族自治州', null, '29', '813000', '0974', '101150401', '海南', '150303', null, null, null, null, null, null), ('317', '果洛藏族自治州', null, '29', '814000', '0975', '101150501', '果洛', '632600', null, null, null, null, null, null), ('318', '玉树藏族自治州', null, '29', '815000', '0976', '101150601', '玉树', '632700', null, null, null, null, null, null), ('319', '海西蒙古族藏族自治州', '4', '29', '817000', '0979', '101150701', '海西', '632800', null, null, null, null, null, null), ('320', '银川市', '1', '30', '750000', '0951', '101170101', '银川', '640100', null, null, null, null, null, null), ('321', '石嘴山市', '1', '30', '753000', '0952', '101170201', '石嘴山', '640200', null, null, null, null, null, null), ('322', '吴忠市', '2', '30', '751100', '0953', '101170301', '吴忠', '640300', null, null, null, null, null, null), ('323', '固原市', null, '30', '756000', '0954', '101170401', '固原', '640400', null, null, null, null, null, null), ('324', '中卫市', '1', '30', '751700', '0955', '101170501', '中卫', '640500', null, null, null, null, null, null), ('325', '乌鲁木齐市', '2', '31', '830000', '0991', '101130101', '乌鲁木齐', '650100', null, null, null, null, null, null), ('326', '克拉玛依市', null, '31', '834000', '0990', '101130201', '克拉玛依', '650200', null, null, null, null, null, null), ('327', '吐鲁番地区', null, '31', '838000', '0995', '101130501', '吐鲁番', '652100', null, null, null, null, null, null), ('328', '哈密地区', null, '31', '839000', '0902', '101131201', '哈密', '652200', null, null, null, null, null, null), ('329', '昌吉回族自治州', '3', '31', '831100', '0994', '101130401', '昌吉', '652300', null, null, null, null, null, null), ('330', '博尔塔拉蒙古自治州', '3', '31', '833400', '0909', null, '博州', null, null, null, null, null, null, null);
INSERT INTO `sys_qud_chengs_arch` VALUES ('331', '巴音郭楞蒙古自治州', '3', '31', '841000', '0996', null, '巴州', '511902', null, null, null, null, null, null), ('332', '阿克苏地区', '3', '31', '843000', '0997', '101130801', '阿克苏', '652900', null, null, null, null, null, null), ('333', '克孜勒苏柯尔克孜自治州', '3', '31', '835600', '0908', null, '克州', null, null, null, null, null, null, null), ('334', '喀什地区', '3', '31', '844000', '0998', '101130901', '喀什', '653100', null, null, null, null, null, null), ('335', '和田地区', '4', '31', '848000', '0903', '101131301', '和田', '653200', null, null, null, null, null, null), ('336', '伊犁哈萨克自治州', '3', '31', '833200', '0999', null, '伊犁', '654000', null, null, null, null, null, null), ('337', '塔城地区', '4', '31', '834700', '0901', '101131101', '塔城', '654200', null, null, null, null, null, null), ('338', '阿勒泰地区', null, '31', '836500', '0906', '101131401', '阿勒泰', '654300', null, null, null, null, null, null), ('339', '石河子市', '3', '31', '832000', '0993', '101130301', '石河子', '659001', null, null, null, null, null, null), ('340', '阿拉尔市', null, '31', '843300', '0483', null, '阿拉尔', '659002', null, null, null, null, null, null), ('341', '图木舒克市', null, '31', '843900', '0998', null, '图木舒克', '659003', null, null, null, null, null, null), ('342', '五家渠市', null, '31', '831300', '0994', null, '五家渠', '659004', null, null, null, null, null, null), ('343', '香港特别行政区', null, '32', '0', '00852', '101320101', '香港', '810000', null, null, null, null, null, null), ('344', '澳门特别行政区', null, '33', '0', '00853', '101330101', '澳门', '820000', null, null, null, null, null, null), ('345', '台湾省', null, '34', '0', '00886', null, '台湾', null, null, null, null, null, null, null), ('23', '临汾市', null, '4', '41000', '0357', '101100701', '临汾', '141000', null, null, null, null, null, null), ('46', '辽阳市', '3', '6', '111000', '0419', '101071001', '辽阳', '211000', null, null, null, null, null, null), ('74', '南京市', null, '10', '210000', '025', '101190101', '南京', '320100', null, null, null, null, null, null), ('97', '丽水市', null, '11', '323000', '0578', '101210801', '丽水', '331100', null, null, null, null, null, null), ('122', '龙岩市', null, '13', '364000', '0597', '101230701', '龙岩', '350800', null, null, null, null, null, null), ('145', '日照市', '3', '15', '276800', '0633', '101121501', '日照', '371100', null, null, null, null, null, null), ('169', '武汉市', null, '17', '430000', '027', '101200101', '武汉', '420100', null, null, null, null, null, null), ('193', '永州市', '3', '18', '425000', '0746', '101251401', '永州', '431100', null, null, null, null, null, null), ('223', '防城港市', '2', '20', '538000', '0770', '101301401', '防城港', '450600', null, null, null, null, null, null), ('251', '巴中市', '4', '23', '635500', '0827', '101270901', '巴中', '511900', null, null, null, null, null, null), ('346', '济源市', '4', '16', '454000', '0391', null, '济源', '410881', null, null, null, null, null, null), ('347', '潜江市', '4', '17', '433100', '0728', null, '潜江', null, null, null, null, null, null, null), ('101', '淮南市', '0', '12', '232000', '0554', '101220401', '淮南', '340400', null, null, null, null, null, null), ('106', '黄山市', '2', '12', '242700', '0559', null, '黄山', '341000', null, null, null, null, null, null), ('111', '六安市', '3', '12', '237000', '0564', '101221501', '六安', '341500', null, null, null, null, null, null), ('53', '四平市', '4', '7', '136000', '0434', '101060401', '四平', '220300', null, null, null, null, null, null), ('57', '松原市', '1', '7', '131100', '0438', '101060801', '松原', '220700', null, null, null, null, null, null), ('221', '梧州市', '2', '20', '543000', '0774', '101300601', '梧州', '450400', null, null, null, null, null, null), ('229', '河池市', '4', '20', '547000', '0778', '101301201', '河池', '451200', null, null, null, null, null, null), ('259', '安顺市', null, '24', '561000', '0853', '101260301', '安顺', '520400', null, null, null, null, null, null), ('9', '张家口市', '3', '3', '75000', '0313', '101090301', '张家口', '130700', null, null, null, null, null, null), ('25', '呼和浩特市', '3', '5', '10000', '0471', '101080101', '呼和浩特', '150100', null, null, null, null, null, null), ('67', '佳木斯市', '4', '8', '154000', '0454', '101050401', '佳木斯', '230800', null, null, null, null, null, null), ('168', '驻马店市', '3', '16', '463000', '0396', '101181601', '驻马店', '411700', null, null, null, null, null, null), ('257', '六盘水市', '1', '24', '553000', '0858', '101260801', '六盘水', '520200', null, null, null, null, null, null), ('205', '茂名市', null, '19', '525000', '0668', '101282001', '茂名', '440900', null, null, null, null, null, null), ('62', '鸡西市', null, '8', '158100', '0467', '101051101', '鸡西', '230300', null, null, null, null, null, null), ('177', '荆州市', '2', '17', '434000', '0716', '101200801', '荆州', '421000', null, null, null, null, null, null), ('184', '株洲市', '1', '18', '412000', '0731', '101250301', '株洲', '430200', null, null, null, null, null, null), ('150', '滨州市', '2', '15', '256600', '0543', '101121101', '滨州', '371600', null, null, null, null, null, null), ('144', '威海市', '2', '15', '265700', '0631', '101121301', '威海', '371000', null, null, null, null, null, null), ('24', '吕梁市', '2', '4', '30500', '0358', '101101101', '吕梁', '141100', null, null, null, null, null, null), ('246', '眉山市', '1', '23', '612100', '028', '101271501', '眉山', '511400', null, null, null, null, null, null), ('181', '恩施土家族苗族自治州', '2', '17', '445000', '0718', '101201001', '恩施', '422800', null, null, null, null, null, null), ('260', '铜仁地区', '1', '24', '554300', '0856', '101260601', '铜仁', '522200', null, null, null, null, null, null), ('33', '乌兰察布市', '4', '5', '11800', '0474', null, '乌兰察布', '150900', null, null, null, null, null, null), ('30', '鄂尔多斯市', '3', '5', '017000', '0477', '101080701', '鄂尔多斯', '150600', null, null, null, null, null, null), ('231', '崇左市', null, '20', '532200', '0771', '101300201', '崇左', '451400', null, null, null, null, null, null), ('1', '北京市', null, '1', '100000', '010', '101010100', '北京', '110000', '2', '123', '345', null, 'SYS', '2014-08-12 14:30:46'), ('2', '天津市', null, '2', '100000', '022', '101030100', '天津', '120000', null, null, null, null, null, null), ('3', '石家庄市', '1', '3', '50000', '0311', '101090101', '石家庄', '130100', null, null, null, null, null, null), ('4', '唐山市', '2', '3', '63000', '0315', '101090501', '唐山', '130200', null, null, null, null, null, null), ('5', '秦皇岛市', '2', '3', '66000', '0335', '101091101', '秦皇岛', '130300', null, null, null, null, null, null), ('6', '邯郸市', null, '3', '56000', '0310', '101091001', '邯郸', '130400', null, null, null, null, null, null), ('7', '邢台市', '2', '3', '54000', '0319', '101090901', '邢台', '130500', null, null, null, null, null, null), ('8', '保定市', '2', '3', '71000', '0312', '101090201', '保定', '130600', null, null, null, null, null, null), ('10', '承德市', '3', '3', '67000', '0314', '101090402', '承德', '130800', null, null, null, null, null, null), ('11', '沧州市', '2', '3', '61000', '0317', '101090701', '沧州', '130900', null, null, null, null, null, null), ('12', '廊坊市', '2', '3', '65000', '0316', '101090601', '廊坊', '131000', null, null, null, null, null, null), ('13', '衡水市', null, '3', '53000', '0318', '101090801', '衡水', '131100', null, null, null, null, null, null), ('14', '太原市', '1', '4', '30000', '0351', '101100101', '太原', '140100', null, null, null, null, null, null), ('15', '大同市', null, '4', '37000', '0352', '101100201', '大同', '140200', null, null, null, null, null, null), ('16', '阳泉市', '1', '4', '45000', '0353', '101100301', '阳泉', '140300', null, null, null, null, null, null), ('17', '长治市', '3', '4', '46000', '0355', '101100501', '长治', '140400', null, null, null, null, null, null), ('18', '晋城市', '3', '4', '48000', '0356', '101100601', '晋城', '140500', null, null, null, null, null, null), ('19', '朔州市', '1', '4', '36000', '0349', '101100901', '朔州', '140600', null, null, null, null, null, null), ('20', '晋中市', '1', '4', '30600', '0354', '101100401', '晋中', '140700', null, null, null, null, null, null), ('21', '运城市', '2', '4', '44000', '0359', '101100801', '运城', '140800', null, null, null, null, null, null), ('22', '忻州市', '3', '4', '34000', '0350', '101101001', '忻州', '140900', null, null, null, null, null, null), ('26', '包头市', '2', '5', '14000', '0472', '101080201', '包头', '150200', null, null, null, null, null, null), ('27', '乌海市', '4', '5', '16000', '0473', '101080301', '乌海', '150300', null, null, null, null, null, null), ('28', '赤峰市', '4', '5', '24000', '0476', '101080601', '赤峰', '150400', null, null, null, null, null, null), ('29', '通辽市', '1', '5', '28000', '0475', '101080501', '通辽', '150500', null, null, null, null, null, null), ('31', '呼伦贝尔市', null, '5', '021000', '0470', '101081001', '呼伦贝尔', '150700', null, null, null, null, null, null), ('32', '巴彦淖尔市', '3', '5', '015000', '0478', null, '巴彦淖尔', '150800', null, null, null, null, null, null), ('34', '兴安盟', '1', '5', '137400', '0482', null, '兴安', '152200', null, null, null, null, null, null), ('35', '锡林郭勒盟', '4', '5', '11100', '0479', null, '锡林郭勒', '152500', null, null, null, null, null, null), ('36', '阿拉善盟', '4', '5', '16000', '0483', null, '阿拉善', '152900', null, null, null, null, null, null), ('37', '沈阳市', '0', '6', '110000', '024', '101070101', '沈阳', '210100', null, null, null, null, null, null), ('38', '大连市', '1', '6', '116000', '0411', '101070201', '大连', '210200', null, null, null, null, null, null), ('39', '鞍山市', '1', '6', '114000', '0412', '101070301', '鞍山', '210300', null, null, null, null, null, null), ('40', '抚顺市', null, '6', '113000', '024', '101070401', '抚顺', '210400', null, null, null, null, null, null), ('41', '本溪市', '4', '6', '117000', '0414', '101070501', '本溪', '210500', null, null, null, null, null, null), ('42', '丹东市', '1', '6', '118000', '0415', '101070601', '丹东', '210600', null, null, null, null, null, null), ('43', '锦州市', '1', '6', '121000', '0416', '101070701', '锦州', '210700', null, null, null, null, null, null), ('44', '营口市', '3', '6', '115000', '0417', '101070801', '营口', '210800', null, null, null, null, null, null), ('45', '阜新市', '0', '6', '123000', '0418', '101070901', '阜新', '210900', null, null, null, null, null, null), ('47', '盘锦市', '4', '6', '124000', '0427', '101071301', '盘锦', '211100', null, null, null, null, null, null), ('48', '铁岭市', '2', '6', '112000', '024', '101071101', '铁岭', '211200', null, null, null, null, null, null), ('49', '朝阳市', '4', '6', '122000', '0421', '101071201', '朝阳', '211300', null, null, null, null, null, null), ('50', '葫芦岛市', '1', '6', '125000', '0429', '101071401', '葫芦岛', '211400', null, null, null, null, null, null), ('51', '长春市', '0', '7', '130000', '0431', '101060101', '长春', '220100', null, null, null, null, null, null), ('52', '吉林市', '1', '7', '132000', '0432', '101060201', '吉林', '220200', null, null, null, null, null, null), ('54', '辽源市', '2', '7', '136200', '0437', '101060701', '辽源', '220400', null, null, null, null, null, null), ('55', '通化市', '4', '7', '134000', '0435', '101060501', '通化', '220500', null, null, null, null, null, null);
INSERT INTO `sys_qud_chengs_arch` VALUES ('56', '白山市', '4', '7', '134300', '0439', '101060901', '白山', '220600', null, null, null, null, null, null), ('58', '白城市', '1', '7', '137000', '0436', '101060601', '白城', '220800', null, null, null, null, null, null), ('59', '延边朝鲜族自治州', '2', '7', '133000', '0433', '101060301', '延边', '222400', null, null, null, null, null, null), ('60', '哈尔滨市', '1', '8', '150000', '0451', '101050101', '哈尔滨', '230100', null, null, null, null, null, null), ('61', '齐齐哈尔市', '1', '8', '161000', '0452', '101050201', '齐齐哈尔', '230200', null, null, null, null, null, null), ('63', '鹤岗市', '1', '8', '154100', '0468', '101051201', '鹤岗', '230400', null, null, null, null, null, null), ('64', '双鸭山市', null, '8', '155100', '0469', '101051301', '双鸭山', '230500', null, null, null, null, null, null), ('65', '大庆市', null, '8', '163000', '0459', '101050901', '大庆', '230600', null, null, null, null, null, null), ('66', '伊春市', '2', '8', '152300', '0458', '101050801', '伊春', '230700', null, null, null, null, null, null), ('68', '七台河市', '4', '8', '154600', '0464', '101051002', '七台河', '230900', null, null, null, null, null, null), ('69', '牡丹江市', '3', '8', '157000', '0453', '101050301', '牡丹江', '231000', null, null, null, null, null, null), ('70', '黑河市', null, '8', '164300', '0456', '101050601', '黑河', '231100', null, null, null, null, null, null), ('71', '绥化市', '2', '8', '152000', '0455', '101050501', '绥化', '231200', null, null, null, null, null, null), ('72', '大兴安岭地区', null, '8', '165000', '0457', '101050701', '大兴安岭', '232700', null, null, null, null, null, null), ('73', '上海市', '0', '9', '200000', '021', '101020100', '上海', '310000', null, null, null, null, null, null), ('75', '无锡市', null, '10', '214000', '0510', '101190201', '无锡', '320200', null, null, null, null, null, null), ('76', '徐州市', '1', '10', '221000', '0516', '101190801', '徐州', '320300', null, null, null, null, null, null), ('77', '常州市', '1', '10', '213000', '0519', '101191101', '常州', '320400', null, null, null, null, null, null), ('78', '苏州市', '1', '10', '215000', '0512', '101190401', '苏州', '320500', null, null, null, null, null, null), ('79', '南通市', '1', '10', '226000', '0513', '101190501', '南通', '320600', null, null, null, null, null, null), ('80', '连云港市', '2', '10', '222000', '0518', '101191001', '连云港', '320700', null, null, null, null, null, null), ('81', '淮安市', '2', '10', '223200', '0517', '101190901', '淮安', '320800', null, null, null, null, null, null), ('82', '盐城市', '3', '10', '224000', '0515', '101190701', '盐城', '320900', null, null, null, null, null, null), ('83', '扬州市', '3', '10', '225000', '0514', '101190601', '扬州', '321000', null, null, null, null, null, null), ('84', '镇江市', '3', '10', '212000', '0511', '101190301', '镇江', '321100', null, null, null, null, null, null), ('85', '泰州市', '3', '10', '225300', '0523', '101191201', '泰州', '321200', null, null, null, null, null, null), ('86', '宿迁市', null, '10', '223800', '0527', '101191301', '宿迁', '321300', null, null, null, null, null, null), ('87', '杭州市', null, '11', '310000', '0571', '101210101', '杭州', '330100', null, null, null, null, null, null), ('88', '宁波市', '2', '11', '315000', '0574', '101210401', '宁波', '330200', null, null, null, null, null, null), ('89', '温州市', '2', '11', '325000', '0577', '101210701', '温州', '330300', null, null, null, null, null, null), ('90', '嘉兴市', '2', '11', '314000', '0573', '101210301', '嘉兴', '330400', null, null, null, null, null, null), ('91', '湖州市', '2', '11', '313000', '0572', '101210201', '湖州', '330500', null, null, null, null, null, null), ('92', '绍兴市', '1', '11', '312000', '0575', '101210501', '绍兴', '330600', null, null, null, null, null, null), ('93', '金华市', '2', '11', '321000', '0579', '101210901', '金华', '330700', null, null, null, null, null, null), ('94', '衢州市', '3', '11', '324000', '0570', '101211001', '衢州', '330800', null, null, null, null, null, null), ('95', '舟山市', '0', '11', '316000', '0580', '101211101', '舟山', '330900', null, null, null, null, null, null), ('96', '台州市', '2', '11', '318000', '0576', '101210601', '台州', '331000', null, null, null, null, null, null), ('98', '合肥市', '0', '12', '230000', '0551', '101220101', '合肥', '340100', null, null, null, null, null, null), ('99', '芜湖市', null, '12', '241000', '0553', '101220301', '芜湖', '340200', null, null, null, null, null, null), ('100', '蚌埠市', '2', '12', '233000', '0552', '101220201', '蚌埠', '340300', null, null, null, null, null, null), ('102', '马鞍山市', '2', '12', '243000', '0555', '101220501', '马鞍山', '340500', null, null, null, null, null, null), ('103', '淮北市', '2', '12', '235000', '0561', '101221201', '淮北', '340600', null, null, null, null, null, null), ('104', '铜陵市', '2', '12', '244000', '0562', '101221301', '铜陵', '340700', null, null, null, null, null, null), ('105', '安庆市', null, '12', '246000', '0556', '101220601', '安庆', '340800', null, null, null, null, null, null), ('107', '滁州市', '1', '12', '239000', '0550', '101221101', '滁州', '341100', null, null, null, null, null, null), ('108', '阜阳市', '1', '12', '236100', '0558', '101220801', '阜阳', '341200', null, null, null, null, null, null), ('109', '宿州市', '2', '12', '234100', '0557', '101220701', '宿州', '341300', null, null, null, null, null, null);
COMMIT;

-- ----------------------------
-- Table structure for `sys_qud_qux`
-- ----------------------------
DROP TABLE IF EXISTS `sys_qud_qux`;
CREATE TABLE `sys_qud_qux` (
`id`  varchar(20) NOT NULL ,
`mingc`  varchar(200) NULL ,
`chengs_id`  varchar(20) NULL ,
`guobm`  varchar(60) NULL ,
PRIMARY KEY (`id`)
)

;

-- ----------------------------
-- Records of SYS_QUD_QUX
-- ----------------------------
BEGIN;
INSERT INTO `sys_qud_qux` VALUES ('2269', '贞丰县', '261', '522325'), ('2270', '望谟县', '261', '522326'), ('2271', '册亨县', '261', '522327'), ('2272', '安龙县', '261', '522328'), ('2273', '毕节市', '262', '522401'), ('2274', '大方县', '262', '522422'), ('2275', '黔西县', '262', '522423'), ('2276', '金沙县', '262', '522424'), ('2277', '织金县', '262', '522425'), ('2278', '纳雍县', '262', '522426'), ('2279', '威宁彝族回族苗族自治县', '262', '522427'), ('2280', '赫章县', '262', '522428'), ('2281', '凯里市', '263', '522601'), ('2282', '黄平县', '263', '522622'), ('2283', '施秉县', '263', '522623'), ('2284', '三穗县', '263', '522624'), ('2285', '镇远县', '263', '522625'), ('2286', '岑巩县', '263', '522626'), ('2287', '天柱县', '263', '522627'), ('2288', '锦屏县', '263', '522628'), ('2289', '剑河县', '263', '522629'), ('2290', '台江县', '263', '522630'), ('2291', '黎平县', '263', '522631'), ('2292', '榕江县', '263', '522632'), ('2293', '从江县', '263', '522633'), ('2294', '雷山县', '263', '522634'), ('2295', '麻江县', '263', '522635'), ('2296', '丹寨县', '263', '522636'), ('2297', '都匀市', '264', '522701'), ('2298', '福泉市', '264', '522702'), ('2299', '荔波县', '264', '522722'), ('2300', '贵定县', '264', '522723'), ('2301', '瓮安县', '264', '522725'), ('2302', '独山县', '264', '522726'), ('2303', '平塘县', '264', '522727'), ('2304', '罗甸县', '264', '522728'), ('2305', '长顺县', '264', '522729'), ('2306', '龙里县', '264', '522730'), ('2307', '惠水县', '264', '522731'), ('2308', '三都水族自治县', '264', '522732'), ('2309', '五华区', '265', '530102'), ('2310', '盘龙区', '265', '530103'), ('2311', '官渡区', '265', '530111'), ('2312', '西山区', '265', '530112'), ('2313', '东川区', '265', '530113'), ('2314', '呈贡县', '265', '530121'), ('2315', '晋宁县', '265', '530122'), ('2316', '富民县', '265', '530124'), ('2317', '宜良县', '265', '530125'), ('2318', '石林彝族自治县', '265', '530126'), ('2319', '嵩明县', '265', '530127'), ('2320', '禄劝彝族苗族自治县', '265', '530128'), ('2321', '寻甸回族彝族自治县', '265', '530129'), ('2322', '安宁市', '265', '530181'), ('2323', '麒麟区', '266', '530302'), ('2324', '马龙县', '266', '530321'), ('2325', '陆良县', '266', '530322'), ('2326', '师宗县', '266', '530323'), ('2327', '罗平县', '266', '530324'), ('2328', '富源县', '266', '530325'), ('2329', '会泽县', '266', '530326'), ('2330', '沾益县', '266', '530328'), ('2331', '宣威市', '266', '530381'), ('2332', '红塔区', '267', '530402'), ('2333', '江川县', '267', '530421'), ('2334', '澄江县', '267', '530422'), ('2335', '通海县', '267', '530423'), ('2336', '华宁县', '267', '530424'), ('2337', '易门县', '267', '530425'), ('2338', '峨山彝族自治县', '267', '530426'), ('2339', '新平彝族傣族自治县', '267', '530427'), ('2340', '元江哈尼族彝族傣族自治县', '267', '530428'), ('2341', '隆阳区', '268', '530502'), ('2342', '施甸县', '268', '530521'), ('2343', '腾冲县', '268', '530522'), ('2344', '龙陵县', '268', '530523'), ('2345', '昌宁县', '268', '530524'), ('2346', '昭阳区', '269', '530602'), ('2347', '鲁甸县', '269', '530621'), ('2348', '巧家县', '269', '530622'), ('2349', '盐津县', '269', '530623'), ('2350', '大关县', '269', '530624'), ('2351', '永善县', '269', '530625'), ('2352', '绥江县', '269', '530626'), ('2353', '镇雄县', '269', '530627'), ('2354', '彝良县', '269', '530628'), ('2355', '威信县', '269', '530629'), ('2356', '水富县', '269', '530630'), ('2357', '古城区', '270', '530702'), ('2358', '玉龙纳西族自治县', '270', '530721'), ('2359', '永胜县', '270', '530722'), ('2360', '华坪县', '270', '530723'), ('2361', '宁蒗彝族自治县', '270', '530724'), ('2362', '翠云区', '271', '530802'), ('2363', '普洱哈尼族彝族自治县', '271', '530821'), ('2364', '墨江哈尼族自治县', '271', '530822'), ('2365', '景东彝族自治县', '271', '530823'), ('2366', '景谷傣族彝族自治县', '271', '530824'), ('2367', '镇沅彝族哈尼族拉祜族自治县', '271', '530825'), ('2368', '江城哈尼族彝族自治县', '271', '530826');
INSERT INTO `sys_qud_qux` VALUES ('2369', '孟连傣族拉祜族佤族自治县', '271', '530827'), ('2370', '澜沧拉祜族自治县', '271', '530828'), ('2371', '西盟佤族自治县', '271', '530829'), ('2372', '临翔区', '272', '530902'), ('2373', '凤庆县', '272', '530921'), ('2374', '云县', '272', '530922'), ('2375', '永德县', '272', '530923'), ('2376', '镇康县', '272', '530924'), ('2377', '双江拉祜族佤族布朗族傣族自治县', '272', '530925'), ('2378', '耿马傣族佤族自治县', '272', '530926'), ('2379', '沧源佤族自治县', '272', '530927'), ('2380', '楚雄市', '273', '532301'), ('2381', '双柏县', '273', '532322'), ('2382', '牟定县', '273', '532323'), ('2383', '南华县', '273', '532324'), ('2384', '姚安县', '273', '532325'), ('2385', '大姚县', '273', '532326'), ('2386', '永仁县', '273', '532327'), ('2387', '元谋县', '273', '532328'), ('2388', '武定县', '273', '532329'), ('2389', '禄丰县', '273', '532331'), ('2390', '个旧市', '274', '532501'), ('2391', '开远市', '274', '532502'), ('2392', '蒙自县', '274', '532522'), ('2393', '屏边苗族自治县', '274', '532523'), ('2394', '建水县', '274', '532524'), ('2395', '石屏县', '274', '532525'), ('2396', '弥勒县', '274', '532526'), ('2397', '泸西县', '274', '532527'), ('2398', '元阳县', '274', '532528'), ('2399', '红河县', '274', '532529'), ('2400', '金平苗族瑶族傣族自治县', '274', '532530'), ('2401', '绿春县', '274', '532531'), ('2402', '河口瑶族自治县', '274', '532532'), ('2403', '文山县', '275', '532621'), ('2404', '砚山县', '275', '532622'), ('2405', '西畴县', '275', '532623'), ('2406', '麻栗坡县', '275', '532624'), ('2407', '马关县', '275', '532625'), ('2408', '丘北县', '275', '532626'), ('2409', '广南县', '275', '532627'), ('2410', '富宁县', '275', '532628'), ('2411', '景洪市', '276', '532801'), ('2412', '勐海县', '276', '532822'), ('2413', '勐腊县', '276', '532823'), ('2414', '大理市', '277', '532901'), ('2415', '漾濞彝族自治县', '277', '532922'), ('2416', '祥云县', '277', '532923'), ('2417', '宾川县', '277', '532924'), ('2418', '弥渡县', '277', '532925'), ('2419', '南涧彝族自治县', '277', '532926'), ('2420', '巍山彝族回族自治县', '277', '532927'), ('2421', '永平县', '277', '532928'), ('2422', '云龙县', '277', '532929'), ('2423', '洱源县', '277', '532930'), ('2424', '剑川县', '277', '532931'), ('2425', '鹤庆县', '277', '532932'), ('2426', '瑞丽市', '278', '533102'), ('2427', '潞西市', '278', '533103'), ('2428', '梁河县', '278', '533122'), ('2429', '盈江县', '278', '533123'), ('2430', '陇川县', '278', '533124'), ('2431', '泸水县', '279', '533321'), ('2432', '福贡县', '279', '533323'), ('2433', '贡山独龙族怒族自治县', '279', '533324'), ('2434', '兰坪白族普米族自治县', '279', '533325'), ('2435', '香格里拉县', '280', '533421'), ('2436', '德钦县', '280', '533422'), ('2437', '维西傈僳族自治县', '280', '533423'), ('2438', '城关区', '281', '540102'), ('2439', '林周县', '281', '540121'), ('2440', '当雄县', '281', '540122'), ('2441', '尼木县', '281', '540123'), ('2442', '曲水县', '281', '540124'), ('2443', '堆龙德庆县', '281', '540125'), ('2444', '达孜县', '281', '540126'), ('2445', '墨竹工卡县', '281', '540127'), ('2446', '昌都县', '282', '542121'), ('2447', '江达县', '282', '542122'), ('2448', '贡觉县', '282', '542123'), ('2449', '类乌齐县', '282', '542124'), ('2450', '丁青县', '282', '542125'), ('2451', '察雅县', '282', '542126'), ('2452', '八宿县', '282', '542127'), ('2453', '左贡县', '282', '542128'), ('2454', '芒康县', '282', '621224'), ('2455', '洛隆县', '282', '542132'), ('2456', '边坝县', '282', '542133'), ('2457', '乃东县', '283', '542221'), ('2458', '扎囊县', '283', '542222'), ('2459', '贡嘎县', '283', '542223'), ('2460', '桑日县', '283', '542224'), ('2461', '琼结县', '283', '542225'), ('2462', '曲松县', '283', '542226'), ('2463', '措美县', '283', '542227'), ('2464', '洛扎县', '283', '542228'), ('2465', '加查县', '283', '542229'), ('2466', '隆子县', '283', '542231'), ('2467', '错那县', '283', '542232'), ('2468', '浪卡子县', '283', '542233');
INSERT INTO `sys_qud_qux` VALUES ('2469', '日喀则市', '284', '542301'), ('2470', '南木林县', '284', '542322'), ('2471', '江孜县', '284', '542323'), ('2472', '定日县', '284', '542324'), ('2473', '萨迦县', '284', '542325'), ('2474', '拉孜县', '284', '542326'), ('2475', '昂仁县', '284', '542327'), ('2476', '谢通门县', '284', '542328'), ('2477', '白朗县', '284', '542627'), ('2478', '仁布县', '284', '542330'), ('2479', '康马县', '284', '542331'), ('2480', '定结县', '284', '542332'), ('2481', '仲巴县', '284', '542333'), ('2482', '亚东县', '284', '542334'), ('2483', '吉隆县', '284', '542335'), ('2484', '聂拉木县', '284', '542336'), ('2485', '萨嘎县', '284', '542337'), ('2486', '岗巴县', '284', '542338'), ('2487', '那曲县', '285', '542421'), ('2488', '嘉黎县', '285', '542422'), ('2489', '比如县', '285', '542423'), ('2490', '聂荣县', '285', '510321'), ('2491', '安多县', '285', '542425'), ('2492', '申扎县', '285', '542426'), ('2493', '索县', '285', '542427'), ('2494', '班戈县', '285', '542428'), ('2495', '巴青县', '285', '542429'), ('2496', '尼玛县', '285', '542430'), ('2497', '普兰县', '286', '542521'), ('2498', '札达县', '286', '511721'), ('2499', '噶尔县', '286', '542523'), ('2500', '日土县', '286', '542524'), ('2501', '革吉县', '286', '542525'), ('2502', '改则县', '286', '542526'), ('2503', '措勤县', '286', '542527'), ('2504', '林芝县', '287', '542621'), ('2505', '工布江达县', '287', '542122'), ('2506', '米林县', '287', '542623'), ('2507', '墨脱县', '287', '542624'), ('2508', '波密县', '287', '542625'), ('2509', '察隅县', '287', '542626'), ('2510', '朗县', '287', '542627'), ('2511', '新城区', '288', '610102'), ('2512', '碑林区', '288', '610103'), ('2513', '莲湖区', '288', '610104'), ('2514', '灞桥区', '288', '610111'), ('2515', '未央区', '288', '610112'), ('2516', '雁塔区', '288', '610113'), ('2517', '阎良区', '288', '610114'), ('2518', '临潼区', '288', '610115'), ('2519', '长安区', '288', '610116'), ('2520', '蓝田县', '288', '610122'), ('2521', '周至县', '288', '610124'), ('2522', '户县', '288', '610125'), ('2523', '高陵县', '288', '610126'), ('2524', '王益区', '289', '610202'), ('2525', '印台区', '289', '610203'), ('2526', '耀州区', '289', '610204'), ('2527', '宜君县', '289', '610222'), ('2528', '渭滨区', '290', '610302'), ('2529', '金台区', '290', '610303'), ('2530', '陈仓区', '290', '610304'), ('2531', '凤翔县', '290', '610322'), ('2532', '岐山县', '290', '610323'), ('2533', '扶风县', '290', '610324'), ('2534', '眉县', '290', '610326'), ('2535', '陇县', '290', '610327'), ('2536', '千阳县', '290', '610328'), ('2537', '麟游县', '290', '610329'), ('2538', '凤县', '290', '610330'), ('2539', '太白县', '290', '610331'), ('2540', '秦都区', '291', '610402'), ('2541', '杨凌区', '291', '610403'), ('2542', '渭城区', '291', '610404'), ('2543', '三原县', '291', '610422'), ('2544', '泾阳县', '291', '610423'), ('2545', '乾县', '291', '610424'), ('2546', '礼泉县', '291', '610425'), ('2547', '永寿县', '291', '610426'), ('2548', '彬县', '291', '610427'), ('2549', '长武县', '291', '610428'), ('2550', '旬邑县', '291', '610429'), ('2551', '淳化县', '291', '610430'), ('2552', '武功县', '291', '610431'), ('2553', '兴平市', '291', '610481'), ('2554', '临渭区', '292', '610502'), ('2555', '华县', '292', '610521'), ('2556', '潼关县', '292', '610522'), ('2557', '大荔县', '292', '610523'), ('2558', '合阳县', '292', '610524'), ('2559', '澄城县', '292', '610525'), ('2560', '蒲城县', '292', '610526'), ('2561', '白水县', '292', '610527'), ('2562', '富平县', '292', '610528'), ('2563', '韩城市', '292', '610581'), ('2564', '华阴市', '292', '610582'), ('2565', '宝塔区', '293', '610602'), ('2566', '延长县', '293', '610621'), ('2567', '延川县', '293', '610622'), ('2568', '子长县', '293', '610623');
INSERT INTO `sys_qud_qux` VALUES ('2569', '安塞县', '293', '610624'), ('2570', '志丹县', '293', '610625'), ('2571', '吴旗县', '293', null), ('2572', '甘泉县', '293', '610627'), ('2573', '富县', '293', '610628'), ('2574', '洛川县', '293', '610629'), ('2575', '宜川县', '293', '610630'), ('2576', '黄龙县', '293', '610631'), ('2577', '黄陵县', '293', '610632'), ('2578', '汉台区', '294', '610702'), ('2579', '南郑县', '294', '610721'), ('2580', '城固县', '294', '610722'), ('2581', '洋县', '294', '610723'), ('2582', '西乡县', '294', '610724'), ('2583', '勉县', '294', '610725'), ('2584', '宁强县', '294', '610726'), ('2585', '略阳县', '294', '610727'), ('2586', '镇巴县', '294', '610728'), ('2587', '留坝县', '294', '610729'), ('2588', '佛坪县', '294', '610730'), ('2589', '榆阳区', '295', '610802'), ('2590', '神木县', '295', '610821'), ('2591', '府谷县', '295', '610822'), ('2592', '横山县', '295', '610823'), ('2593', '靖边县', '295', '610824'), ('2594', '定边县', '295', '610825'), ('2595', '绥德县', '295', '610826'), ('2596', '米脂县', '295', '610827'), ('2597', '佳县', '295', '610828'), ('2598', '吴堡县', '295', '610829'), ('2599', '清涧县', '295', '610830'), ('2600', '子洲县', '295', '610831'), ('2601', '汉滨区', '296', '610902'), ('2602', '汉阴县', '296', '610921'), ('2603', '石泉县', '296', '610922'), ('2604', '宁陕县', '296', '411222'), ('2605', '紫阳县', '296', '610924'), ('2606', '岚皋县', '296', '610925'), ('2607', '平利县', '296', '610926'), ('2608', '镇坪县', '296', '610927'), ('2609', '旬阳县', '296', '610928'), ('2610', '白河县', '296', '610929'), ('2611', '商州区', '297', '611002'), ('2612', '洛南县', '297', '430921'), ('2613', '丹凤县', '297', '611022'), ('2614', '商南县', '297', '430921'), ('2615', '山阳县', '297', '611024'), ('2616', '镇安县', '297', '510724'), ('2617', '柞水县', '297', '611026'), ('2618', '城关区', '298', '540102'), ('2619', '七里河区', '298', '620103'), ('2620', '西固区', '298', '620104'), ('2621', '安宁区', '298', '620105'), ('2622', '红古区', '298', '620111'), ('2623', '永登县', '298', '620121'), ('2624', '皋兰县', '298', '620122'), ('2625', '榆中县', '298', '620123'), ('2626', '金川区', '300', '620302'), ('2627', '永昌县', '300', '620321'), ('2628', '白银区', '301', '620402'), ('2629', '平川区', '301', '620403'), ('2630', '靖远县', '301', '620421'), ('2631', '会宁县', '301', '621026'), ('2632', '景泰县', '301', '620423'), ('2633', '秦城区', '302', '620502'), ('2634', '北道区', '302', '620503'), ('2635', '清水县', '302', '620521'), ('2636', '秦安县', '302', '510724'), ('2637', '甘谷县', '302', '620523'), ('2638', '武山县', '302', '620524'), ('2639', '张家川回族自治县', '302', '620525'), ('2640', '凉州区', '303', '620602'), ('2641', '民勤县', '303', '620621'), ('2642', '古浪县', '303', '620622'), ('2643', '天祝藏族自治县', '303', '620623'), ('2644', '甘州区', '304', '620702'), ('2645', '肃南裕固族自治县', '304', '620721'), ('2646', '民乐县', '304', '620722'), ('2647', '临泽县', '304', '620723'), ('2648', '高台县', '304', '620724'), ('2649', '山丹县', '304', '620725'), ('2650', '崆峒区', '305', '620802'), ('2651', '泾川县', '305', '620821'), ('2652', '灵台县', '305', '620822'), ('2653', '崇信县', '305', '620823'), ('2654', '华亭县', '305', '620824'), ('2655', '庄浪县', '305', '620825'), ('2656', '静宁县', '305', '621026'), ('2657', '肃州区', '306', '620902'), ('2658', '金塔县', '306', '620921'), ('2659', '安西县', '306', '620922'), ('2660', '肃北蒙古族自治县', '306', '620923'), ('2661', '阿克塞哈萨克族自治县', '306', '620924'), ('2662', '玉门市', '306', '620981'), ('2663', '敦煌市', '306', '620982'), ('2664', '西峰区', '307', '621002'), ('2665', '庆城县', '307', '621021'), ('2666', '环县', '307', '621022'), ('2667', '华池县', '307', '621023'), ('2668', '合水县', '307', '621024');
INSERT INTO `sys_qud_qux` VALUES ('2669', '正宁县', '307', '621026'), ('2670', '宁县', '307', '621026'), ('2671', '镇原县', '307', '621027'), ('2672', '安定区', '308', '621102'), ('2673', '通渭县', '308', '621121'), ('2674', '陇西县', '308', '621122'), ('2675', '渭源县', '308', '621123'), ('2676', '临洮县', '308', '621124'), ('2677', '漳县', '308', '621125'), ('2678', '岷县', '308', '621126'), ('2679', '武都区', '309', '621202'), ('2680', '成县', '309', '621221'), ('2681', '文县', '309', '621222'), ('2682', '宕昌县', '309', '621223'), ('2683', '康县', '309', '621224'), ('2684', '西和县', '309', '621225'), ('2685', '礼县', '309', '621226'), ('2686', '徽县', '309', '621227'), ('2687', '两当县', '309', '621228'), ('2688', '临夏市', '310', '622901'), ('2689', '临夏县', '310', '622921'), ('2690', '康乐县', '310', '622922'), ('2691', '永靖县', '310', '622923'), ('2692', '广河县', '310', '622924'), ('2693', '和政县', '310', '622925'), ('2694', '东乡族自治县', '310', '622926'), ('2695', '积石山保安族东乡族撒拉族自治县', '310', '622927'), ('2696', '合作市', '311', '623001'), ('2697', '临潭县', '311', '623021'), ('2698', '卓尼县', '311', '623022'), ('2699', '舟曲县', '311', '623023'), ('2700', '迭部县', '311', '623024'), ('2701', '玛曲县', '311', '623025'), ('2702', '碌曲县', '311', '623026'), ('2703', '夏河县', '311', '623027'), ('2704', '城东区', '312', '630102'), ('2705', '城中区', '312', '450202'), ('2706', '城西区', '312', '630104'), ('2707', '城北区', '312', '630105'), ('2708', '大通回族土族自治县', '312', '630121'), ('2709', '湟中县', '312', '630122'), ('2710', '湟源县', '312', '630123'), ('2711', '平安县', '313', '510724'), ('2712', '民和回族土族自治县', '313', '632122'), ('2713', '乐都县', '313', '632123'), ('601', '木兰县', '60', '230127'), ('602', '通河县', '60', '230128'), ('603', '延寿县', '60', '341521'), ('604', '阿城市', '60', null), ('605', '双城市', '60', '230182'), ('606', '尚志市', '60', '230183'), ('607', '五常市', '60', '230184'), ('608', '龙沙区', '61', '230202'), ('609', '建华区', '61', '230203'), ('610', '铁锋区', '61', '230204'), ('611', '昂昂溪区', '61', '230205'), ('612', '富拉尔基区', '61', '230206'), ('613', '碾子山区', '61', '230207'), ('614', '梅里斯达斡尔族区', '61', '230208'), ('615', '龙江县', '61', '230221'), ('616', '依安县', '61', '510724'), ('617', '泰来县', '61', '230224'), ('618', '甘南县', '61', '430921'), ('619', '富裕县', '61', '230227'), ('620', '克山县', '61', '230229'), ('621', '克东县', '61', '230230'), ('622', '拜泉县', '61', '230231'), ('623', '讷河市', '61', '230281'), ('624', '鸡冠区', '62', '230302'), ('625', '恒山区', '62', '230303'), ('626', '滴道区', '62', '230304'), ('627', '梨树区', '62', '230305'), ('628', '城子河区', '62', '230306'), ('629', '麻山区', '62', '230307'), ('630', '鸡东县', '62', '230321'), ('631', '虎林市', '62', '230381'), ('632', '密山市', '62', '230382'), ('633', '向阳区', '63', '230803'), ('634', '工农区', '63', '230403'), ('635', '南山区', '63', '440305'), ('636', '兴安区', '63', '230405'), ('637', '东山区', '63', '650108'), ('638', '兴山区', '63', '230407'), ('639', '萝北县', '63', '230421'), ('640', '绥滨县', '63', '230422'), ('641', '尖山区', '64', '230502'), ('642', '岭东区', '64', '230503'), ('643', '四方台区', '64', '230505'), ('644', '宝山区', '64', '310113'), ('645', '集贤县', '64', '230521'), ('646', '友谊县', '64', '230522'), ('647', '宝清县', '64', '230523'), ('648', '饶河县', '64', '230524'), ('649', '萨尔图区', '65', '230602'), ('650', '龙凤区', '65', '230603'), ('651', '让胡路区', '65', '230604'), ('652', '红岗区', '65', '230605'), ('653', '大同区', '65', '230606'), ('654', '肇州县', '65', '230621'), ('655', '肇源县', '65', '230622');
INSERT INTO `sys_qud_qux` VALUES ('656', '林甸县', '65', '230623'), ('657', '杜尔伯特蒙古族自治县', '65', '230624'), ('658', '伊春区', '66', '230702'), ('659', '南岔区', '66', '230703'), ('660', '友好区', '66', '230704'), ('661', '西林区', '66', '230705'), ('662', '翠峦区', '66', '230706'), ('663', '新青区', '66', '230707'), ('664', '美溪区', '66', '230708'), ('665', '金山屯区', '66', '230709'), ('666', '五营区', '66', '230710'), ('667', '乌马河区', '66', '230711'), ('668', '汤旺河区', '66', '230712'), ('669', '带岭区', '66', '230713'), ('670', '乌伊岭区', '66', '230714'), ('671', '红星区', '66', '230715'), ('672', '上甘岭区', '66', '230716'), ('673', '嘉荫县', '66', '230722'), ('674', '铁力市', '66', '230781'), ('675', '永红区', '67', null), ('676', '向阳区', '67', '230803'), ('677', '前进区', '67', '230804'), ('678', '东风区', '67', '230805'), ('679', '郊区', '67', null), ('680', '桦南县', '67', '430921'), ('681', '桦川县', '67', '230826'), ('682', '汤原县', '67', '230828'), ('683', '抚远县', '67', '230833'), ('684', '同江市', '67', '230881'), ('685', '富锦市', '67', '230882'), ('686', '新兴区', '68', '230902'), ('687', '桃山区', '68', '230903'), ('688', '茄子河区', '68', '230904'), ('689', '勃利县', '68', '230921'), ('690', '东安区', '69', '231002'), ('691', '阳明区', '69', '231003'), ('692', '爱民区', '69', '231004'), ('693', '西安区', '69', '231005'), ('694', '东宁县', '69', '621026'), ('695', '林口县', '69', '231025'), ('696', '绥芬河市', '69', '231081'), ('697', '海林市', '69', '231083'), ('698', '宁安市', '69', '231084'), ('699', '穆棱市', '69', '231085'), ('700', '爱辉区', '70', '231102'), ('701', '嫩江县', '70', '231121'), ('702', '逊克县', '70', '231123'), ('703', '孙吴县', '70', '231124'), ('704', '北安市', '70', '231181'), ('705', '五大连池市', '70', '231182'), ('706', '北林区', '71', '231202'), ('707', '望奎县', '71', '231221'), ('708', '兰西县', '71', '231222'), ('709', '青冈县', '71', '231223'), ('710', '庆安县', '71', '510724'), ('711', '明水县', '71', '231225'), ('712', '绥棱县', '71', '231226'), ('713', '安达市', '71', '231281'), ('714', '肇东市', '71', '231282'), ('715', '海伦市', '71', '231283'), ('716', '呼玛县', '72', '232721'), ('717', '塔河县', '72', '232722'), ('718', '漠河县', '72', '232723'), ('719', '黄浦区', '73', '310101'), ('720', '卢湾区', '73', '310103'), ('721', '徐汇区', '73', '310104'), ('722', '长宁区', '73', '310105'), ('723', '静安区', '73', '310106'), ('724', '普陀区', '73', '310107'), ('725', '闸北区', '73', '310108'), ('726', '虹口区', '73', '310109'), ('727', '杨浦区', '73', '310110'), ('728', '闵行区', '73', '310112'), ('729', '宝山区', '73', '310113'), ('730', '嘉定区', '73', '310114'), ('731', '浦东新区', '73', '310115'), ('732', '金山区', '73', '310116'), ('733', '松江区', '73', '310117'), ('734', '青浦区', '73', '310118'), ('735', '南汇区', '73', '310119'), ('736', '奉贤区', '73', '310120'), ('737', '崇明县', '73', '310230'), ('738', '玄武区', '74', '320102'), ('739', '白下区', '74', '320103'), ('740', '秦淮区', '74', '320104'), ('741', '建邺区', '74', '320105'), ('742', '鼓楼区', '74', '410204'), ('743', '下关区', '74', '320107'), ('744', '浦口区', '74', '320111'), ('745', '栖霞区', '74', '320113'), ('746', '雨花台区', '74', '320114'), ('747', '江宁区', '74', '320115'), ('748', '六合区', '74', '320116'), ('749', '溧水县', '74', '320124'), ('750', '高淳县', '74', '320125'), ('751', '崇安区', '75', '320202'), ('752', '南长区', '75', '320203'), ('753', '北塘区', '75', '320204'), ('2797', '库尔勒市', '331', '652801'), ('2798', '轮台县', '331', '652822');
INSERT INTO `sys_qud_qux` VALUES ('2799', '尉犁县', '331', '652823'), ('2800', '若羌县', '331', '652824'), ('2801', '且末县', '331', '652825'), ('2802', '焉耆回族自治县', '331', '652826'), ('2803', '和静县', '331', '652827'), ('2804', '和硕县', '331', '652828'), ('2805', '博湖县', '331', '652829'), ('2806', '阿克苏市', '332', '652901'), ('2807', '温宿县', '332', '652922'), ('2808', '库车县', '332', '652923'), ('2809', '沙雅县', '332', '652924'), ('2810', '新和县', '332', '652925'), ('2811', '拜城县', '332', '652926'), ('2812', '乌什县', '332', '652927'), ('2813', '阿瓦提县', '332', '652928'), ('2814', '柯坪县', '332', '652929'), ('2815', '阿图什市', '333', '653001'), ('2816', '阿克陶县', '333', '653022'), ('2817', '阿合奇县', '333', '653023'), ('2818', '乌恰县', '333', '653024'), ('2819', '喀什市', '334', '653101'), ('2820', '疏附县', '334', '653121'), ('2821', '疏勒县', '334', '653122'), ('2822', '英吉沙县', '334', '653123'), ('2823', '泽普县', '334', '653124'), ('2824', '莎车县', '334', '653125'), ('2825', '叶城县', '334', '653126'), ('2826', '麦盖提县', '334', '653127'), ('2827', '岳普湖县', '334', '653128'), ('2828', '伽师县', '334', '653129'), ('2829', '巴楚县', '334', '653130'), ('2830', '塔什库尔干塔吉克自治县', '334', '653131'), ('2831', '和田市', '335', '653201'), ('2832', '和田县', '335', '653221'), ('2833', '墨玉县', '335', '653222'), ('2834', '皮山县', '335', '653223'), ('2835', '洛浦县', '335', '653224'), ('2836', '策勒县', '335', '653225'), ('2837', '于田县', '335', '653226'), ('2838', '民丰县', '335', '653227'), ('2839', '伊宁市', '336', '654002'), ('2840', '奎屯市', '336', '654003'), ('2841', '伊宁县', '336', '654021'), ('2842', '察布查尔锡伯自治县', '336', '654022'), ('2843', '霍城县', '336', '654023'), ('2844', '巩留县', '336', '654024'), ('2845', '新源县', '336', '654025'), ('2846', '昭苏县', '336', '654026'), ('2847', '特克斯县', '336', '654027'), ('2848', '尼勒克县', '336', '654028'), ('2849', '塔城市', '337', '654201'), ('2850', '乌苏市', '337', '654202'), ('2851', '额敏县', '337', '654221'), ('2852', '沙湾县', '337', '654223'), ('2853', '托里县', '337', '654224'), ('2854', '裕民县', '337', '654225'), ('2855', '和布克赛尔蒙古自治县', '337', '654226'), ('2856', '阿勒泰市', '338', '654301'), ('2857', '布尔津县', '338', '654321'), ('2858', '富蕴县', '338', '654322'), ('2859', '福海县', '338', '654323'), ('2860', '哈巴河县', '338', '654324'), ('2861', '青河县', '338', '654325'), ('2862', '吉木乃县', '338', '654326'), ('3001', '中山市', '214', '442000'), ('3002', '石河子市', '339', '659001'), ('3003', '嘉峪关市', '299', '620200'), ('3004', '济源市', '346', '410881'), ('3000', '朝阳区', '191', '110105'), ('2863', '东莞市区', '213', '441900'), ('1807', '茂港区', '205', '440903'), ('1808', '电白县', '205', '440923'), ('1809', '高州市', '205', '440981'), ('1810', '化州市', '205', '440982'), ('1811', '信宜市', '205', '440983'), ('1812', '端州区', '206', '441202'), ('1813', '鼎湖区', '206', '441203'), ('1814', '广宁县', '206', '441223'), ('1815', '怀集县', '206', '441224'), ('1816', '封开县', '206', '500234'), ('1817', '德庆县', '206', '441226'), ('1818', '高要市', '206', '441283'), ('1819', '四会市', '206', '441284'), ('1820', '惠城区', '207', '441302'), ('1821', '惠阳区', '207', '441303'), ('1822', '博罗县', '207', '441322'), ('1823', '惠东县', '207', '441323'), ('1824', '龙门县', '207', '441324'), ('1825', '梅江区', '208', '441402'), ('1826', '梅县', '208', '441421'), ('1827', '大埔县', '208', '441422'), ('1828', '丰顺县', '208', '441423'), ('1829', '五华县', '208', '441424'), ('1830', '平远县', '208', '441426'), ('1831', '蕉岭县', '208', '441427'), ('1832', '兴宁市', '208', '441481'), ('1833', '城区', '209', null), ('1834', '海丰县', '209', '441521'), ('1835', '陆河县', '209', '441523'), ('1836', '陆丰市', '209', '441581');
INSERT INTO `sys_qud_qux` VALUES ('1837', '源城区', '210', '441602'), ('1838', '紫金县', '210', '441621'), ('1839', '龙川县', '210', '441622'), ('1840', '连平县', '210', '441623'), ('1841', '和平县', '210', '441624'), ('1842', '东源县', '210', '441625'), ('1843', '江城区', '211', '441702'), ('1844', '阳西县', '211', '441721'), ('1845', '阳东县', '211', '441723'), ('1846', '阳春市', '211', '441781'), ('1847', '清城区', '212', '441802'), ('1848', '佛冈县', '212', '441821'), ('1849', '阳山县', '212', '441823'), ('1850', '连山壮族瑶族自治县', '212', '441825'), ('1851', '连南瑶族自治县', '212', '441826'), ('1852', '清新县', '212', '441827'), ('1853', '英德市', '212', '441881'), ('1854', '连州市', '212', '441882'), ('1855', '湘桥区', '215', '445102'), ('1856', '潮安县', '215', '510724'), ('1857', '饶平县', '215', '445122'), ('1858', '榕城区', '216', '445202'), ('1859', '揭东县', '216', '445221'), ('1860', '揭西县', '216', '445222'), ('1861', '惠来县', '216', '445224'), ('1862', '普宁市', '216', '445281'), ('1863', '云城区', '217', '445302'), ('1864', '新兴县', '217', '445321'), ('1865', '郁南县', '217', '445322'), ('1866', '云安县', '217', '510724'), ('1867', '罗定市', '217', '445381'), ('1868', '兴宁区', '218', '450102'), ('1869', '青秀区', '218', '450103'), ('1870', '江南区', '218', '450105'), ('1871', '西乡塘区', '218', '450107'), ('1872', '良庆区', '218', '450108'), ('1873', '邕宁区', '218', '450109'), ('1874', '武鸣县', '218', '450122'), ('1875', '隆安县', '218', '510724'), ('1876', '马山县', '218', '450124'), ('1877', '上林县', '218', '450125'), ('1878', '宾阳县', '218', '450126'), ('1879', '横县', '218', '450127'), ('1880', '城中区', '219', '450202'), ('1881', '鱼峰区', '219', '450203'), ('1882', '柳南区', '219', '450204'), ('1883', '柳北区', '219', '450205'), ('1884', '柳江县', '219', '450221'), ('1885', '柳城县', '219', '450222'), ('1886', '鹿寨县', '219', '450223'), ('1887', '融安县', '219', '510724'), ('1888', '融水苗族自治县', '219', '450225'), ('1889', '三江侗族自治县', '219', '450226'), ('1890', '秀峰区', '220', '450302'), ('1891', '叠彩区', '220', '450303'), ('1892', '象山区', '220', '450304'), ('1893', '七星区', '220', '450305'), ('1894', '雁山区', '220', '450311'), ('1895', '阳朔县', '220', '450321'), ('1896', '临桂县', '220', '450322'), ('1897', '灵川县', '220', '450323'), ('1898', '全州县', '220', '450324'), ('1899', '兴安县', '220', '510724'), ('1900', '永福县', '220', '450326'), ('1901', '灌阳县', '220', '450327'), ('1902', '龙胜各族自治县', '220', '450328'), ('1903', '资源县', '220', '450329'), ('1904', '平乐县', '220', '450330'), ('1905', '荔蒲县', '220', '450331'), ('1906', '恭城瑶族自治县', '220', '450332'), ('1907', '万秀区', '221', '450403'), ('1908', '蝶山区', '221', '450404'), ('1909', '长洲区', '221', '450405'), ('1910', '苍梧县', '221', '450421'), ('1911', '藤县', '221', '450422'), ('1912', '蒙山县', '221', '450423'), ('1913', '岑溪市', '221', '450481'), ('1914', '海城区', '222', '450502'), ('1915', '银海区', '222', '450503'), ('1916', '铁山港区', '222', '450512'), ('1917', '合浦县', '222', '450521'), ('1918', '港口区', '223', '450602'), ('1919', '防城区', '223', '450603'), ('1920', '上思县', '223', '450621'), ('1921', '东兴市', '223', '450681'), ('1922', '钦南区', '224', '450702'), ('1923', '钦北区', '224', '450703'), ('1924', '灵山县', '224', '450721'), ('1925', '浦北县', '224', '450722'), ('1926', '港北区', '225', '450802'), ('1927', '港南区', '225', '450803'), ('1928', '覃塘区', '225', '450804'), ('1929', '平南县', '225', '450821'), ('1930', '桂平市', '225', '450881'), ('1931', '玉州区', '226', '450902'), ('1932', '容县', '226', '450921'), ('1933', '陆川县', '226', '450922'), ('1934', '博白县', '226', '450923'), ('1935', '兴业县', '226', '450924'), ('1936', '北流市', '226', '450981');
INSERT INTO `sys_qud_qux` VALUES ('1937', '右江区', '227', '451002'), ('1938', '田阳县', '227', '451021'), ('1939', '田东县', '227', '451022'), ('1940', '平果县', '227', '451023'), ('1941', '德保县', '227', '451024'), ('1942', '靖西县', '227', '451025'), ('1943', '那坡县', '227', '451026'), ('1944', '凌云县', '227', '530922'), ('1945', '乐业县', '227', '451028'), ('1946', '田林县', '227', '451029'), ('1947', '西林县', '227', '451030'), ('1948', '隆林各族自治县', '227', '451031'), ('1949', '八步区', '228', '451102'), ('1950', '昭平县', '228', '451121'), ('1951', '钟山县', '228', '451122'), ('1952', '富川瑶族自治县', '228', '451123'), ('1953', '金城江区', '229', '451202'), ('1954', '南丹县', '229', '451221'), ('1955', '天峨县', '229', '451222'), ('1956', '凤山县', '229', '451223'), ('1957', '东兰县', '229', '451224'), ('1958', '罗城仫佬族自治县', '229', '451225'), ('1959', '环江毛南族自治县', '229', '451226'), ('1960', '巴马瑶族自治县', '229', '451227'), ('1961', '都安瑶族自治县', '229', '451228'), ('1962', '大化瑶族自治县', '229', '451229'), ('1963', '宜州市', '229', '451281'), ('1964', '兴宾区', '230', '451302'), ('1965', '忻城县', '230', '451321'), ('1966', '象州县', '230', '451322'), ('1967', '武宣县', '230', '451323'), ('1968', '金秀瑶族自治县', '230', '451324'), ('1969', '合山市', '230', '451381'), ('1970', '江洲区', '231', '451402'), ('1971', '扶绥县', '231', '451421'), ('1972', '宁明县', '231', '451422'), ('1973', '龙州县', '231', '451423'), ('1974', '大新县', '231', '451424'), ('1975', '天等县', '231', '451425'), ('1976', '凭祥市', '231', '451481'), ('1977', '秀英区', '232', '460105'), ('1978', '龙华区', '232', '460106'), ('1979', '琼山区', '232', '460107'), ('1980', '美兰区', '232', '460108'), ('1981', '五指山市', '233', '469001'), ('1982', '琼海市', '233', '469002'), ('1983', '儋州市', '233', '469003'), ('1984', '文昌市', '233', '469005'), ('1985', '万宁市', '233', '469006'), ('1986', '东方市', '233', '469007'), ('1987', '定安县', '233', '510724'), ('1988', '屯昌县', '233', '469026'), ('1989', '澄迈县', '233', '469027'), ('1990', '临高县', '233', '511525'), ('1991', '白沙黎族自治县', '233', '469030'), ('1992', '昌江黎族自治县', '233', '469031'), ('1993', '乐东黎族自治县', '233', '469033'), ('1994', '陵水黎族自治县', '233', '469034'), ('1995', '保亭黎族苗族自治县', '233', '469035'), ('1996', '琼中黎族苗族自治县', '233', '469036'), ('1997', '西沙群岛', '233', '469037'), ('1998', '南沙群岛', '233', '469038'), ('1999', '中沙群岛的岛礁及其海域', '233', '469039'), ('2000', '万州区', '234', '500101'), ('2001', '涪陵区', '234', '500102'), ('2002', '渝中区', '234', '500103'), ('2003', '大渡口区', '234', '500104'), ('2004', '江北区', '234', '500105'), ('2005', '沙坪坝区', '234', '500106'), ('2006', '九龙坡区', '234', '500107'), ('2007', '南岸区', '234', '500108'), ('2008', '北碚区', '234', '500109'), ('2009', '万盛区', '234', '500110'), ('2010', '双桥区', '234', '500111'), ('2011', '渝北区', '234', '500112'), ('2012', '巴南区', '234', '500113'), ('2013', '黔江区', '234', '500114'), ('2014', '长寿区', '234', '500115'), ('2015', '綦江县', '234', '500222'), ('2016', '潼南县', '234', '500223'), ('2017', '铜梁县', '234', '500224'), ('2018', '大足县', '234', '500225'), ('2019', '荣昌县', '234', '500226'), ('2020', '璧山县', '234', '500227'), ('2021', '梁平县', '234', '500228'), ('2022', '城口县', '234', '500229'), ('2023', '丰都县', '234', '500230'), ('2024', '垫江县', '234', '500231'), ('2025', '武隆县', '234', '500232'), ('2026', '忠县', '234', '500233'), ('2027', '开县', '234', '500234'), ('2028', '云阳县', '234', '500235'), ('2029', '奉节县', '234', '500236'), ('2030', '巫山县', '234', '500237'), ('2031', '巫溪县', '234', '500238'), ('2032', '石柱土家族自治县', '234', '500240'), ('2033', '秀山土家族苗族自治县', '234', '500241'), ('2034', '酉阳土家族苗族自治县', '234', '500242'), ('2035', '彭水苗族土家族自治县', '234', '500243'), ('2036', '江津市', '234', null);
INSERT INTO `sys_qud_qux` VALUES ('2037', '合川市', '234', null), ('2038', '永川市', '234', null), ('2039', '南川市', '234', null), ('2040', '锦江区', '235', '510104'), ('2041', '青羊区', '235', '510105'), ('2042', '金牛区', '235', '510106'), ('2043', '武侯区', '235', '510107'), ('2044', '成华区', '235', '510108'), ('2045', '龙泉驿区', '235', '510112'), ('2046', '青白江区', '235', '510113'), ('2047', '新都区', '235', '510114'), ('2048', '温江区', '235', '510115'), ('2049', '金堂县', '235', '510121'), ('2050', '双流县', '235', '510122'), ('2051', '郫县', '235', '510124'), ('2052', '大邑县', '235', '510129'), ('2053', '蒲江县', '235', '510131'), ('2054', '新津县', '235', '510132'), ('2055', '都江堰市', '235', '510181'), ('2056', '彭州市', '235', '510182'), ('2057', '邛崃市', '235', '510183'), ('2058', '崇州市', '235', '510184'), ('2059', '自流井区', '236', '510302'), ('2060', '贡井区', '236', '510303'), ('2061', '大安区', '236', '510304'), ('2062', '沿滩区', '236', '510311'), ('2063', '荣县', '236', '510321'), ('2064', '富顺县', '236', '510322'), ('2065', '东区', '237', null), ('2066', '西区', '237', null), ('2067', '仁和区', '237', '510411'), ('2068', '米易县', '237', '510421'), ('2069', '盐边县', '237', '510422'), ('2070', '江阳区', '238', '510502'), ('2071', '纳溪区', '238', '510503'), ('2072', '龙马潭区', '238', '510504'), ('2073', '泸县', '238', '510521'), ('2074', '合江县', '238', '510522'), ('2075', '叙永县', '238', '510524'), ('2076', '古蔺县', '238', '510525'), ('2077', '旌阳区', '239', '510603'), ('2078', '中江县', '239', '510623'), ('2079', '罗江县', '239', '510626'), ('2080', '广汉市', '239', '510681'), ('2081', '什邡市', '239', '510682'), ('2082', '绵竹市', '239', '510683'), ('2083', '涪城区', '240', '510703'), ('2084', '游仙区', '240', '510704'), ('2085', '三台县', '240', '510722'), ('2086', '盐亭县', '240', '510723'), ('2087', '安县', '240', '510724'), ('2088', '梓潼县', '240', '510725'), ('2089', '北川羌族自治县', '240', '510726'), ('2090', '平武县', '240', '510727'), ('2091', '江油市', '240', '510781'), ('2092', '市中区', '241', '511102'), ('2093', '元坝区', '241', '510811'), ('2094', '朝天区', '241', '510812'), ('2095', '旺苍县', '241', '510821'), ('2096', '青川县', '241', '510822'), ('2097', '剑阁县', '241', '510823'), ('2098', '苍溪县', '241', '510824'), ('2099', '船山区', '242', '510903'), ('2100', '安居区', '242', '510904'), ('2101', '蓬溪县', '242', '510921'), ('2102', '射洪县', '242', '510922'), ('2103', '大英县', '242', '510923'), ('2104', '市中区', '243', '511102'), ('2105', '东兴区', '243', '511011'), ('2106', '威远县', '243', '511024'), ('2107', '资中县', '243', '511025'), ('2108', '隆昌县', '243', '511028'), ('2109', '市中区', '244', '511102'), ('2110', '沙湾区', '244', '511111'), ('2111', '五通桥区', '244', '511112'), ('2112', '金口河区', '244', '511113'), ('2113', '犍为县', '244', '511123'), ('2114', '井研县', '244', '511124'), ('2115', '夹江县', '244', '511126'), ('2116', '沐川县', '244', '511129'), ('2117', '峨边彝族自治县', '244', '511132'), ('2118', '马边彝族自治县', '244', '511133'), ('2119', '峨眉山市', '244', '511400'), ('2120', '顺庆区', '245', '511302'), ('2121', '高坪区', '245', '511303'), ('2122', '嘉陵区', '245', '511304'), ('2123', '南部县', '245', '511321'), ('2124', '营山县', '245', '511322'), ('2125', '蓬安县', '245', '511323'), ('2126', '仪陇县', '245', '511324'), ('2127', '西充县', '245', '511325'), ('2128', '阆中市', '245', '511381'), ('2129', '东坡区', '246', '511402'), ('2130', '仁寿县', '246', '511421'), ('2131', '彭山县', '246', '511422'), ('2132', '洪雅县', '246', '511423'), ('2133', '丹棱县', '246', '511424'), ('2134', '青神县', '246', '511425'), ('2135', '翠屏区', '247', '511502'), ('2136', '宜宾县', '247', '511521');
INSERT INTO `sys_qud_qux` VALUES ('2137', '南溪县', '247', '511522'), ('2138', '江安县', '247', '511523'), ('2139', '长宁县', '247', '511524'), ('2140', '高县', '247', '511525'), ('2141', '珙县', '247', '511526'), ('2142', '筠连县', '247', '511527'), ('2143', '兴文县', '247', '511528'), ('2144', '屏山县', '247', '511529'), ('2145', '广安区', '248', '511602'), ('2146', '岳池县', '248', '511621'), ('2147', '武胜县', '248', '511622'), ('2148', '邻水县', '248', '511623'), ('2149', '华蓥市', '248', '511681'), ('2150', '通川区', '249', '511702'), ('2151', '达县', '249', '511721'), ('2152', '宣汉县', '249', '511722'), ('2153', '开江县', '249', '511723'), ('2154', '大竹县', '249', '511724'), ('2155', '渠县', '249', '511725'), ('2156', '万源市', '249', '511781'), ('2157', '雨城区', '250', '511802'), ('2158', '名山县', '250', '511821'), ('2159', '荥经县', '250', '511822'), ('2160', '汉源县', '250', '511823'), ('2161', '石棉县', '250', '511824'), ('2162', '天全县', '250', '511825'), ('2163', '芦山县', '250', '511826'), ('2164', '宝兴县', '250', '511827'), ('2165', '巴州区', '251', '511902'), ('2166', '通江县', '251', '511921'), ('2167', '南江县', '251', '511922'), ('2168', '平昌县', '251', '511923'), ('2169', '雁江区', '252', '512002'), ('2170', '安岳县', '252', '512021'), ('2171', '乐至县', '252', '512022'), ('2172', '简阳市', '252', '512081'), ('2173', '汶川县', '253', '513221'), ('2174', '理县', '253', '513222'), ('2175', '茂县', '253', '513223'), ('2176', '松潘县', '253', '513224'), ('2177', '九寨沟县', '253', '513225'), ('2178', '金川县', '253', '513226'), ('2179', '小金县', '253', '513227'), ('2180', '黑水县', '253', '513228'), ('2181', '马尔康县', '253', '513229'), ('2182', '壤塘县', '253', '513230'), ('2183', '阿坝县', '253', '513231'), ('2184', '若尔盖县', '253', '513232'), ('2185', '红原县', '253', '513233'), ('2186', '康定县', '254', '513321'), ('2187', '泸定县', '254', '513322'), ('2188', '丹巴县', '254', '513323'), ('2189', '九龙县', '254', '513324'), ('2190', '雅江县', '254', '513325'), ('2191', '道孚县', '254', '513326'), ('2192', '炉霍县', '254', '513327'), ('2193', '甘孜县', '254', '513328'), ('2194', '新龙县', '254', '513329'), ('2195', '德格县', '254', '513330'), ('2196', '白玉县', '254', '513331'), ('2197', '石渠县', '254', '513332'), ('2198', '色达县', '254', '513333'), ('2199', '理塘县', '254', '513334'), ('2200', '巴塘县', '254', '513335'), ('2201', '乡城县', '254', '513336'), ('2202', '稻城县', '254', '513337'), ('2203', '得荣县', '254', '513338'), ('2204', '西昌市', '255', '513401'), ('2205', '木里藏族自治县', '255', '513422'), ('2206', '盐源县', '255', '513423'), ('2207', '德昌县', '255', '513424'), ('2208', '会理县', '255', '513425'), ('2209', '会东县', '255', '513426'), ('2210', '宁南县', '255', '513427'), ('2211', '普格县', '255', '513428'), ('2212', '布拖县', '255', '513429'), ('2213', '金阳县', '255', '513430'), ('2214', '昭觉县', '255', '513431'), ('2215', '喜德县', '255', '513432'), ('2216', '冕宁县', '255', '513433'), ('2217', '越西县', '255', '513434'), ('2218', '甘洛县', '255', '513435'), ('2219', '美姑县', '255', '513436'), ('2220', '雷波县', '255', '513437'), ('2221', '南明区', '256', '520102'), ('2222', '云岩区', '256', '520103'), ('2223', '花溪区', '256', '520111'), ('2224', '乌当区', '256', '520112'), ('2225', '白云区', '256', '520113'), ('2226', '小河区', '256', '520114'), ('2227', '开阳县', '256', '520121'), ('2228', '息烽县', '256', '520122'), ('2229', '修文县', '256', '520123'), ('2230', '清镇市', '256', '520181'), ('2231', '钟山区', '257', '520201'), ('2232', '六枝特区', '257', '520203'), ('2233', '水城县', '257', '520221'), ('2234', '盘县', '257', '520222'), ('2235', '红花岗区', '258', '520302'), ('2236', '汇川区', '258', '520303');
INSERT INTO `sys_qud_qux` VALUES ('2237', '遵义县', '258', '520321'), ('2238', '桐梓县', '258', '520322'), ('2239', '绥阳县', '258', '520323'), ('2240', '正安县', '258', '520324'), ('2241', '道真仡佬族苗族自治县', '258', '520325'), ('2242', '务川仡佬族苗族自治县', '258', '520326'), ('2243', '凤冈县', '258', '520327'), ('2244', '湄潭县', '258', '520328'), ('2245', '余庆县', '258', '520329'), ('2246', '习水县', '258', '520330'), ('2247', '赤水市', '258', '520381'), ('2248', '仁怀市', '258', '520382'), ('2249', '西秀区', '259', '520402'), ('2250', '平坝县', '259', '520421'), ('2251', '普定县', '259', '520422'), ('2252', '镇宁布依族苗族自治县', '259', '520423'), ('2253', '关岭布依族苗族自治县', '259', '520424'), ('2254', '紫云苗族布依族自治县', '259', '520425'), ('2255', '铜仁市', '260', '522201'), ('2256', '江口县', '260', '522222'), ('2257', '玉屏侗族自治县', '260', '522223'), ('2258', '石阡县', '260', '522224'), ('2259', '思南县', '260', '522225'), ('2260', '印江土家族苗族自治县', '260', '522226'), ('2261', '德江县', '260', '522227'), ('2262', '沿河土家族自治县', '260', '522228'), ('2263', '松桃苗族自治县', '260', '522229'), ('2264', '万山特区', '260', '522230'), ('2265', '兴义市', '261', '522301'), ('2266', '兴仁县', '261', '522322'), ('2267', '普安县', '261', '522323'), ('2268', '晴隆县', '261', '522324'), ('76', '北戴河区', '5', '130304'), ('77', '青龙满族自治县', '5', '130321'), ('78', '昌黎县', '5', '130322'), ('79', '抚宁县', '5', '621026'), ('80', '卢龙县', '5', '130324'), ('81', '邯山区', '6', '130402'), ('82', '丛台区', '6', '130403'), ('83', '复兴区', '6', '130404'), ('84', '峰峰矿区', '6', '130406'), ('85', '邯郸县', '6', '130421'), ('86', '临漳县', '6', '621125'), ('87', '成安县', '6', '510724'), ('88', '大名县', '6', '130425'), ('89', '涉县', '6', '130426'), ('90', '磁县', '6', '130427'), ('91', '肥乡县', '6', '130428'), ('92', '永年县', '6', '130429'), ('93', '邱县', '6', '130430'), ('94', '鸡泽县', '6', '130431'), ('95', '广平县', '6', '130432'), ('96', '馆陶县', '6', '130433'), ('97', '魏县', '6', '130434'), ('98', '曲周县', '6', '130435'), ('99', '武安市', '6', '130481'), ('100', '桥东区', '7', '130702'), ('101', '桥西区', '7', '130703'), ('102', '邢台县', '7', '130521'), ('103', '临城县', '7', '130522'), ('104', '内丘县', '7', '130523'), ('105', '柏乡县', '7', '130524'), ('106', '隆尧县', '7', '130525'), ('107', '任县', '7', '130526'), ('108', '南和县', '7', '130527'), ('109', '宁晋县', '7', '130528'), ('110', '巨鹿县', '7', '130529'), ('111', '新河县', '7', '130530'), ('112', '广宗县', '7', '130531'), ('113', '平乡县', '7', '130532'), ('114', '威县', '7', '130533'), ('115', '清河县', '7', '130534'), ('116', '临西县', '7', '130535'), ('117', '南宫市', '7', '130581'), ('118', '沙河市', '7', '130582'), ('119', '新市区', '8', '650104'), ('120', '北市区', '8', '130603'), ('121', '南市区', '8', '130604'), ('122', '满城县', '8', '130621'), ('123', '清苑县', '8', '130622'), ('124', '涞水县', '8', '130623'), ('125', '阜平县', '8', '130624'), ('126', '徐水县', '8', '130625'), ('127', '定兴县', '8', '130626'), ('128', '唐县', '8', '130627'), ('129', '高阳县', '8', '130628'), ('130', '容城县', '8', '130629'), ('131', '涞源县', '8', '130630'), ('132', '望都县', '8', '130631'), ('133', '安新县', '8', '411523'), ('134', '易县', '8', '130633'), ('135', '曲阳县', '8', '130634'), ('136', '蠡县', '8', '130635'), ('137', '顺平县', '8', '130636'), ('138', '博野县', '8', '130637'), ('139', '雄县', '8', '130638'), ('140', '涿州市', '8', '130681'), ('141', '定州市', '8', '130682'), ('142', '安国市', '8', '130683'), ('143', '高碑店市', '8', '130684');
INSERT INTO `sys_qud_qux` VALUES ('144', '桥东区', '9', '130702'), ('145', '桥西区', '9', '130703'), ('146', '宣化区', '9', '130705'), ('147', '下花园区', '9', '130706'), ('148', '宣化县', '9', '130721'), ('149', '张北县', '9', '130722'), ('150', '康保县', '9', '130723'), ('151', '沽源县', '9', '130724'), ('152', '尚义县', '9', '130725'), ('153', '蔚县', '9', '130726'), ('154', '阳原县', '9', '130727'), ('155', '怀安县', '9', '510724'), ('156', '万全县', '9', '130729'), ('157', '怀来县', '9', '130730'), ('158', '涿鹿县', '9', '130731'), ('159', '赤城县', '9', '130732'), ('160', '崇礼县', '9', '621226'), ('161', '双桥区', '10', '500111'), ('162', '双滦区', '10', '130803'), ('163', '鹰手营子矿区', '10', '130804'), ('164', '承德县', '10', '130821'), ('165', '兴隆县', '10', '130822'), ('166', '平泉县', '10', '130823'), ('167', '滦平县', '10', '130824'), ('168', '隆化县', '10', '130825'), ('169', '丰宁满族自治县', '10', '130826'), ('170', '宽城满族自治县', '10', '130827'), ('171', '围场满族蒙古族自治县', '10', null), ('172', '新华区', '11', '410402'), ('173', '运河区', '11', '130903'), ('174', '沧县', '11', '130921'), ('175', '青县', '11', '130922'), ('176', '东光县', '11', '130923'), ('177', '海兴县', '11', '130924'), ('178', '盐山县', '11', '130925'), ('179', '肃宁县', '11', '621026'), ('180', '南皮县', '11', '130927'), ('181', '吴桥县', '11', '130928'), ('182', '献县', '11', '130929'), ('183', '孟村回族自治县', '11', '130930'), ('184', '泊头市', '11', '130981'), ('185', '任丘市', '11', '130982'), ('186', '黄骅市', '11', '130983'), ('187', '河间市', '11', '130984'), ('188', '安次区', '12', '131002'), ('189', '广阳区', '12', '131003'), ('190', '固安县', '12', '510724'), ('191', '永清县', '12', '131023'), ('192', '香河县', '12', '131024'), ('193', '大城县', '12', '131025'), ('194', '文安县', '12', '510724'), ('195', '大厂回族自治县', '12', '131028'), ('196', '霸州市', '12', '131081'), ('197', '三河市', '12', '131082'), ('198', '桃城区', '13', '131102'), ('199', '枣强县', '13', '131121'), ('200', '武邑县', '13', '131122'), ('201', '武强县', '13', '131123'), ('202', '饶阳县', '13', '131124'), ('203', '安平县', '13', '131125'), ('204', '故城县', '13', '131126'), ('205', '景县', '13', '131127'), ('206', '阜城县', '13', '131128'), ('207', '冀州市', '13', '131181'), ('208', '深州市', '13', '131182'), ('209', '小店区', '14', '140105'), ('210', '迎泽区', '14', '140106'), ('211', '杏花岭区', '14', '140107'), ('212', '尖草坪区', '14', '140108'), ('213', '万柏林区', '14', '140109'), ('214', '晋源区', '14', '140110'), ('215', '清徐县', '14', '140121'), ('216', '阳曲县', '14', '140122'), ('217', '娄烦县', '14', '140123'), ('218', '古交市', '14', '140181'), ('219', '城区', '15', null), ('220', '矿区', '15', null), ('221', '南郊区', '15', '140211'), ('222', '新荣区', '15', '140212'), ('223', '阳高县', '15', '511525'), ('224', '天镇县', '15', '140222'), ('225', '广灵县', '15', '140223'), ('226', '灵丘县', '15', '140224'), ('227', '浑源县', '15', '140225'), ('228', '左云县', '15', '530922'), ('229', '大同县', '15', '140227'), ('230', '城区', '16', null), ('231', '矿区', '16', null), ('232', '郊区', '16', null), ('233', '平定县', '16', '140321'), ('234', '盂县', '16', '140322'), ('235', '城区', '17', null), ('236', '郊区', '17', null), ('237', '长治县', '17', '140421'), ('238', '襄垣县', '17', '140423'), ('239', '屯留县', '17', '140424'), ('240', '平顺县', '17', '140425'), ('241', '黎城县', '17', '140426'), ('242', '壶关县', '17', '140427'), ('243', '长子县', '17', '140428');
INSERT INTO `sys_qud_qux` VALUES ('244', '武乡县', '17', '140429'), ('245', '沁县', '17', '140430'), ('246', '沁源县', '17', '140431'), ('247', '潞城市', '17', '140481'), ('248', '城区', '18', null), ('249', '沁水县', '18', '140521'), ('250', '阳城县', '18', '140522'), ('251', '陵川县', '18', '140524'), ('252', '泽州县', '18', '140525'), ('253', '高平市', '18', '140581'), ('254', '朔城区', '19', '140602'), ('255', '平鲁区', '19', '140603'), ('256', '山阴县', '19', '140621'), ('257', '应县', '19', '140622'), ('258', '右玉县', '19', '140623'), ('259', '怀仁县', '19', '140624'), ('260', '榆次区', '20', '140702'), ('261', '榆社县', '20', '140721'), ('262', '左权县', '20', '140722'), ('263', '和顺县', '20', '140723'), ('264', '昔阳县', '20', '140724'), ('265', '寿阳县', '20', '140725'), ('266', '太谷县', '20', '140726'), ('267', '祁县', '20', '140727'), ('268', '平遥县', '20', '140728'), ('269', '灵石县', '20', '140729'), ('270', '介休市', '20', '140781'), ('271', '盐湖区', '21', '140802'), ('272', '临猗县', '21', '140821'), ('273', '万荣县', '21', '510321'), ('274', '闻喜县', '21', '140823'), ('275', '稷山县', '21', '140824'), ('276', '新绛县', '21', '140826'), ('277', '绛县', '21', '140826'), ('278', '垣曲县', '21', '140827'), ('279', '夏县', '21', '140828'), ('280', '平陆县', '21', '140829'), ('281', '芮城县', '21', '140830'), ('282', '永济市', '21', '140881'), ('283', '河津市', '21', '140882'), ('284', '忻府区', '22', '140902'), ('285', '定襄县', '22', '140921'), ('286', '五台县', '22', '140922'), ('287', '代县', '22', '140923'), ('288', '繁峙县', '22', '140924'), ('289', '宁武县', '22', '140925'), ('290', '静乐县', '22', '140926'), ('291', '神池县', '22', '140927'), ('292', '五寨县', '22', '140928'), ('293', '岢岚县', '22', '141127'), ('294', '河曲县', '22', '140930'), ('295', '保德县', '22', '140931'), ('296', '偏关县', '22', '140932'), ('297', '原平市', '22', '140981'), ('298', '尧都区', '23', '141002'), ('299', '曲沃县', '23', '141021'), ('300', '翼城县', '23', '141022'), ('301', '襄汾县', '23', '141023'), ('302', '洪洞县', '23', '141024'), ('303', '古县', '23', '141025'), ('304', '安泽县', '23', '141026'), ('305', '浮山县', '23', '141027'), ('306', '吉县', '23', '141028'), ('307', '乡宁县', '23', '621026'), ('308', '大宁县', '23', '621026'), ('309', '隰县', '23', '141031'), ('310', '永和县', '23', '341424'), ('311', '蒲县', '23', '141033'), ('312', '汾西县', '23', '141034'), ('313', '侯马市', '23', '141081'), ('314', '霍州市', '23', '141082'), ('315', '离石区', '24', '141102'), ('316', '文水县', '24', '141121'), ('317', '交城县', '24', '141122'), ('318', '兴县', '24', '141123'), ('319', '临县', '24', '141124'), ('320', '柳林县', '24', '141125'), ('321', '石楼县', '24', '141126'), ('322', '岚县', '24', '141127'), ('323', '方山县', '24', '141128'), ('324', '中阳县', '24', '141129'), ('325', '交口县', '24', '141130'), ('326', '孝义市', '24', '141181'), ('327', '汾阳市', '24', '141182'), ('328', '新城区', '25', '610102'), ('329', '回民区', '25', '150103'), ('330', '玉泉区', '25', '150104'), ('331', '赛罕区', '25', '150105'), ('332', '土默特左旗', '25', '150121'), ('333', '托克托县', '25', '150122'), ('334', '和林格尔县', '25', '150123'), ('335', '清水河县', '25', '150124'), ('336', '武川县', '25', '150125'), ('337', '东河区', '26', '150202'), ('338', '昆都仑区', '26', '150203'), ('339', '青山区', '26', '420107'), ('340', '石拐区', '26', '150205'), ('341', '白云矿区', '26', '150206'), ('342', '九原区', '26', '150207'), ('343', '土默特右旗', '26', '150221');
INSERT INTO `sys_qud_qux` VALUES ('344', '固阳县', '26', '150222'), ('345', '达尔罕茂明安联合旗', '26', '150223'), ('346', '海勃湾区', '27', '150302'), ('347', '海南区', '27', '150303'), ('348', '乌达区', '27', '150304'), ('349', '红山区', '28', '150402'), ('350', '元宝山区', '28', '310113'), ('351', '松山区', '28', '150404'), ('352', '阿鲁科尔沁旗', '28', '150421'), ('353', '巴林左旗', '28', '150422'), ('354', '巴林右旗', '28', '150423'), ('355', '林西县', '28', '150424'), ('356', '克什克腾旗', '28', '150425'), ('357', '翁牛特旗', '28', '150426'), ('358', '喀喇沁旗', '28', '150428'), ('359', '宁城县', '28', '150429'), ('360', '敖汉旗', '28', '150430'), ('361', '科尔沁区', '29', '150502'), ('362', '科尔沁左翼中旗', '29', '150521'), ('363', '科尔沁左翼后旗', '29', '150522'), ('364', '开鲁县', '29', '150523'), ('365', '库伦旗', '29', '150524'), ('366', '奈曼旗', '29', '150525'), ('367', '扎鲁特旗', '29', '150526'), ('368', '霍林郭勒市', '29', '150581'), ('369', '东胜区', '30', '150602'), ('370', '达拉特旗', '30', '150621'), ('371', '准格尔旗', '30', '150622'), ('372', '鄂托克前旗', '30', '150623'), ('373', '鄂托克旗', '30', '150624'), ('374', '杭锦旗', '30', '150625'), ('375', '乌审旗', '30', '150626'), ('376', '伊金霍洛旗', '30', '150627'), ('377', '海拉尔区', '31', '150702'), ('378', '阿荣旗', '31', '150721'), ('379', '莫力达瓦达斡尔族自治旗', '31', '150722'), ('380', '鄂伦春自治旗', '31', '150723'), ('381', '鄂温克族自治旗', '31', '150724'), ('382', '陈巴尔虎旗', '31', '150725'), ('383', '新巴尔虎左旗', '31', '150726'), ('384', '新巴尔虎右旗', '31', '150727'), ('385', '满洲里市', '31', '150781'), ('386', '牙克石市', '31', '150782'), ('387', '扎兰屯市', '31', '150783'), ('388', '额尔古纳市', '31', '150784'), ('389', '根河市', '31', '150785'), ('390', '临河区', '32', '150802'), ('754', '锡山区', '75', '320205'), ('755', '惠山区', '75', '320206'), ('756', '滨湖区', '75', '320211'), ('757', '江阴市', '75', '320281'), ('758', '宜兴市', '75', '320282'), ('759', '鼓楼区', '76', '410204'), ('760', '云龙区', '76', '320303'), ('761', '九里区', '76', '320304'), ('762', '贾汪区', '76', '320305'), ('763', '泉山区', '76', '320311'), ('764', '丰县', '76', '320321'), ('765', '沛县', '76', '320322'), ('766', '铜山县', '76', '320323'), ('767', '睢宁县', '76', '621026'), ('768', '新沂市', '76', '320381'), ('769', '邳州市', '76', '320382'), ('770', '天宁区', '77', '320402'), ('771', '钟楼区', '77', '320404'), ('772', '戚墅堰区', '77', '320405'), ('773', '新北区', '77', '320411'), ('774', '武进区', '77', '320412'), ('775', '溧阳市', '77', '320481'), ('776', '金坛市', '77', '320482'), ('777', '沧浪区', '78', '320502'), ('778', '平江区', '78', '320503'), ('779', '金阊区', '78', '320504'), ('780', '虎丘区', '78', '320505'), ('781', '吴中区', '78', '320506'), ('782', '相城区', '78', '320507'), ('783', '常熟市', '78', '320581'), ('784', '张家港市', '78', '320582'), ('785', '昆山市', '78', '320583'), ('786', '吴江市', '78', '320584'), ('787', '太仓市', '78', '320585'), ('788', '崇川区', '79', '320602'), ('789', '港闸区', '79', '320611'), ('790', '海安县', '79', '510724'), ('791', '如东县', '79', '320623'), ('792', '启东市', '79', '320681'), ('793', '如皋市', '79', '320682'), ('794', '通州市', '79', '320683'), ('795', '海门市', '79', '320684'), ('796', '连云区', '80', '320703'), ('797', '新浦区', '80', '320705'), ('798', '海州区', '80', '320706'), ('799', '赣榆县', '80', '320721'), ('800', '东海县', '80', '320722'), ('801', '灌云县', '80', '530922'), ('802', '灌南县', '80', '430921'), ('803', '清河区', '81', '320802'), ('804', '楚州区', '81', '320803'), ('805', '淮阴区', '81', '320804'), ('806', '清浦区', '81', '320811');
INSERT INTO `sys_qud_qux` VALUES ('807', '涟水县', '81', '320826'), ('808', '洪泽县', '81', '320829'), ('809', '盱眙县', '81', '320830'), ('810', '金湖县', '81', '320831'), ('811', '亭湖区', '82', '320902'), ('812', '盐都区', '82', '320903'), ('813', '响水县', '82', '320921'), ('814', '滨海县', '82', '320922'), ('815', '阜宁县', '82', '621026'), ('816', '射阳县', '82', '320924'), ('817', '建湖县', '82', '320925'), ('818', '东台市', '82', '320981'), ('819', '大丰市', '82', '320982'), ('820', '广陵区', '83', '321002'), ('821', '邗江区', '83', '321003'), ('822', '维扬区', '83', '321011'), ('823', '宝应县', '83', '321023'), ('824', '仪征市', '83', '321081'), ('825', '高邮市', '83', '321084'), ('826', '江都市', '83', '321088'), ('827', '京口区', '84', '321102'), ('828', '润州区', '84', '321111'), ('829', '丹徒区', '84', '321112'), ('830', '丹阳市', '84', '321181'), ('831', '扬中市', '84', '321182'), ('832', '句容市', '84', '321183'), ('833', '海陵区', '85', '321202'), ('834', '高港区', '85', '321203'), ('835', '兴化市', '85', '321281'), ('836', '靖江市', '85', '321282'), ('837', '泰兴市', '85', '321283'), ('838', '姜堰市', '85', '321284'), ('839', '宿城区', '86', '321302'), ('840', '宿豫区', '86', '321311'), ('841', '沭阳县', '86', '321322'), ('842', '泗阳县', '86', '321323'), ('843', '泗洪县', '86', '321324'), ('844', '上城区', '87', '330102'), ('845', '下城区', '87', '330103'), ('846', '江干区', '87', '330104'), ('847', '拱墅区', '87', '330105'), ('848', '西湖区', '87', '360103'), ('849', '滨江区', '87', '330108'), ('850', '萧山区', '87', '330109'), ('851', '余杭区', '87', '330110'), ('852', '桐庐县', '87', '330122'), ('853', '淳安县', '87', '510724'), ('854', '建德市', '87', '330182'), ('855', '富阳市', '87', '330183'), ('856', '临安市', '87', '330185'), ('857', '海曙区', '88', '330203'), ('858', '江东区', '88', '330204'), ('859', '江北区', '88', '500105'), ('860', '北仑区', '88', '330206'), ('861', '镇海区', '88', '330211'), ('862', '鄞州区', '88', '330212'), ('863', '象山县', '88', '330225'), ('864', '宁海县', '88', '330226'), ('865', '余姚市', '88', '330281'), ('866', '慈溪市', '88', '330282'), ('867', '奉化市', '88', '330283'), ('868', '鹿城区', '89', '330302'), ('869', '龙湾区', '89', '330303'), ('870', '瓯海区', '89', '330304'), ('871', '洞头县', '89', '330322'), ('872', '永嘉县', '89', '330324'), ('873', '平阳县', '89', '330326'), ('874', '苍南县', '89', '430921'), ('875', '文成县', '89', '621221'), ('876', '泰顺县', '89', '330329'), ('877', '瑞安市', '89', '330381'), ('878', '乐清市', '89', '330382'), ('879', '秀城区', '90', '330402'), ('880', '秀洲区', '90', '330411'), ('881', '嘉善县', '90', '330421'), ('882', '海盐县', '90', '330424'), ('883', '海宁市', '90', '330481'), ('884', '平湖市', '90', '330482'), ('885', '桐乡市', '90', '330483'), ('886', '吴兴区', '91', '330502'), ('887', '南浔区', '91', '330503'), ('888', '德清县', '91', '330521'), ('889', '长兴县', '91', '330522'), ('890', '安吉县', '91', '330523'), ('891', '越城区', '92', '330602'), ('892', '绍兴县', '92', '330621'), ('893', '新昌县', '92', '330624'), ('894', '诸暨市', '92', '330681'), ('895', '上虞市', '92', '330682'), ('896', '嵊州市', '92', '330683'), ('897', '婺城区', '93', '330702'), ('898', '金东区', '93', '330703'), ('899', '武义县', '93', '330723'), ('900', '浦江县', '93', '330726'), ('901', '磐安县', '93', '510724'), ('902', '兰溪市', '93', '330781'), ('903', '义乌市', '93', '330782'), ('904', '东阳市', '93', '330783'), ('905', '永康市', '93', '330784'), ('906', '柯城区', '94', '330802');
INSERT INTO `sys_qud_qux` VALUES ('907', '衢江区', '94', '330803'), ('908', '常山县', '94', '330822'), ('909', '开化县', '94', '330824'), ('910', '龙游县', '94', '330825'), ('911', '江山市', '94', '330881'), ('912', '定海区', '95', '330902'), ('913', '普陀区', '95', '310107'), ('914', '岱山县', '95', '330921'), ('915', '嵊泗县', '95', '341324'), ('916', '椒江区', '96', '331002'), ('917', '黄岩区', '96', '331003'), ('918', '路桥区', '96', '331004'), ('919', '玉环县', '96', '621022'), ('920', '三门县', '96', '331022'), ('921', '天台县', '96', '331023'), ('922', '仙居县', '96', '331024'), ('923', '温岭市', '96', '331081'), ('924', '临海市', '96', '331082'), ('925', '莲都区', '97', '331102'), ('926', '青田县', '97', '331121'), ('927', '缙云县', '97', '530922'), ('928', '遂昌县', '97', '331123'), ('929', '松阳县', '97', '331124'), ('930', '云和县', '97', '341424'), ('931', '庆元县', '97', '331126'), ('932', '景宁畲族自治县', '97', '331127'), ('933', '龙泉市', '97', '331181'), ('934', '瑶海区', '98', '340102'), ('935', '庐阳区', '98', '340103'), ('936', '蜀山区', '98', '340104'), ('937', '包河区', '98', '340111'), ('938', '长丰县', '98', '320321'), ('939', '肥东县', '98', '340122'), ('940', '肥西县', '98', '340123'), ('941', '镜湖区', '99', '340202'), ('942', '马塘区', '99', null), ('943', '新芜区', '99', null), ('944', '鸠江区', '99', '340207'), ('945', '芜湖县', '99', '340221'), ('946', '繁昌县', '99', '340222'), ('947', '南陵县', '99', '371421'), ('948', '龙子湖区', '100', '340302'), ('949', '蚌山区', '100', '340303'), ('950', '禹会区', '100', '340304'), ('951', '淮上区', '100', '340311'), ('952', '怀远县', '100', '340321'), ('953', '五河县', '100', '340322'), ('954', '固镇县', '100', '340323'), ('955', '大通区', '101', '340402'), ('956', '田家庵区', '101', '340403'), ('957', '谢家集区', '101', '340404'), ('958', '八公山区', '101', '340405'), ('959', '潘集区', '101', '340406'), ('960', '凤台县', '101', '340421'), ('961', '金家庄区', '102', '340502'), ('962', '花山区', '102', '340503'), ('963', '雨山区', '102', '340504'), ('964', '当涂县', '102', '340521'), ('965', '杜集区', '103', '340602'), ('966', '相山区', '103', '340603'), ('967', '烈山区', '103', '340604'), ('968', '濉溪县', '103', '340621'), ('969', '铜官山区', '104', '340702'), ('970', '狮子山区', '104', '340703'), ('971', '郊区', '104', null), ('972', '铜陵县', '104', '371421'), ('973', '迎江区', '105', '340802'), ('974', '大观区', '105', '340803'), ('975', '郊区', '105', null), ('976', '怀宁县', '105', '621026'), ('977', '枞阳县', '105', '340823'), ('978', '潜山县', '105', '340824'), ('979', '太湖县', '105', '340825'), ('980', '宿松县', '105', '340826'), ('981', '望江县', '105', '340827'), ('982', '岳西县', '105', '340828'), ('983', '桐城市', '105', '340881'), ('984', '屯溪区', '106', '341002'), ('985', '黄山区', '106', '341003'), ('986', '徽州区', '106', '341004'), ('987', '歙县', '106', '341021'), ('988', '休宁县', '106', '621026'), ('989', '黟县', '106', '341023'), ('990', '祁门县', '106', '341024'), ('991', '琅琊区', '107', '341102'), ('992', '南谯区', '107', '341103'), ('993', '来安县', '107', '510724'), ('994', '全椒县', '107', '341124'), ('995', '定远县', '107', '341125'), ('996', '凤阳县', '107', '341126'), ('997', '天长市', '107', '341181'), ('998', '明光市', '107', '341182'), ('999', '颍州区', '108', '341202'), ('1000', '颍东区', '108', '341203'), ('1001', '颍泉区', '108', '341204'), ('2714', '互助土族自治县', '313', '632126'), ('2715', '化隆回族自治县', '313', '632127'), ('2716', '循化撒拉族自治县', '313', '632128'), ('2717', '门源回族自治县', '314', '632221'), ('2718', '祁连县', '314', '632222');
INSERT INTO `sys_qud_qux` VALUES ('2719', '海晏县', '314', '632223'), ('2720', '刚察县', '314', '632224'), ('2721', '同仁县', '315', '632321'), ('2722', '尖扎县', '315', '632322'), ('2723', '泽库县', '315', '632323'), ('2724', '河南蒙古族自治县', '315', '632324'), ('2725', '共和县', '316', '632521'), ('2726', '同德县', '316', '632522'), ('2727', '贵德县', '316', '632523'), ('2728', '兴海县', '316', '632524'), ('2729', '贵南县', '316', '430921'), ('2730', '玛沁县', '317', '632621'), ('2731', '班玛县', '317', '632622'), ('2732', '甘德县', '317', '632623'), ('2733', '达日县', '317', '632624'), ('2734', '久治县', '317', '632625'), ('2735', '玛多县', '317', '632626'), ('2736', '玉树县', '318', '632721'), ('2737', '杂多县', '318', '632722'), ('2738', '称多县', '318', '632723'), ('2739', '治多县', '318', '632724'), ('2740', '囊谦县', '318', '632725'), ('2741', '曲麻莱县', '318', '632726'), ('2742', '格尔木市', '319', '632801'), ('2743', '德令哈市', '319', '632802'), ('2744', '乌兰县', '319', '632821'), ('2745', '都兰县', '319', '632822'), ('2746', '天峻县', '319', '632823'), ('2747', '兴庆区', '320', '640104'), ('2748', '西夏区', '320', '640105'), ('2749', '金凤区', '320', '640106'), ('2750', '永宁县', '320', '640121'), ('2751', '贺兰县', '320', '640122'), ('2752', '灵武市', '320', '640181'), ('2753', '大武口区', '321', '640202'), ('2754', '惠农区', '321', '640205'), ('2755', '平罗县', '321', '640221'), ('2756', '利通区', '322', '640302'), ('2757', '盐池县', '322', '640323'), ('2758', '同心县', '322', '640324'), ('2759', '青铜峡市', '322', '640381'), ('2760', '原州区', '323', '640402'), ('2761', '西吉县', '323', '640422'), ('2762', '隆德县', '323', '640423'), ('2763', '泾源县', '323', '640424'), ('2764', '彭阳县', '323', '640425'), ('2765', '沙坡头区', '324', '440804'), ('2766', '中宁县', '324', '640521'), ('2767', '海原县', '324', '640522'), ('2768', '天山区', '325', '650102'), ('2769', '沙依巴克区', '325', '650103'), ('2770', '新市区', '325', '650104'), ('2771', '水磨沟区', '325', '650105'), ('2772', '头屯河区', '325', '650106'), ('2773', '达坂城区', '325', '650107'), ('2774', '东山区', '325', '650108'), ('2775', '乌鲁木齐县', '325', '650121'), ('2776', '独山子区', '326', '650202'), ('2777', '克拉玛依区', '326', '650203'), ('2778', '白碱滩区', '326', '650204'), ('2779', '乌尔禾区', '326', '650205'), ('2780', '吐鲁番市', '327', '652101'), ('2781', '鄯善县', '327', '652122'), ('2782', '托克逊县', '327', '652123'), ('2783', '哈密市', '328', '652201'), ('2784', '巴里坤哈萨克自治县', '328', '652222'), ('2785', '伊吾县', '328', '652223'), ('2786', '昌吉市', '329', '652301'), ('2787', '阜康市', '329', '652302'), ('2788', '米泉市', '329', '652303'), ('2789', '呼图壁县', '329', '652323'), ('2790', '玛纳斯县', '329', '652324'), ('2791', '奇台县', '329', '652325'), ('2792', '吉木萨尔县', '329', '652327'), ('2793', '木垒哈萨克自治县', '329', '652328'), ('2794', '博乐市', '330', '652701'), ('2795', '精河县', '330', '652722'), ('2796', '温泉县', '330', '652723'), ('1002', '临泉县', '108', '341221'), ('1003', '太和县', '108', '341424'), ('1004', '阜南县', '108', '430921'), ('1005', '颍上县', '108', '341226'), ('1006', '界首市', '108', '341282'), ('1007', '埇桥区', '109', '341302'), ('1008', '砀山县', '109', '341321'), ('1009', '萧县', '109', '341322'), ('1010', '灵璧县', '109', '341323'), ('1011', '泗县', '109', '341324'), ('1012', '居巢区', '110', '341402'), ('1013', '庐江县', '110', '341421'), ('1014', '无为县', '110', '341422'), ('1015', '含山县', '110', '341423'), ('1016', '和县', '110', '341424'), ('1017', '金安区', '111', '341502'), ('1018', '裕安区', '111', '341503'), ('1019', '寿县', '111', '341521'), ('1020', '霍邱县', '111', '130430'), ('1021', '舒城县', '111', '341523'), ('1022', '金寨县', '111', '341524'), ('1023', '霍山县', '111', '341525');
INSERT INTO `sys_qud_qux` VALUES ('1024', '谯城区', '112', '341602'), ('1025', '涡阳县', '112', '341621'), ('1026', '蒙城县', '112', '341622'), ('1027', '利辛县', '112', '341623'), ('1028', '贵池区', '113', '341702'), ('1029', '东至县', '113', '341721'), ('1030', '石台县', '113', '341722'), ('1031', '青阳县', '113', '341723'), ('1032', '宣州区', '114', '341802'), ('1033', '郎溪县', '114', '341821'), ('1034', '广德县', '114', '341822'), ('1035', '泾县', '114', '341823'), ('1036', '绩溪县', '114', '341824'), ('1037', '旌德县', '114', '341825'), ('1038', '宁国市', '114', '341881'), ('1039', '鼓楼区', '115', '410204'), ('1040', '台江区', '115', '350103'), ('1041', '仓山区', '115', '350104'), ('1042', '马尾区', '115', '350105'), ('1043', '晋安区', '115', '350111'), ('1044', '闽侯县', '115', '350121'), ('1045', '连江县', '115', '350122'), ('1046', '罗源县', '115', '350123'), ('1047', '闽清县', '115', '350124'), ('1048', '永泰县', '115', '350125'), ('1049', '平潭县', '115', '350128'), ('1050', '福清市', '115', '350181'), ('1051', '长乐市', '115', '350182'), ('1052', '思明区', '116', '350203'), ('1053', '海沧区', '116', '350205'), ('1054', '湖里区', '116', '350206'), ('1055', '集美区', '116', '350211'), ('1056', '同安区', '116', '350212'), ('1057', '翔安区', '116', '350213'), ('1058', '城厢区', '117', '350302'), ('1059', '涵江区', '117', '350303'), ('1060', '荔城区', '117', '350304'), ('1061', '秀屿区', '117', '350305'), ('1062', '仙游县', '117', '350322'), ('1063', '梅列区', '118', '350402'), ('1064', '三元区', '118', '350403'), ('1065', '明溪县', '118', '350421'), ('1066', '清流县', '118', '350423'), ('1067', '宁化县', '118', '350424'), ('1068', '大田县', '118', '350425'), ('1069', '尤溪县', '118', '350426'), ('1070', '沙县', '118', '350427'), ('1071', '将乐县', '118', '350428'), ('1072', '泰宁县', '118', '621026'), ('1073', '建宁县', '118', '621026'), ('1074', '永安市', '118', '350481'), ('1075', '鲤城区', '119', '350502'), ('1076', '丰泽区', '119', '350503'), ('1077', '洛江区', '119', '350504'), ('1078', '泉港区', '119', '350505'), ('1079', '惠安县', '119', '510724'), ('1080', '安溪县', '119', '350524'), ('1081', '永春县', '119', '350525'), ('1082', '德化县', '119', '350526'), ('1083', '金门县', '119', '350527'), ('1084', '石狮市', '119', '350581'), ('1085', '晋江市', '119', '350582'), ('1086', '南安市', '119', '350583'), ('1087', '芗城区', '120', '350602'), ('1088', '龙文区', '120', '350603'), ('1089', '云霄县', '120', '350622'), ('1090', '漳浦县', '120', '350623'), ('1091', '诏安县', '120', '510724'), ('1092', '长泰县', '120', '350625'), ('1093', '东山县', '120', '350626'), ('1094', '南靖县', '120', '350627'), ('1095', '平和县', '120', '350628'), ('1096', '华安县', '120', '510724'), ('1097', '龙海市', '120', '350681'), ('1098', '延平区', '121', '350702'), ('1099', '顺昌县', '121', '350721'), ('1100', '浦城县', '121', '350722'), ('1101', '光泽县', '121', '350723'), ('1102', '松溪县', '121', '350724'), ('1103', '政和县', '121', '350725'), ('1104', '邵武市', '121', '350781'), ('1105', '武夷山市', '121', '350782'), ('1106', '建瓯市', '121', '350783'), ('1107', '建阳市', '121', '350784'), ('1108', '新罗区', '122', '350802'), ('1109', '长汀县', '122', '350821'), ('1110', '永定县', '122', '350822'), ('1111', '上杭县', '122', '350823'), ('1112', '武平县', '122', '350824'), ('1113', '连城县', '122', '350825'), ('1114', '漳平市', '122', '350881'), ('1115', '蕉城区', '123', '350902'), ('1116', '霞浦县', '123', '350921'), ('1117', '古田县', '123', '350922'), ('1118', '屏南县', '123', '430921'), ('1119', '寿宁县', '123', '621026'), ('1120', '周宁县', '123', '621026'), ('1467', '陕县', '163', '411222'), ('1468', '卢氏县', '163', '411224'), ('1469', '义马市', '163', '411281');
INSERT INTO `sys_qud_qux` VALUES ('1470', '灵宝市', '163', '411282'), ('1471', '宛城区', '164', '411302'), ('1472', '卧龙区', '164', '411303'), ('1473', '南召县', '164', '411321'), ('1474', '方城县', '164', '411322'), ('1475', '西峡县', '164', '411323'), ('1476', '镇平县', '164', '411324'), ('1477', '内乡县', '164', '411325'), ('1478', '淅川县', '164', '411326'), ('1479', '社旗县', '164', '411327'), ('1480', '唐河县', '164', '411328'), ('1481', '新野县', '164', '411329'), ('1482', '桐柏县', '164', '411330'), ('1483', '邓州市', '164', '411381'), ('1484', '梁园区', '165', '411402'), ('1485', '睢阳区', '165', '411403'), ('1486', '民权县', '165', '411421'), ('1487', '睢县', '165', '411422'), ('1488', '宁陵县', '165', '411423'), ('1489', '柘城县', '165', '411424'), ('1490', '虞城县', '165', '411425'), ('1491', '夏邑县', '165', '411426'), ('1492', '永城市', '165', '411481'), ('1493', '浉河区', '166', '411502'), ('1494', '平桥区', '166', '411503'), ('1495', '罗山县', '166', '411521'), ('1496', '光山县', '166', '411522'), ('1497', '新县', '166', '411523'), ('1498', '商城县', '166', '411524'), ('1499', '固始县', '166', '411525'), ('1500', '潢川县', '166', '411526'), ('1501', '淮滨县', '166', '411527'), ('1502', '息县', '166', '411528'), ('1503', '川汇区', '167', '411602'), ('1504', '扶沟县', '167', '411621'), ('1505', '西华县', '167', '411622'), ('1506', '商水县', '167', '411623'), ('1507', '沈丘县', '167', '411624'), ('1508', '郸城县', '167', '411625'), ('1509', '淮阳县', '167', '411626'), ('1510', '太康县', '167', '411627'), ('1511', '鹿邑县', '167', '411628'), ('1512', '项城市', '167', '411681'), ('1513', '驿城区', '168', '411702'), ('1514', '西平县', '168', '411721'), ('1515', '上蔡县', '168', '411722'), ('1516', '平舆县', '168', '411723'), ('1517', '正阳县', '168', '411724'), ('1518', '确山县', '168', '411725'), ('1519', '泌阳县', '168', '411726'), ('1520', '汝南县', '168', '430921'), ('1521', '遂平县', '168', '411728'), ('1522', '新蔡县', '168', '411729'), ('1523', '江岸区', '169', '420102'), ('1524', '江汉区', '169', '420103'), ('1525', '硚口区', '169', '420104'), ('1526', '汉阳区', '169', '420105'), ('1527', '武昌区', '169', '420106'), ('1528', '青山区', '169', '420107'), ('1529', '洪山区', '169', '420111'), ('1530', '东西湖区', '169', '420112'), ('1531', '汉南区', '169', '420113'), ('1532', '蔡甸区', '169', '420114'), ('1533', '江夏区', '169', '420115'), ('1534', '黄陂区', '169', '420116'), ('1535', '新洲区', '169', '420117'), ('1536', '黄石港区', '170', '420202'), ('1537', '西塞山区', '170', '420203'), ('1538', '下陆区', '170', '420204'), ('1539', '铁山区', '170', '420205'), ('1540', '阳新县', '170', '420222'), ('1541', '大冶市', '170', '420281'), ('1542', '茅箭区', '171', '420302'), ('1543', '张湾区', '171', '420303'), ('1544', '郧县', '171', '420321'), ('1545', '郧西县', '171', '420322'), ('1546', '竹山县', '171', '420323'), ('1547', '竹溪县', '171', '420324'), ('1548', '房县', '171', '420325'), ('1549', '丹江口市', '171', '420381'), ('1550', '西陵区', '172', '420502'), ('1551', '伍家岗区', '172', '420503'), ('1552', '点军区', '172', '420504'), ('1553', '猇亭区', '172', '420505'), ('1554', '夷陵区', '172', '420506'), ('1555', '远安县', '172', '510724'), ('1556', '兴山县', '172', '420526'), ('1557', '秭归县', '172', '420527'), ('1558', '长阳土家族自治县', '172', '420528'), ('1559', '五峰土家族自治县', '172', '420529'), ('1560', '宜都市', '172', '420581'), ('1561', '当阳市', '172', '420582'), ('1562', '枝江市', '172', '420583'), ('1563', '襄城区', '173', '420602'), ('1564', '樊城区', '173', '420606'), ('1565', '襄阳区', '173', '420607'), ('1566', '南漳县', '173', '420624'), ('1567', '谷城县', '173', '420625'), ('1568', '保康县', '173', '420626'), ('1569', '老河口市', '173', '420682');
INSERT INTO `sys_qud_qux` VALUES ('1570', '枣阳市', '173', '420683'), ('1571', '宜城市', '173', '420684'), ('1572', '梁子湖区', '174', '420702'), ('1573', '华容区', '174', '420703'), ('1574', '鄂城区', '174', '420704'), ('1575', '东宝区', '175', '420802'), ('1576', '掇刀区', '175', '420804'), ('1577', '京山县', '175', '420821'), ('1578', '沙洋县', '175', '420822'), ('1579', '钟祥市', '175', '420881'), ('1580', '孝南区', '176', '420902'), ('1581', '孝昌县', '176', '420921'), ('1582', '大悟县', '176', '420922'), ('1583', '云梦县', '176', '420923'), ('1584', '应城市', '176', '420981'), ('1585', '安陆市', '176', '420982'), ('1586', '汉川市', '176', '420984'), ('1587', '沙市区', '177', '421002'), ('1588', '荆州区', '177', '421003'), ('1589', '公安县', '177', '510724'), ('1590', '监利县', '177', '421023'), ('1591', '江陵县', '177', '421024'), ('1592', '石首市', '177', '421081'), ('1593', '洪湖市', '177', '421083'), ('1594', '松滋市', '177', '421087'), ('1595', '黄州区', '178', '421102'), ('1596', '团风县', '178', '421121'), ('1597', '红安县', '178', '510724'), ('1598', '罗田县', '178', '421123'), ('1599', '英山县', '178', '421124'), ('1600', '浠水县', '178', '421125'), ('1601', '蕲春县', '178', '421126'), ('1602', '黄梅县', '178', '441421'), ('1603', '麻城市', '178', '421181'), ('1604', '武穴市', '178', '421182'), ('1605', '咸安区', '179', '421202'), ('1606', '嘉鱼县', '179', '421221'), ('1607', '通城县', '179', '421222'), ('1608', '崇阳县', '179', '421223'), ('1609', '通山县', '179', '421224'), ('1610', '赤壁市', '179', '421281'), ('1611', '曾都区', '180', '421302'), ('1612', '广水市', '180', '421381'), ('1613', '恩施市', '181', '422801'), ('1614', '利川市', '181', '422802'), ('1615', '建始县', '181', '422822'), ('1616', '巴东县', '181', '422823'), ('1617', '宣恩县', '181', '422825'), ('1618', '咸丰县', '181', '422826'), ('1619', '来凤县', '181', '422827'), ('1620', '鹤峰县', '181', '422828'), ('1621', '仙桃市', '182', '429004'), ('1622', '潜江市', '182', '429005'), ('1623', '天门市', '182', '429006'), ('1624', '神农架林区', '182', '429021'), ('1625', '芙蓉区', '183', '430102'), ('1626', '天心区', '183', '430103'), ('1627', '岳麓区', '183', '430104'), ('1628', '开福区', '183', '430105'), ('1629', '雨花区', '183', '430111'), ('1630', '长沙县', '183', '430121'), ('1631', '望城县', '183', '430122'), ('1632', '宁乡县', '183', '430124'), ('1633', '浏阳市', '183', '430181'), ('1634', '荷塘区', '184', '430202'), ('1635', '芦淞区', '184', '430203'), ('1636', '石峰区', '184', '430204'), ('1637', '天元区', '184', '430211'), ('1638', '株洲县', '184', '430221'), ('1639', '攸县', '184', '430223'), ('1640', '茶陵县', '184', '430224'), ('1641', '炎陵县', '184', '430225'), ('1642', '醴陵市', '184', '430281'), ('1643', '雨湖区', '185', '430302'), ('1644', '岳塘区', '185', '430304'), ('1645', '湘潭县', '185', '430321'), ('1646', '湘乡市', '185', '430381'), ('1647', '韶山市', '185', '430382'), ('1648', '珠晖区', '186', '430405'), ('1649', '雁峰区', '186', '430406'), ('1650', '石鼓区', '186', '430407'), ('1651', '蒸湘区', '186', '430408'), ('1652', '南岳区', '186', '430412'), ('1653', '衡阳县', '186', '430421'), ('1654', '衡南县', '186', '430921'), ('1655', '衡山县', '186', '430423'), ('1656', '衡东县', '186', '430424'), ('1657', '祁东县', '186', '430426'), ('1658', '耒阳市', '186', '430481'), ('1659', '常宁市', '186', '430482'), ('1660', '双清区', '187', '430502'), ('1661', '大祥区', '187', '430503'), ('1662', '北塔区', '187', '430511'), ('1663', '邵东县', '187', '430521'), ('1664', '新邵县', '187', '430522'), ('1665', '邵阳县', '187', '430523'), ('1666', '隆回县', '187', '430524'), ('1667', '洞口县', '187', '430525'), ('1668', '绥宁县', '187', '430527'), ('1669', '新宁县', '187', '430528');
INSERT INTO `sys_qud_qux` VALUES ('1670', '城步苗族自治县', '187', '430529'), ('1671', '武冈市', '187', '430581'), ('1672', '岳阳楼区', '188', '430602'), ('1673', '云溪区', '188', '430603'), ('1674', '君山区', '188', '430611'), ('1675', '岳阳县', '188', '430621'), ('1676', '华容县', '188', '450921'), ('1677', '湘阴县', '188', '430624'), ('1678', '平江县', '188', '430626'), ('1679', '汨罗市', '188', '430681'), ('1680', '临湘市', '188', '430682'), ('1681', '武陵区', '189', '430702'), ('1682', '鼎城区', '189', '430703'), ('1683', '安乡县', '189', '430721'), ('1684', '汉寿县', '189', '430722'), ('1685', '澧县', '189', '430723'), ('1686', '临澧县', '189', '430724'), ('1687', '桃源县', '189', '430725'), ('1688', '石门县', '189', '430726'), ('1689', '津市市', '189', '430781'), ('1690', '永定区', '190', '430802'), ('1691', '武陵源区', '190', '430811'), ('1692', '慈利县', '190', '430821'), ('1693', '桑植县', '190', '430822'), ('1694', '资阳区', '191', '430902'), ('1695', '赫山区', '191', '430903'), ('1696', '南县', '191', '430921'), ('1697', '桃江县', '191', '430922'), ('1698', '安化县', '191', '430923'), ('1699', '沅江市', '191', '430981'), ('1700', '北湖区', '192', '431002'), ('1701', '苏仙区', '192', '431003'), ('1702', '桂阳县', '192', '431021'), ('1703', '宜章县', '192', '431022'), ('1704', '永兴县', '192', '431023'), ('1705', '嘉禾县', '192', '431024'), ('1706', '临武县', '192', '431025'), ('1707', '汝城县', '192', '431026'), ('1708', '桂东县', '192', '431027'), ('1709', '安仁县', '192', '431028'), ('1710', '资兴市', '192', '431081'), ('1711', '芝山区', '193', null), ('1712', '冷水滩区', '193', '431103'), ('1713', '祁阳县', '193', '431121'), ('1714', '东安县', '193', '510724'), ('1715', '双牌县', '193', '431123'), ('1716', '道县', '193', '431124'), ('1717', '江永县', '193', '431125'), ('1718', '宁远县', '193', '431126'), ('1719', '蓝山县', '193', '431127'), ('1720', '新田县', '193', '431128'), ('1721', '江华瑶族自治县', '193', '431129'), ('1722', '鹤城区', '194', '431202'), ('1723', '中方县', '194', '431221'), ('1724', '沅陵县', '194', '431222'), ('1725', '辰溪县', '194', '431223'), ('1726', '溆浦县', '194', '431224'), ('1727', '会同县', '194', '431225'), ('1728', '麻阳苗族自治县', '194', '431226'), ('1729', '新晃侗族自治县', '194', '431227'), ('1730', '芷江侗族自治县', '194', '431228'), ('1731', '靖州苗族侗族自治县', '194', '431229'), ('1732', '通道侗族自治县', '194', '431230'), ('1733', '洪江市', '194', '431281'), ('1734', '娄星区', '195', '431302'), ('1735', '双峰县', '195', '431321'), ('1736', '新化县', '195', '431322'), ('1737', '冷水江市', '195', '431381'), ('1738', '涟源市', '195', '431382'), ('1739', '吉首市', '196', '433101'), ('1740', '泸溪县', '196', '433122'), ('1741', '凤凰县', '196', '433123'), ('1742', '花垣县', '196', '433124'), ('1743', '保靖县', '196', '433125'), ('1744', '古丈县', '196', '433126'), ('1745', '永顺县', '196', '433127'), ('1746', '龙山县', '196', '433130'), ('1747', '东山区', '197', '650108'), ('1748', '荔湾区', '197', '440103'), ('1749', '越秀区', '197', '440104'), ('1750', '海珠区', '197', '440105'), ('1751', '天河区', '197', '440106'), ('1752', '芳村区', '197', null), ('1753', '白云区', '197', '520113'), ('1754', '黄埔区', '197', '440112'), ('1755', '番禺区', '197', '440113'), ('1756', '花都区', '197', '440114'), ('1757', '增城市', '197', '440183'), ('1758', '从化市', '197', '440184'), ('1759', '武江区', '198', '440203'), ('1760', '浈江区', '198', '440204'), ('1761', '曲江区', '198', '440205'), ('1762', '始兴县', '198', '440222'), ('1763', '仁化县', '198', '440224'), ('1764', '翁源县', '198', '440229'), ('1765', '乳源瑶族自治县', '198', '440232'), ('1766', '新丰县', '198', '440233'), ('1767', '乐昌市', '198', '440281'), ('1768', '南雄市', '198', '440282'), ('1769', '罗湖区', '199', '440303');
INSERT INTO `sys_qud_qux` VALUES ('1770', '福田区', '199', '440304'), ('1771', '南山区', '199', '440305'), ('1772', '宝安区', '199', '440306'), ('1773', '龙岗区', '199', '440307'), ('1774', '盐田区', '199', '440308'), ('1775', '香洲区', '200', '440402'), ('1776', '斗门区', '200', '440403'), ('1777', '金湾区', '200', '440404'), ('1778', '龙湖区', '201', '440507'), ('1779', '金平区', '201', '440511'), ('1780', '濠江区', '201', '440512'), ('1781', '潮阳区', '201', '440513'), ('1782', '潮南区', '201', '440514'), ('1783', '澄海区', '201', '440515'), ('1784', '南澳县', '201', '440523'), ('1785', '禅城区', '202', '440604'), ('1786', '南海区', '202', '440605'), ('1787', '顺德区', '202', '440606'), ('1788', '三水区', '202', '440607'), ('1789', '高明区', '202', '440608'), ('1790', '蓬江区', '203', '440703'), ('1791', '江海区', '203', '440704'), ('1792', '新会区', '203', '440705'), ('1793', '台山市', '203', '440781'), ('1794', '开平市', '203', '440783'), ('1795', '鹤山市', '203', '440784'), ('1796', '恩平市', '203', '440785'), ('1797', '赤坎区', '204', '440802'), ('1798', '霞山区', '204', '440803'), ('1799', '坡头区', '204', '440804'), ('1800', '麻章区', '204', '440811'), ('1801', '遂溪县', '204', '440823'), ('1802', '徐闻县', '204', '440825'), ('1803', '廉江市', '204', '440881'), ('1804', '雷州市', '204', '440882'), ('1805', '吴川市', '204', '440883'), ('1806', '茂南区', '205', '440902'), ('1121', '柘荣县', '123', '510321'), ('1122', '福安市', '123', '350981'), ('1123', '福鼎市', '123', '350982'), ('1124', '东湖区', '124', '360102'), ('1125', '西湖区', '124', '360103'), ('391', '五原县', '32', '150821'), ('392', '磴口县', '32', '150822'), ('393', '乌拉特前旗', '32', '150823'), ('394', '乌拉特中旗', '32', '150824'), ('395', '乌拉特后旗', '32', '150825'), ('396', '杭锦后旗', '32', '150826'), ('397', '集宁区', '33', '150902'), ('398', '卓资县', '33', '150921'), ('399', '化德县', '33', '150922'), ('400', '商都县', '33', '150923'), ('401', '兴和县', '33', '341424'), ('402', '凉城县', '33', '150925'), ('403', '察哈尔右翼前旗', '33', '150926'), ('404', '察哈尔右翼中旗', '33', '150927'), ('405', '察哈尔右翼后旗', '33', '150928'), ('406', '四子王旗', '33', '150929'), ('407', '丰镇市', '33', '150981'), ('408', '乌兰浩特市', '34', '152201'), ('409', '阿尔山市', '34', '152202'), ('410', '科尔沁右翼前旗', '34', '152221'), ('411', '科尔沁右翼中旗', '34', '152222'), ('412', '扎赉特旗', '34', '152223'), ('413', '突泉县', '34', '152224'), ('414', '二连浩特市', '35', '152501'), ('415', '锡林浩特市', '35', '152502'), ('416', '阿巴嘎旗', '35', '152522'), ('417', '苏尼特左旗', '35', '152523'), ('418', '苏尼特右旗', '35', '152524'), ('419', '东乌珠穆沁旗', '35', '152525'), ('420', '西乌珠穆沁旗', '35', '152526'), ('421', '太仆寺旗', '35', '152527'), ('422', '镶黄旗', '35', '152528'), ('423', '正镶白旗', '35', '152529'), ('424', '正蓝旗', '35', '152530'), ('425', '多伦县', '35', '152531'), ('426', '阿拉善左旗', '36', '152921'), ('427', '阿拉善右旗', '36', '152922'), ('428', '额济纳旗', '36', '152923'), ('429', '和平区', '37', '120101'), ('430', '沈河区', '37', '210103'), ('431', '大东区', '37', '210104'), ('432', '皇姑区', '37', '210105'), ('433', '铁西区', '37', '220302'), ('434', '苏家屯区', '37', '210111'), ('435', '东陵区', '37', '210112'), ('436', '新城子区', '37', '210113'), ('437', '于洪区', '37', '210114'), ('438', '辽中县', '37', '210122'), ('439', '康平县', '37', '210123'), ('440', '法库县', '37', '210124'), ('441', '新民市', '37', '210181'), ('442', '中山区', '38', '210202'), ('443', '西岗区', '38', '210203'), ('444', '沙河口区', '38', '370503'), ('445', '甘井子区', '38', '210211'), ('446', '旅顺口区', '38', '210212'), ('447', '金州区', '38', '210213'), ('448', '长海县', '38', '210224');
INSERT INTO `sys_qud_qux` VALUES ('449', '瓦房店市', '38', '210281'), ('450', '普兰店市', '38', '210282'), ('451', '庄河市', '38', '210283'), ('452', '铁东区', '39', '220303'), ('453', '铁西区', '39', '220302'), ('454', '立山区', '39', '210304'), ('455', '千山区', '39', '210311'), ('456', '台安县', '39', '510724'), ('457', '岫岩满族自治县', '39', '210323'), ('458', '海城市', '39', '210381'), ('459', '新抚区', '40', '210402'), ('460', '东洲区', '40', '210403'), ('461', '望花区', '40', '210404'), ('462', '顺城区', '40', '210411'), ('463', '抚顺县', '40', '210421'), ('464', '新宾满族自治县', '40', '210422'), ('465', '清原满族自治县', '40', '210423'), ('466', '平山区', '41', '210502'), ('467', '溪湖区', '41', '210503'), ('468', '明山区', '41', '210504'), ('469', '南芬区', '41', '210505'), ('470', '本溪满族自治县', '41', '210521'), ('471', '桓仁满族自治县', '41', '210522'), ('472', '元宝区', '42', '210602'), ('473', '振兴区', '42', '210603'), ('474', '振安区', '42', '210604'), ('475', '宽甸满族自治县', '42', '210624'), ('476', '东港市', '42', '210681'), ('477', '凤城市', '42', '210682'), ('478', '古塔区', '43', '210702'), ('479', '凌河区', '43', '210703'), ('480', '太和区', '43', '210711'), ('481', '黑山县', '43', '210726'), ('482', '义县', '43', '210727'), ('483', '凌海市', '43', '210781'), ('484', '北宁市', '43', '210782'), ('485', '站前区', '44', '210802'), ('486', '西市区', '44', '210803'), ('487', '鲅鱼圈区', '44', '210804'), ('488', '老边区', '44', '210811'), ('489', '盖州市', '44', '210881'), ('490', '大石桥市', '44', '210882'), ('491', '海州区', '45', '320706'), ('492', '新邱区', '45', '210903'), ('493', '太平区', '45', '210904'), ('494', '清河门区', '45', '210905'), ('495', '细河区', '45', '210911'), ('496', '阜新蒙古族自治县', '45', '210921'), ('497', '彰武县', '45', '210922'), ('498', '白塔区', '46', '211002'), ('499', '文圣区', '46', '211003'), ('500', '宏伟区', '46', '211004'), ('501', '弓长岭区', '46', '211005'), ('502', '太子河区', '46', '211011'), ('503', '辽阳县', '46', '211021'), ('504', '灯塔市', '46', '211081'), ('505', '双台子区', '47', '211102'), ('506', '兴隆台区', '47', '211103'), ('507', '大洼县', '47', '211121'), ('508', '盘山县', '47', '211122'), ('509', '银州区', '48', '211202'), ('510', '清河区', '48', '320802'), ('511', '铁岭县', '48', '211221'), ('512', '西丰县', '48', '320321'), ('513', '昌图县', '48', '211224'), ('514', '调兵山市', '48', '211281'), ('515', '开原市', '48', '211282'), ('516', '双塔区', '49', '211302'), ('517', '龙城区', '49', '211303'), ('518', '朝阳县', '49', '211321'), ('519', '建平县', '49', '211322'), ('520', '喀喇沁左翼蒙古族自治县', '49', '211324'), ('521', '北票市', '49', '211381'), ('522', '凌源市', '49', '211382'), ('523', '连山区', '50', '211402'), ('524', '龙港区', '50', '211403'), ('525', '南票区', '50', '211404'), ('526', '绥中县', '50', '211421'), ('527', '建昌县', '50', '211422'), ('528', '兴城市', '50', '211481'), ('529', '南关区', '51', '220102'), ('530', '宽城区', '51', '220103'), ('531', '朝阳区', '51', '110105'), ('532', '二道区', '51', '220105'), ('533', '绿园区', '51', '220106'), ('534', '双阳区', '51', '220112'), ('535', '农安县', '51', '510724'), ('536', '九台市', '51', '220181'), ('537', '榆树市', '51', '220182'), ('538', '德惠市', '51', '220183'), ('539', '昌邑区', '52', '220202'), ('540', '龙潭区', '52', '220203'), ('541', '船营区', '52', '220204'), ('542', '丰满区', '52', '220211'), ('543', '永吉县', '52', '220221'), ('544', '蛟河市', '52', '220281'), ('545', '桦甸市', '52', '220282'), ('546', '舒兰市', '52', '220283'), ('547', '磐石市', '52', '220284'), ('548', '铁西区', '53', '220302');
INSERT INTO `sys_qud_qux` VALUES ('549', '铁东区', '53', '220303'), ('550', '梨树县', '53', '220322'), ('551', '伊通满族自治县', '53', '220323'), ('552', '公主岭市', '53', '220381'), ('553', '双辽市', '53', '220382'), ('554', '龙山区', '54', '220402'), ('555', '西安区', '54', '231005'), ('556', '东丰县', '54', '320321'), ('557', '东辽县', '54', '220422'), ('558', '东昌区', '55', '220502'), ('559', '二道江区', '55', '220503'), ('560', '通化县', '55', '220521'), ('561', '辉南县', '55', '430921'), ('562', '柳河县', '55', '220524'), ('563', '梅河口市', '55', '220581'), ('564', '集安市', '55', '220582'), ('565', '八道江区', '56', '220602'), ('566', '抚松县', '56', '220621'), ('567', '靖宇县', '56', '220622'), ('568', '长白朝鲜族自治县', '56', '220623'), ('569', '江源县', '56', '220604'), ('570', '临江市', '56', '220681'), ('571', '宁江区', '57', '220702'), ('572', '前郭尔罗斯蒙古族自治县', '57', '220721'), ('573', '长岭县', '57', '220722'), ('574', '乾安县', '57', '510724'), ('575', '扶余县', '57', '220724'), ('576', '洮北区', '58', '220802'), ('577', '镇赉县', '58', '220821'), ('578', '通榆县', '58', '220822'), ('579', '洮南市', '58', '220881'), ('580', '大安市', '58', '220882'), ('581', '延吉市', '59', '222401'), ('582', '图们市', '59', '222402'), ('583', '敦化市', '59', '222403'), ('584', '珲春市', '59', '222404'), ('585', '龙井市', '59', '222405'), ('586', '和龙市', '59', '222406'), ('587', '汪清县', '59', '222424'), ('588', '安图县', '59', '222426'), ('589', '道里区', '60', '230102'), ('590', '南岗区', '60', '230103'), ('591', '道外区', '60', '230104'), ('592', '香坊区', '60', '230110'), ('593', '动力区', '60', null), ('594', '平房区', '60', '230108'), ('595', '松北区', '60', '230109'), ('596', '呼兰区', '60', '230111'), ('597', '依兰县', '60', '230123'), ('598', '方正县', '60', '230124'), ('599', '宾县', '60', '230125'), ('600', '巴彦县', '60', '230126'), ('1126', '青云谱区', '124', '360104'), ('1127', '湾里区', '124', '360105'), ('1128', '青山湖区', '124', '360111'), ('1129', '南昌县', '124', '360121'), ('1130', '新建县', '124', '360122'), ('1131', '安义县', '124', '360123'), ('1132', '进贤县', '124', '360124'), ('1133', '昌江区', '125', '360202'), ('1134', '珠山区', '125', '360203'), ('1135', '浮梁县', '125', '360222'), ('1136', '乐平市', '125', '360281'), ('1137', '安源区', '126', '360302'), ('1138', '湘东区', '126', '360313'), ('1139', '莲花县', '126', '360321'), ('1140', '上栗县', '126', '360322'), ('1141', '芦溪县', '126', '360323'), ('1142', '庐山区', '127', '360402'), ('1143', '浔阳区', '127', '360403'), ('1144', '九江县', '127', '360421'), ('1145', '武宁县', '127', '621026'), ('1146', '修水县', '127', '360424'), ('1147', '永修县', '127', '360425'), ('1148', '德安县', '127', '510724'), ('1149', '星子县', '127', '360427'), ('1150', '都昌县', '127', '360428'), ('1151', '湖口县', '127', '360429'), ('1152', '彭泽县', '127', '360430'), ('1153', '瑞昌市', '127', '360481'), ('1154', '渝水区', '128', '360502'), ('1155', '分宜县', '128', '360521'), ('1156', '月湖区', '129', '360602'), ('1157', '余江县', '129', '360622'), ('1158', '贵溪市', '129', '360681'), ('1159', '章贡区', '130', '360702'), ('1160', '赣县', '130', '360721'), ('1161', '信丰县', '130', '360722'), ('1162', '大余县', '130', '360723'), ('1163', '上犹县', '130', '360724'), ('1164', '崇义县', '130', '360725'), ('1165', '安远县', '130', '360726'), ('1166', '龙南县', '130', '430921'), ('1167', '定南县', '130', '430921'), ('1168', '全南县', '130', '430921'), ('1169', '宁都县', '130', '360730'), ('1170', '于都县', '130', '360731'), ('1171', '兴国县', '130', '360732'), ('1172', '会昌县', '130', '360733'), ('1173', '寻乌县', '130', '360734');
INSERT INTO `sys_qud_qux` VALUES ('1174', '石城县', '130', '360735'), ('1175', '瑞金市', '130', '360781'), ('1176', '南康市', '130', '360782'), ('1177', '吉州区', '131', '360802'), ('1178', '青原区', '131', '360803'), ('1179', '吉安县', '131', '510724'), ('1180', '吉水县', '131', '360822'), ('1181', '峡江县', '131', '360823'), ('1182', '新干县', '131', '360824'), ('1183', '永丰县', '131', '360825'), ('1184', '泰和县', '131', '360826'), ('1185', '遂川县', '131', '360827'), ('1186', '万安县', '131', '510724'), ('1187', '安福县', '131', '360829'), ('1188', '永新县', '131', '411523'), ('1189', '井冈山市', '131', '360881'), ('1190', '袁州区', '132', '360902'), ('1191', '奉新县', '132', '411523'), ('1192', '万载县', '132', '360922'), ('1193', '上高县', '132', '511525'), ('1194', '宜丰县', '132', '360924'), ('1195', '靖安县', '132', '510724'), ('1196', '铜鼓县', '132', '360926'), ('1197', '丰城市', '132', '360981'), ('1198', '樟树市', '132', '360982'), ('1199', '高安市', '132', '360983'), ('1200', '临川区', '133', '361002'), ('1201', '南城县', '133', '361021'), ('1202', '黎川县', '133', '361022'), ('1203', '南丰县', '133', '361023'), ('1204', '崇仁县', '133', '361024'), ('1205', '乐安县', '133', '510724'), ('1206', '宜黄县', '133', '361026'), ('1207', '金溪县', '133', '361027'), ('1208', '资溪县', '133', '361028'), ('1209', '东乡县', '133', '361029'), ('1210', '广昌县', '133', '361030'), ('1211', '信州区', '134', '361102'), ('1212', '上饶县', '134', '361121'), ('1213', '广丰县', '134', '361122'), ('1214', '玉山县', '134', '361123'), ('1215', '铅山县', '134', '361124'), ('1216', '横峰县', '134', '361125'), ('1217', '弋阳县', '134', '361126'), ('1218', '余干县', '134', '361127'), ('1219', '鄱阳县', '134', '361128'), ('1220', '万年县', '134', '361129'), ('1221', '婺源县', '134', '361130'), ('1222', '德兴市', '134', '361181'), ('1223', '历下区', '135', '370102'), ('1224', '市中区', '135', '511102'), ('1225', '槐荫区', '135', '370104'), ('1226', '天桥区', '135', '370105'), ('1227', '历城区', '135', '370112'), ('1228', '长清区', '135', '370113'), ('1229', '平阴县', '135', '370124'), ('1230', '济阳县', '135', '370125'), ('1231', '商河县', '135', '370126'), ('1232', '章丘市', '135', '370181'), ('1233', '市南区', '136', '370202'), ('1234', '市北区', '136', '370203'), ('1235', '四方区', '136', '370205'), ('1236', '黄岛区', '136', '370211'), ('1237', '崂山区', '136', '370212'), ('1238', '李沧区', '136', '370213'), ('1239', '城阳区', '136', '370214'), ('1240', '胶州市', '136', '370281'), ('1241', '即墨市', '136', '370282'), ('1242', '平度市', '136', '370283'), ('1243', '胶南市', '136', '370284'), ('1244', '莱西市', '136', '370285'), ('1245', '淄川区', '137', '370302'), ('1246', '张店区', '137', '370303'), ('1247', '博山区', '137', '370304'), ('1248', '临淄区', '137', '370305'), ('1249', '周村区', '137', '370306'), ('1250', '桓台县', '137', '370321'), ('1251', '高青县', '137', '370322'), ('1252', '沂源县', '137', '370323'), ('1253', '市中区', '138', '511102'), ('1254', '薛城区', '138', '370403'), ('1255', '峄城区', '138', '370404'), ('1256', '台儿庄区', '138', '370405'), ('1257', '山亭区', '138', '370406'), ('1258', '滕州市', '138', '370481'), ('1259', '东营区', '139', '370502'), ('1260', '河口区', '139', '370503'), ('1261', '垦利县', '139', '370521'), ('1262', '利津县', '139', '370522'), ('1263', '广饶县', '139', '370523'), ('1264', '芝罘区', '140', '370602'), ('1265', '福山区', '140', '370611'), ('1266', '牟平区', '140', '370612'), ('1267', '莱山区', '140', '370613'), ('1268', '长岛县', '140', '370634'), ('1269', '龙口市', '140', '370681'), ('1270', '莱阳市', '140', '370682'), ('1271', '莱州市', '140', '370683'), ('1272', '蓬莱市', '140', '370684'), ('1273', '招远市', '140', '370685');
INSERT INTO `sys_qud_qux` VALUES ('1274', '栖霞市', '140', '370686'), ('1275', '海阳市', '140', '370687'), ('1276', '潍城区', '141', '370702'), ('1277', '寒亭区', '141', '370703'), ('1278', '坊子区', '141', '370704'), ('1279', '奎文区', '141', '370705'), ('1280', '临朐县', '141', '370724'), ('1281', '昌乐县', '141', '370725'), ('1282', '青州市', '141', '370781'), ('1283', '诸城市', '141', '370782'), ('1284', '寿光市', '141', '370783'), ('1285', '安丘市', '141', '370784'), ('1286', '高密市', '141', '370785'), ('1287', '昌邑市', '141', '370786'), ('1288', '市中区', '142', '511102'), ('1289', '任城区', '142', '370811'), ('1290', '微山县', '142', '370826'), ('1291', '鱼台县', '142', '370827'), ('1292', '金乡县', '142', '370828'), ('1293', '嘉祥县', '142', '370829'), ('1294', '汶上县', '142', '370830'), ('1295', '泗水县', '142', '370831'), ('1296', '梁山县', '142', '370832'), ('1297', '曲阜市', '142', '370881'), ('1298', '兖州市', '142', '370882'), ('1299', '邹城市', '142', '370883'), ('1300', '泰山区', '143', '370902'), ('1301', '岱岳区', '143', '370903'), ('1302', '宁阳县', '143', '370921'), ('1303', '东平县', '143', '370923'), ('1304', '新泰市', '143', '370982'), ('1305', '肥城市', '143', '370983'), ('1306', '环翠区', '144', '371002'), ('1307', '文登市', '144', '371081'), ('1308', '荣成市', '144', '371082'), ('1309', '乳山市', '144', '371083'), ('1310', '东港区', '145', '371102'), ('1311', '岚山区', '145', '371103'), ('1312', '五莲县', '145', '371121'), ('1313', '莒县', '145', '371122'), ('1314', '莱城区', '146', '371202'), ('1315', '钢城区', '146', '371203'), ('1316', '兰山区', '147', '371302'), ('1317', '罗庄区', '147', '371311'), ('1318', '河东区', '147', '371312'), ('1319', '沂南县', '147', '430921'), ('1320', '郯城县', '147', '371322'), ('1321', '沂水县', '147', '371323'), ('1322', '苍山县', '147', '371324'), ('1323', '费县', '147', '371325'), ('1324', '平邑县', '147', '371326'), ('1325', '莒南县', '147', '430921'), ('1326', '蒙阴县', '147', '371328'), ('1327', '临沭县', '147', '371329'), ('1328', '德城区', '148', '371402'), ('1329', '陵县', '148', '371421'), ('1330', '宁津县', '148', '371422'), ('1331', '庆云县', '148', '530922'), ('1332', '临邑县', '148', '371424'), ('1333', '齐河县', '148', '371425'), ('1334', '平原县', '148', '371426'), ('1335', '夏津县', '148', '371427'), ('1336', '武城县', '148', '371428'), ('1337', '乐陵市', '148', '371481'), ('1338', '禹城市', '148', '371482'), ('1339', '东昌府区', '149', '371502'), ('1340', '阳谷县', '149', '371521'), ('1341', '莘县', '149', '371522'), ('1342', '茌平县', '149', '371523'), ('1343', '东阿县', '149', '371524'), ('1344', '冠县', '149', '371525'), ('1345', '高唐县', '149', '371526'), ('1346', '临清市', '149', '371581'), ('1347', '滨城区', '150', '371602'), ('1348', '惠民县', '150', '371621'), ('1349', '阳信县', '150', '371622'), ('1350', '无棣县', '150', '371623'), ('1351', '沾化县', '150', '371624'), ('1352', '博兴县', '150', '371625'), ('1353', '邹平县', '150', '371626'), ('1354', '牡丹区', '151', '371702'), ('1355', '曹县', '151', '371721'), ('1356', '单县', '151', '371722'), ('1357', '成武县', '151', '371723'), ('1358', '巨野县', '151', '371724'), ('1359', '郓城县', '151', '371725'), ('1360', '鄄城县', '151', '371726'), ('1361', '定陶县', '151', '371727'), ('1362', '东明县', '151', '371728'), ('1363', '中原区', '152', '410102'), ('1364', '二七区', '152', '410103'), ('1365', '管城回族区', '152', '410104'), ('1366', '金水区', '152', '410105'), ('1367', '上街区', '152', '410106'), ('1368', '惠济区', '152', '410108'), ('1369', '中牟县', '152', '410122'), ('1370', '巩义市', '152', '410181'), ('1371', '荥阳市', '152', '410182'), ('1372', '新密市', '152', '410183'), ('1373', '新郑市', '152', '410184');
INSERT INTO `sys_qud_qux` VALUES ('1374', '登封市', '152', '410185'), ('1375', '龙亭区', '153', '410202'), ('1376', '顺河回族区', '153', '410203'), ('1377', '鼓楼区', '153', '410204'), ('1378', '南关区', '153', '220102'), ('1379', '郊区', '153', null), ('1380', '杞县', '153', '410221'), ('1381', '通许县', '153', '410222'), ('1382', '尉氏县', '153', '410223'), ('1383', '开封县', '153', '410224'), ('1384', '兰考县', '153', '410225'), ('1385', '老城区', '154', '410302'), ('1386', '西工区', '154', '410303'), ('1387', '廛河回族区', '154', '410304'), ('1388', '涧西区', '154', '410305'), ('1389', '吉利区', '154', '410306'), ('1390', '洛龙区', '154', '410307'), ('1391', '孟津县', '154', '410322'), ('1392', '新安县', '154', '510724'), ('1393', '栾川县', '154', '410324'), ('1394', '嵩县', '154', '410325'), ('1395', '汝阳县', '154', '410326'), ('1396', '宜阳县', '154', '410327'), ('1397', '洛宁县', '154', '410328'), ('1398', '伊川县', '154', '410329'), ('1399', '偃师市', '154', '410381'), ('1400', '新华区', '155', '410402'), ('1401', '卫东区', '155', '410403'), ('1402', '石龙区', '155', '410404'), ('1403', '湛河区', '155', '410411'), ('1404', '宝丰县', '155', '410421'), ('1405', '叶县', '155', '410422'), ('1406', '鲁山县', '155', '410423'), ('1407', '郏县', '155', '410425'), ('1408', '舞钢市', '155', '410481'), ('1409', '汝州市', '155', '410482'), ('1410', '文峰区', '156', '410502'), ('1411', '北关区', '156', '410503'), ('1412', '殷都区', '156', '410505'), ('1413', '龙安区', '156', '410506'), ('1414', '安阳县', '156', '410522'), ('1415', '汤阴县', '156', '410523'), ('1416', '滑县', '156', '410526'), ('1417', '内黄县', '156', '410527'), ('1418', '林州市', '156', '410581'), ('1419', '鹤山区', '157', '410602'), ('1420', '山城区', '157', '410603'), ('1421', '淇滨区', '157', '410611'), ('1422', '浚县', '157', '410621'), ('1423', '淇县', '157', '410622'), ('1424', '红旗区', '158', '410702'), ('1425', '卫滨区', '158', '410703'), ('1426', '凤泉区', '158', '410704'), ('1427', '牧野区', '158', '410711'), ('1428', '新乡县', '158', '410721'), ('1429', '获嘉县', '158', '410724'), ('1430', '原阳县', '158', '410725'), ('1431', '延津县', '158', '410726'), ('1432', '封丘县', '158', '410727'), ('1433', '长垣县', '158', '410728'), ('1434', '卫辉市', '158', '410781'), ('1435', '辉县市', '158', '410782'), ('1436', '解放区', '159', '410802'), ('1437', '中站区', '159', '410803'), ('1438', '马村区', '159', '410804'), ('1439', '山阳区', '159', '410811'), ('1440', '修武县', '159', '410821'), ('1441', '博爱县', '159', '410822'), ('1442', '武陟县', '159', '410823'), ('1443', '温县', '159', '410825'), ('1444', '济源市', '159', '410881'), ('1445', '沁阳市', '159', '410882'), ('1446', '孟州市', '159', '410883'), ('1447', '华龙区', '160', '410902'), ('1448', '清丰县', '160', '410922'), ('1449', '南乐县', '160', '410923'), ('1450', '范县', '160', '410926'), ('1451', '台前县', '160', '410927'), ('1452', '濮阳县', '160', '410928'), ('1453', '魏都区', '161', '411002'), ('1454', '许昌县', '161', '411023'), ('1455', '鄢陵县', '161', '411024'), ('1456', '襄城县', '161', '411025'), ('1457', '禹州市', '161', '411081'), ('1458', '长葛市', '161', '411082'), ('1459', '源汇区', '162', '411102'), ('1460', '郾城区', '162', '411103'), ('1461', '召陵区', '162', '411104'), ('1462', '舞阳县', '162', '411121'), ('1463', '临颍县', '162', '411122'), ('1464', '市辖区', '163', '540101'), ('1465', '湖滨区', '163', '411202'), ('1466', '渑池县', '163', '411221'), ('1', '东城区', '1', '110101'), ('2', '西城区', '1', '110102'), ('3', '崇文区', '1', '110103'), ('4', '宣武区', '1', '110104'), ('5', '朝阳区', '1', '110105'), ('6', '丰台区', '1', '110106'), ('7', '石景山区', '1', '110107');
INSERT INTO `sys_qud_qux` VALUES ('8', '海淀区', '1', '110108'), ('9', '门头沟区', '1', '110109'), ('10', '房山区', '1', '110111'), ('11', '通州区', '1', '110112'), ('12', '顺义区', '1', '110113'), ('13', '昌平区', '1', '110114'), ('14', '大兴区', '1', '110115'), ('15', '怀柔区', '1', '110116'), ('16', '平谷区', '1', '110117'), ('17', '密云县', '1', '530922'), ('18', '延庆县', '1', '110229'), ('19', '和平区', '2', '120101'), ('20', '河东区', '2', '371312'), ('21', '河西区', '2', '120103'), ('22', '南开区', '2', '120104'), ('23', '河北区', '2', '120105'), ('24', '红桥区', '2', '120106'), ('25', '塘沽区', '2', '120107'), ('26', '汉沽区', '2', '120108'), ('27', '大港区', '2', '120109'), ('28', '东丽区', '2', '120110'), ('29', '西青区', '2', '120111'), ('30', '津南区', '2', '120112'), ('31', '北辰区', '2', '120113'), ('32', '武清区', '2', '120114'), ('33', '宝坻区', '2', '120115'), ('34', '宁河县', '2', '120221'), ('35', '静海县', '2', '120223'), ('36', '蓟县', '2', '120225'), ('37', '长安区', '3', '610116'), ('38', '桥东区', '3', '130702'), ('39', '桥西区', '3', '130703'), ('40', '新华区', '3', '410402'), ('41', '井陉矿区', '3', '130107'), ('42', '裕华区', '3', '130108'), ('43', '井陉县', '3', '130121'), ('44', '正定县', '3', '130123'), ('45', '栾城县', '3', '130124'), ('46', '行唐县', '3', '130627'), ('47', '灵寿县', '3', '130126'), ('48', '高邑县', '3', '130127'), ('49', '深泽县', '3', '130128'), ('50', '赞皇县', '3', '130129'), ('51', '无极县', '3', '130130'), ('52', '平山县', '3', '130131'), ('53', '元氏县', '3', '130132'), ('54', '赵县', '3', '130133'), ('55', '辛集市', '3', '130181'), ('56', '藁城市', '3', '130182'), ('57', '晋州市', '3', '130183'), ('58', '新乐市', '3', '130184'), ('59', '鹿泉市', '3', '130185'), ('60', '路南区', '4', '130202'), ('61', '路北区', '4', '130203'), ('62', '古冶区', '4', '130204'), ('63', '开平区', '4', '130205'), ('64', '丰南区', '4', '130207'), ('65', '丰润区', '4', '130208'), ('66', '滦县', '4', '130223'), ('67', '滦南县', '4', '430921'), ('68', '乐亭县', '4', '130225'), ('69', '迁西县', '4', '130227'), ('70', '玉田县', '4', '130229'), ('71', '唐海县', '4', '130230'), ('72', '遵化市', '4', '130281'), ('73', '迁安市', '4', '130283'), ('74', '海港区', '5', '130302'), ('75', '山海关区', '5', '130303');
COMMIT;

-- ----------------------------
-- Table structure for `sys_qud_qux_arch`
-- ----------------------------
DROP TABLE IF EXISTS `sys_qud_qux_arch`;
CREATE TABLE `sys_qud_qux_arch` (
`id`  varchar(20) NOT NULL ,
`mingc`  varchar(200) NULL ,
`chengs_id`  varchar(20) NULL ,
`guobm`  varchar(60) NULL 
)

;

-- ----------------------------
-- Records of SYS_QUD_QUX_ARCH
-- ----------------------------
BEGIN;
INSERT INTO `sys_qud_qux_arch` VALUES ('2269', '贞丰县', '261', '522325'), ('2270', '望谟县', '261', '522326'), ('2271', '册亨县', '261', '522327'), ('2272', '安龙县', '261', '522328'), ('2273', '毕节市', '262', '522401'), ('2274', '大方县', '262', '522422'), ('2275', '黔西县', '262', '522423'), ('2276', '金沙县', '262', '522424'), ('2277', '织金县', '262', '522425'), ('2278', '纳雍县', '262', '522426'), ('2279', '威宁彝族回族苗族自治县', '262', '522427'), ('2280', '赫章县', '262', '522428'), ('2281', '凯里市', '263', '522601'), ('2282', '黄平县', '263', '522622'), ('2283', '施秉县', '263', '522623'), ('2284', '三穗县', '263', '522624'), ('2285', '镇远县', '263', '522625'), ('2286', '岑巩县', '263', '522626'), ('2287', '天柱县', '263', '522627'), ('2288', '锦屏县', '263', '522628'), ('2289', '剑河县', '263', '522629'), ('2290', '台江县', '263', '522630'), ('2291', '黎平县', '263', '522631'), ('2292', '榕江县', '263', '522632'), ('2293', '从江县', '263', '522633'), ('2294', '雷山县', '263', '522634'), ('2295', '麻江县', '263', '522635'), ('2296', '丹寨县', '263', '522636'), ('2297', '都匀市', '264', '522701'), ('2298', '福泉市', '264', '522702'), ('2299', '荔波县', '264', '522722'), ('2300', '贵定县', '264', '522723'), ('2301', '瓮安县', '264', '522725'), ('2302', '独山县', '264', '522726'), ('2303', '平塘县', '264', '522727'), ('2304', '罗甸县', '264', '522728'), ('2305', '长顺县', '264', '522729'), ('2306', '龙里县', '264', '522730'), ('2307', '惠水县', '264', '522731'), ('2308', '三都水族自治县', '264', '522732'), ('2309', '五华区', '265', '530102'), ('2310', '盘龙区', '265', '530103'), ('2311', '官渡区', '265', '530111'), ('2312', '西山区', '265', '530112'), ('2313', '东川区', '265', '530113'), ('2314', '呈贡县', '265', '530121'), ('2315', '晋宁县', '265', '530122'), ('2316', '富民县', '265', '530124'), ('2317', '宜良县', '265', '530125'), ('2318', '石林彝族自治县', '265', '530126'), ('2319', '嵩明县', '265', '530127'), ('2320', '禄劝彝族苗族自治县', '265', '530128'), ('2321', '寻甸回族彝族自治县', '265', '530129'), ('2322', '安宁市', '265', '530181'), ('2323', '麒麟区', '266', '530302'), ('2324', '马龙县', '266', '530321'), ('2325', '陆良县', '266', '530322'), ('2326', '师宗县', '266', '530323'), ('2327', '罗平县', '266', '530324'), ('2328', '富源县', '266', '530325'), ('2329', '会泽县', '266', '530326'), ('2330', '沾益县', '266', '530328'), ('2331', '宣威市', '266', '530381'), ('2332', '红塔区', '267', '530402'), ('2333', '江川县', '267', '530421'), ('2334', '澄江县', '267', '530422'), ('2335', '通海县', '267', '530423'), ('2336', '华宁县', '267', '530424'), ('2337', '易门县', '267', '530425'), ('2338', '峨山彝族自治县', '267', '530426'), ('2339', '新平彝族傣族自治县', '267', '530427'), ('2340', '元江哈尼族彝族傣族自治县', '267', '530428'), ('2341', '隆阳区', '268', '530502'), ('2342', '施甸县', '268', '530521'), ('2343', '腾冲县', '268', '530522'), ('2344', '龙陵县', '268', '530523'), ('2345', '昌宁县', '268', '530524'), ('2346', '昭阳区', '269', '530602'), ('2347', '鲁甸县', '269', '530621'), ('2348', '巧家县', '269', '530622'), ('2349', '盐津县', '269', '530623'), ('2350', '大关县', '269', '530624'), ('2351', '永善县', '269', '530625'), ('2352', '绥江县', '269', '530626'), ('2353', '镇雄县', '269', '530627'), ('2354', '彝良县', '269', '530628'), ('2355', '威信县', '269', '530629'), ('2356', '水富县', '269', '530630'), ('2357', '古城区', '270', '530702'), ('2358', '玉龙纳西族自治县', '270', '530721'), ('2359', '永胜县', '270', '530722'), ('2360', '华坪县', '270', '530723'), ('2361', '宁蒗彝族自治县', '270', '530724'), ('2362', '翠云区', '271', '530802'), ('2363', '普洱哈尼族彝族自治县', '271', '530821'), ('2364', '墨江哈尼族自治县', '271', '530822'), ('2365', '景东彝族自治县', '271', '530823'), ('2366', '景谷傣族彝族自治县', '271', '530824'), ('2367', '镇沅彝族哈尼族拉祜族自治县', '271', '530825'), ('2368', '江城哈尼族彝族自治县', '271', '530826');
INSERT INTO `sys_qud_qux_arch` VALUES ('2369', '孟连傣族拉祜族佤族自治县', '271', '530827'), ('2370', '澜沧拉祜族自治县', '271', '530828'), ('2371', '西盟佤族自治县', '271', '530829'), ('2372', '临翔区', '272', '530902'), ('2373', '凤庆县', '272', '530921'), ('2374', '云县', '272', '530922'), ('2375', '永德县', '272', '530923'), ('2376', '镇康县', '272', '530924'), ('2377', '双江拉祜族佤族布朗族傣族自治县', '272', '530925'), ('2378', '耿马傣族佤族自治县', '272', '530926'), ('2379', '沧源佤族自治县', '272', '530927'), ('2380', '楚雄市', '273', '532301'), ('2381', '双柏县', '273', '532322'), ('2382', '牟定县', '273', '532323'), ('2383', '南华县', '273', '532324'), ('2384', '姚安县', '273', '532325'), ('2385', '大姚县', '273', '532326'), ('2386', '永仁县', '273', '532327'), ('2387', '元谋县', '273', '532328'), ('2388', '武定县', '273', '532329'), ('2389', '禄丰县', '273', '532331'), ('2390', '个旧市', '274', '532501'), ('2391', '开远市', '274', '532502'), ('2392', '蒙自县', '274', '532522'), ('2393', '屏边苗族自治县', '274', '532523'), ('2394', '建水县', '274', '532524'), ('2395', '石屏县', '274', '532525'), ('2396', '弥勒县', '274', '532526'), ('2397', '泸西县', '274', '532527'), ('2398', '元阳县', '274', '532528'), ('2399', '红河县', '274', '532529'), ('2400', '金平苗族瑶族傣族自治县', '274', '532530'), ('2401', '绿春县', '274', '532531'), ('2402', '河口瑶族自治县', '274', '532532'), ('2403', '文山县', '275', '532621'), ('2404', '砚山县', '275', '532622'), ('2405', '西畴县', '275', '532623'), ('2406', '麻栗坡县', '275', '532624'), ('2407', '马关县', '275', '532625'), ('2408', '丘北县', '275', '532626'), ('2409', '广南县', '275', '532627'), ('2410', '富宁县', '275', '532628'), ('2411', '景洪市', '276', '532801'), ('2412', '勐海县', '276', '532822'), ('2413', '勐腊县', '276', '532823'), ('2414', '大理市', '277', '532901'), ('2415', '漾濞彝族自治县', '277', '532922'), ('2416', '祥云县', '277', '532923'), ('2417', '宾川县', '277', '532924'), ('2418', '弥渡县', '277', '532925'), ('2419', '南涧彝族自治县', '277', '532926'), ('2420', '巍山彝族回族自治县', '277', '532927'), ('2421', '永平县', '277', '532928'), ('2422', '云龙县', '277', '532929'), ('2423', '洱源县', '277', '532930'), ('2424', '剑川县', '277', '532931'), ('2425', '鹤庆县', '277', '532932'), ('2426', '瑞丽市', '278', '533102'), ('2427', '潞西市', '278', '533103'), ('2428', '梁河县', '278', '533122'), ('2429', '盈江县', '278', '533123'), ('2430', '陇川县', '278', '533124'), ('2431', '泸水县', '279', '533321'), ('2432', '福贡县', '279', '533323'), ('2433', '贡山独龙族怒族自治县', '279', '533324'), ('2434', '兰坪白族普米族自治县', '279', '533325'), ('2435', '香格里拉县', '280', '533421'), ('2436', '德钦县', '280', '533422'), ('2437', '维西傈僳族自治县', '280', '533423'), ('2438', '城关区', '281', '540102'), ('2439', '林周县', '281', '540121'), ('2440', '当雄县', '281', '540122'), ('2441', '尼木县', '281', '540123'), ('2442', '曲水县', '281', '540124'), ('2443', '堆龙德庆县', '281', '540125'), ('2444', '达孜县', '281', '540126'), ('2445', '墨竹工卡县', '281', '540127'), ('2446', '昌都县', '282', '542121'), ('2447', '江达县', '282', '542122'), ('2448', '贡觉县', '282', '542123'), ('2449', '类乌齐县', '282', '542124'), ('2450', '丁青县', '282', '542125'), ('2451', '察雅县', '282', '542126'), ('2452', '八宿县', '282', '542127'), ('2453', '左贡县', '282', '542128'), ('2454', '芒康县', '282', '621224'), ('2455', '洛隆县', '282', '542132'), ('2456', '边坝县', '282', '542133'), ('2457', '乃东县', '283', '542221'), ('2458', '扎囊县', '283', '542222'), ('2459', '贡嘎县', '283', '542223'), ('2460', '桑日县', '283', '542224'), ('2461', '琼结县', '283', '542225'), ('2462', '曲松县', '283', '542226'), ('2463', '措美县', '283', '542227'), ('2464', '洛扎县', '283', '542228'), ('2465', '加查县', '283', '542229'), ('2466', '隆子县', '283', '542231'), ('2467', '错那县', '283', '542232'), ('2468', '浪卡子县', '283', '542233');
INSERT INTO `sys_qud_qux_arch` VALUES ('2469', '日喀则市', '284', '542301'), ('2470', '南木林县', '284', '542322'), ('2471', '江孜县', '284', '542323'), ('2472', '定日县', '284', '542324'), ('2473', '萨迦县', '284', '542325'), ('2474', '拉孜县', '284', '542326'), ('2475', '昂仁县', '284', '542327'), ('2476', '谢通门县', '284', '542328'), ('2477', '白朗县', '284', '542627'), ('2478', '仁布县', '284', '542330'), ('2479', '康马县', '284', '542331'), ('2480', '定结县', '284', '542332'), ('2481', '仲巴县', '284', '542333'), ('2482', '亚东县', '284', '542334'), ('2483', '吉隆县', '284', '542335'), ('2484', '聂拉木县', '284', '542336'), ('2485', '萨嘎县', '284', '542337'), ('2486', '岗巴县', '284', '542338'), ('2487', '那曲县', '285', '542421'), ('2488', '嘉黎县', '285', '542422'), ('2489', '比如县', '285', '542423'), ('2490', '聂荣县', '285', '510321'), ('2491', '安多县', '285', '542425'), ('2492', '申扎县', '285', '542426'), ('2493', '索县', '285', '542427'), ('2494', '班戈县', '285', '542428'), ('2495', '巴青县', '285', '542429'), ('2496', '尼玛县', '285', '542430'), ('2497', '普兰县', '286', '542521'), ('2498', '札达县', '286', '511721'), ('2499', '噶尔县', '286', '542523'), ('2500', '日土县', '286', '542524'), ('2501', '革吉县', '286', '542525'), ('2502', '改则县', '286', '542526'), ('2503', '措勤县', '286', '542527'), ('2504', '林芝县', '287', '542621'), ('2505', '工布江达县', '287', '542122'), ('2506', '米林县', '287', '542623'), ('2507', '墨脱县', '287', '542624'), ('2508', '波密县', '287', '542625'), ('2509', '察隅县', '287', '542626'), ('2510', '朗县', '287', '542627'), ('2511', '新城区', '288', '610102'), ('2512', '碑林区', '288', '610103'), ('2513', '莲湖区', '288', '610104'), ('2514', '灞桥区', '288', '610111'), ('2515', '未央区', '288', '610112'), ('2516', '雁塔区', '288', '610113'), ('2517', '阎良区', '288', '610114'), ('2518', '临潼区', '288', '610115'), ('2519', '长安区', '288', '610116'), ('2520', '蓝田县', '288', '610122'), ('2521', '周至县', '288', '610124'), ('2522', '户县', '288', '610125'), ('2523', '高陵县', '288', '610126'), ('2524', '王益区', '289', '610202'), ('2525', '印台区', '289', '610203'), ('2526', '耀州区', '289', '610204'), ('2527', '宜君县', '289', '610222'), ('2528', '渭滨区', '290', '610302'), ('2529', '金台区', '290', '610303'), ('2530', '陈仓区', '290', '610304'), ('2531', '凤翔县', '290', '610322'), ('2532', '岐山县', '290', '610323'), ('2533', '扶风县', '290', '610324'), ('2534', '眉县', '290', '610326'), ('2535', '陇县', '290', '610327'), ('2536', '千阳县', '290', '610328'), ('2537', '麟游县', '290', '610329'), ('2538', '凤县', '290', '610330'), ('2539', '太白县', '290', '610331'), ('2540', '秦都区', '291', '610402'), ('2541', '杨凌区', '291', '610403'), ('2542', '渭城区', '291', '610404'), ('2543', '三原县', '291', '610422'), ('2544', '泾阳县', '291', '610423'), ('2545', '乾县', '291', '610424'), ('2546', '礼泉县', '291', '610425'), ('2547', '永寿县', '291', '610426'), ('2548', '彬县', '291', '610427'), ('2549', '长武县', '291', '610428'), ('2550', '旬邑县', '291', '610429'), ('2551', '淳化县', '291', '610430'), ('2552', '武功县', '291', '610431'), ('2553', '兴平市', '291', '610481'), ('2554', '临渭区', '292', '610502'), ('2555', '华县', '292', '610521'), ('2556', '潼关县', '292', '610522'), ('2557', '大荔县', '292', '610523'), ('2558', '合阳县', '292', '610524'), ('2559', '澄城县', '292', '610525'), ('2560', '蒲城县', '292', '610526'), ('2561', '白水县', '292', '610527'), ('2562', '富平县', '292', '610528'), ('2563', '韩城市', '292', '610581'), ('2564', '华阴市', '292', '610582'), ('2565', '宝塔区', '293', '610602'), ('2566', '延长县', '293', '610621'), ('2567', '延川县', '293', '610622'), ('2568', '子长县', '293', '610623');
INSERT INTO `sys_qud_qux_arch` VALUES ('2569', '安塞县', '293', '610624'), ('2570', '志丹县', '293', '610625'), ('2571', '吴旗县', '293', null), ('2572', '甘泉县', '293', '610627'), ('2573', '富县', '293', '610628'), ('2574', '洛川县', '293', '610629'), ('2575', '宜川县', '293', '610630'), ('2576', '黄龙县', '293', '610631'), ('2577', '黄陵县', '293', '610632'), ('2578', '汉台区', '294', '610702'), ('2579', '南郑县', '294', '610721'), ('2580', '城固县', '294', '610722'), ('2581', '洋县', '294', '610723'), ('2582', '西乡县', '294', '610724'), ('2583', '勉县', '294', '610725'), ('2584', '宁强县', '294', '610726'), ('2585', '略阳县', '294', '610727'), ('2586', '镇巴县', '294', '610728'), ('2587', '留坝县', '294', '610729'), ('2588', '佛坪县', '294', '610730'), ('2589', '榆阳区', '295', '610802'), ('2590', '神木县', '295', '610821'), ('2591', '府谷县', '295', '610822'), ('2592', '横山县', '295', '610823'), ('2593', '靖边县', '295', '610824'), ('2594', '定边县', '295', '610825'), ('2595', '绥德县', '295', '610826'), ('2596', '米脂县', '295', '610827'), ('2597', '佳县', '295', '610828'), ('2598', '吴堡县', '295', '610829'), ('2599', '清涧县', '295', '610830'), ('2600', '子洲县', '295', '610831'), ('2601', '汉滨区', '296', '610902'), ('2602', '汉阴县', '296', '610921'), ('2603', '石泉县', '296', '610922'), ('2604', '宁陕县', '296', '411222'), ('2605', '紫阳县', '296', '610924'), ('2606', '岚皋县', '296', '610925'), ('2607', '平利县', '296', '610926'), ('2608', '镇坪县', '296', '610927'), ('2609', '旬阳县', '296', '610928'), ('2610', '白河县', '296', '610929'), ('2611', '商州区', '297', '611002'), ('2612', '洛南县', '297', '430921'), ('2613', '丹凤县', '297', '611022'), ('2614', '商南县', '297', '430921'), ('2615', '山阳县', '297', '611024'), ('2616', '镇安县', '297', '510724'), ('2617', '柞水县', '297', '611026'), ('2618', '城关区', '298', '540102'), ('2619', '七里河区', '298', '620103'), ('2620', '西固区', '298', '620104'), ('2621', '安宁区', '298', '620105'), ('2622', '红古区', '298', '620111'), ('2623', '永登县', '298', '620121'), ('2624', '皋兰县', '298', '620122'), ('2625', '榆中县', '298', '620123'), ('2626', '金川区', '300', '620302'), ('2627', '永昌县', '300', '620321'), ('2628', '白银区', '301', '620402'), ('2629', '平川区', '301', '620403'), ('2630', '靖远县', '301', '620421'), ('2631', '会宁县', '301', '621026'), ('2632', '景泰县', '301', '620423'), ('2633', '秦城区', '302', '620502'), ('2634', '北道区', '302', '620503'), ('2635', '清水县', '302', '620521'), ('2636', '秦安县', '302', '510724'), ('2637', '甘谷县', '302', '620523'), ('2638', '武山县', '302', '620524'), ('2639', '张家川回族自治县', '302', '620525'), ('2640', '凉州区', '303', '620602'), ('2641', '民勤县', '303', '620621'), ('2642', '古浪县', '303', '620622'), ('2643', '天祝藏族自治县', '303', '620623'), ('2644', '甘州区', '304', '620702'), ('2645', '肃南裕固族自治县', '304', '620721'), ('2646', '民乐县', '304', '620722'), ('2647', '临泽县', '304', '620723'), ('2648', '高台县', '304', '620724'), ('2649', '山丹县', '304', '620725'), ('2650', '崆峒区', '305', '620802'), ('2651', '泾川县', '305', '620821'), ('2652', '灵台县', '305', '620822'), ('2653', '崇信县', '305', '620823'), ('2654', '华亭县', '305', '620824'), ('2655', '庄浪县', '305', '620825'), ('2656', '静宁县', '305', '621026'), ('2657', '肃州区', '306', '620902'), ('2658', '金塔县', '306', '620921'), ('2659', '安西县', '306', '620922'), ('2660', '肃北蒙古族自治县', '306', '620923'), ('2661', '阿克塞哈萨克族自治县', '306', '620924'), ('2662', '玉门市', '306', '620981'), ('2663', '敦煌市', '306', '620982'), ('2664', '西峰区', '307', '621002'), ('2665', '庆城县', '307', '621021'), ('2666', '环县', '307', '621022'), ('2667', '华池县', '307', '621023'), ('2668', '合水县', '307', '621024');
INSERT INTO `sys_qud_qux_arch` VALUES ('2669', '正宁县', '307', '621026'), ('2670', '宁县', '307', '621026'), ('2671', '镇原县', '307', '621027'), ('2672', '安定区', '308', '621102'), ('2673', '通渭县', '308', '621121'), ('2674', '陇西县', '308', '621122'), ('2675', '渭源县', '308', '621123'), ('2676', '临洮县', '308', '621124'), ('2677', '漳县', '308', '621125'), ('2678', '岷县', '308', '621126'), ('2679', '武都区', '309', '621202'), ('2680', '成县', '309', '621221'), ('2681', '文县', '309', '621222'), ('2682', '宕昌县', '309', '621223'), ('2683', '康县', '309', '621224'), ('2684', '西和县', '309', '621225'), ('2685', '礼县', '309', '621226'), ('2686', '徽县', '309', '621227'), ('2687', '两当县', '309', '621228'), ('2688', '临夏市', '310', '622901'), ('2689', '临夏县', '310', '622921'), ('2690', '康乐县', '310', '622922'), ('2691', '永靖县', '310', '622923'), ('2692', '广河县', '310', '622924'), ('2693', '和政县', '310', '622925'), ('2694', '东乡族自治县', '310', '622926'), ('2695', '积石山保安族东乡族撒拉族自治县', '310', '622927'), ('2696', '合作市', '311', '623001'), ('2697', '临潭县', '311', '623021'), ('2698', '卓尼县', '311', '623022'), ('2699', '舟曲县', '311', '623023'), ('2700', '迭部县', '311', '623024'), ('2701', '玛曲县', '311', '623025'), ('2702', '碌曲县', '311', '623026'), ('2703', '夏河县', '311', '623027'), ('2704', '城东区', '312', '630102'), ('2705', '城中区', '312', '450202'), ('2706', '城西区', '312', '630104'), ('2707', '城北区', '312', '630105'), ('2708', '大通回族土族自治县', '312', '630121'), ('2709', '湟中县', '312', '630122'), ('2710', '湟源县', '312', '630123'), ('2711', '平安县', '313', '510724'), ('2712', '民和回族土族自治县', '313', '632122'), ('2713', '乐都县', '313', '632123'), ('601', '木兰县', '60', '230127'), ('602', '通河县', '60', '230128'), ('603', '延寿县', '60', '341521'), ('604', '阿城市', '60', null), ('605', '双城市', '60', '230182'), ('606', '尚志市', '60', '230183'), ('607', '五常市', '60', '230184'), ('608', '龙沙区', '61', '230202'), ('609', '建华区', '61', '230203'), ('610', '铁锋区', '61', '230204'), ('611', '昂昂溪区', '61', '230205'), ('612', '富拉尔基区', '61', '230206'), ('613', '碾子山区', '61', '230207'), ('614', '梅里斯达斡尔族区', '61', '230208'), ('615', '龙江县', '61', '230221'), ('616', '依安县', '61', '510724'), ('617', '泰来县', '61', '230224'), ('618', '甘南县', '61', '430921'), ('619', '富裕县', '61', '230227'), ('620', '克山县', '61', '230229'), ('621', '克东县', '61', '230230'), ('622', '拜泉县', '61', '230231'), ('623', '讷河市', '61', '230281'), ('624', '鸡冠区', '62', '230302'), ('625', '恒山区', '62', '230303'), ('626', '滴道区', '62', '230304'), ('627', '梨树区', '62', '230305'), ('628', '城子河区', '62', '230306'), ('629', '麻山区', '62', '230307'), ('630', '鸡东县', '62', '230321'), ('631', '虎林市', '62', '230381'), ('632', '密山市', '62', '230382'), ('633', '向阳区', '63', '230803'), ('634', '工农区', '63', '230403'), ('635', '南山区', '63', '440305'), ('636', '兴安区', '63', '230405'), ('637', '东山区', '63', '650108'), ('638', '兴山区', '63', '230407'), ('639', '萝北县', '63', '230421'), ('640', '绥滨县', '63', '230422'), ('641', '尖山区', '64', '230502'), ('642', '岭东区', '64', '230503'), ('643', '四方台区', '64', '230505'), ('644', '宝山区', '64', '310113'), ('645', '集贤县', '64', '230521'), ('646', '友谊县', '64', '230522'), ('647', '宝清县', '64', '230523'), ('648', '饶河县', '64', '230524'), ('649', '萨尔图区', '65', '230602'), ('650', '龙凤区', '65', '230603'), ('651', '让胡路区', '65', '230604'), ('652', '红岗区', '65', '230605'), ('653', '大同区', '65', '230606'), ('654', '肇州县', '65', '230621'), ('655', '肇源县', '65', '230622');
INSERT INTO `sys_qud_qux_arch` VALUES ('656', '林甸县', '65', '230623'), ('657', '杜尔伯特蒙古族自治县', '65', '230624'), ('658', '伊春区', '66', '230702'), ('659', '南岔区', '66', '230703'), ('660', '友好区', '66', '230704'), ('661', '西林区', '66', '230705'), ('662', '翠峦区', '66', '230706'), ('663', '新青区', '66', '230707'), ('664', '美溪区', '66', '230708'), ('665', '金山屯区', '66', '230709'), ('666', '五营区', '66', '230710'), ('667', '乌马河区', '66', '230711'), ('668', '汤旺河区', '66', '230712'), ('669', '带岭区', '66', '230713'), ('670', '乌伊岭区', '66', '230714'), ('671', '红星区', '66', '230715'), ('672', '上甘岭区', '66', '230716'), ('673', '嘉荫县', '66', '230722'), ('674', '铁力市', '66', '230781'), ('675', '永红区', '67', null), ('676', '向阳区', '67', '230803'), ('677', '前进区', '67', '230804'), ('678', '东风区', '67', '230805'), ('679', '郊区', '67', null), ('680', '桦南县', '67', '430921'), ('681', '桦川县', '67', '230826'), ('682', '汤原县', '67', '230828'), ('683', '抚远县', '67', '230833'), ('684', '同江市', '67', '230881'), ('685', '富锦市', '67', '230882'), ('686', '新兴区', '68', '230902'), ('687', '桃山区', '68', '230903'), ('688', '茄子河区', '68', '230904'), ('689', '勃利县', '68', '230921'), ('690', '东安区', '69', '231002'), ('691', '阳明区', '69', '231003'), ('692', '爱民区', '69', '231004'), ('693', '西安区', '69', '231005'), ('694', '东宁县', '69', '621026'), ('695', '林口县', '69', '231025'), ('696', '绥芬河市', '69', '231081'), ('697', '海林市', '69', '231083'), ('698', '宁安市', '69', '231084'), ('699', '穆棱市', '69', '231085'), ('700', '爱辉区', '70', '231102'), ('701', '嫩江县', '70', '231121'), ('702', '逊克县', '70', '231123'), ('703', '孙吴县', '70', '231124'), ('704', '北安市', '70', '231181'), ('705', '五大连池市', '70', '231182'), ('706', '北林区', '71', '231202'), ('707', '望奎县', '71', '231221'), ('708', '兰西县', '71', '231222'), ('709', '青冈县', '71', '231223'), ('710', '庆安县', '71', '510724'), ('711', '明水县', '71', '231225'), ('712', '绥棱县', '71', '231226'), ('713', '安达市', '71', '231281'), ('714', '肇东市', '71', '231282'), ('715', '海伦市', '71', '231283'), ('716', '呼玛县', '72', '232721'), ('717', '塔河县', '72', '232722'), ('718', '漠河县', '72', '232723'), ('719', '黄浦区', '73', '310101'), ('720', '卢湾区', '73', '310103'), ('721', '徐汇区', '73', '310104'), ('722', '长宁区', '73', '310105'), ('723', '静安区', '73', '310106'), ('724', '普陀区', '73', '310107'), ('725', '闸北区', '73', '310108'), ('726', '虹口区', '73', '310109'), ('727', '杨浦区', '73', '310110'), ('728', '闵行区', '73', '310112'), ('729', '宝山区', '73', '310113'), ('730', '嘉定区', '73', '310114'), ('731', '浦东新区', '73', '310115'), ('732', '金山区', '73', '310116'), ('733', '松江区', '73', '310117'), ('734', '青浦区', '73', '310118'), ('735', '南汇区', '73', '310119'), ('736', '奉贤区', '73', '310120'), ('737', '崇明县', '73', '310230'), ('738', '玄武区', '74', '320102'), ('739', '白下区', '74', '320103'), ('740', '秦淮区', '74', '320104'), ('741', '建邺区', '74', '320105'), ('742', '鼓楼区', '74', '410204'), ('743', '下关区', '74', '320107'), ('744', '浦口区', '74', '320111'), ('745', '栖霞区', '74', '320113'), ('746', '雨花台区', '74', '320114'), ('747', '江宁区', '74', '320115'), ('748', '六合区', '74', '320116'), ('749', '溧水县', '74', '320124'), ('750', '高淳县', '74', '320125'), ('751', '崇安区', '75', '320202'), ('752', '南长区', '75', '320203'), ('753', '北塘区', '75', '320204'), ('2797', '库尔勒市', '331', '652801'), ('2798', '轮台县', '331', '652822');
INSERT INTO `sys_qud_qux_arch` VALUES ('2799', '尉犁县', '331', '652823'), ('2800', '若羌县', '331', '652824'), ('2801', '且末县', '331', '652825'), ('2802', '焉耆回族自治县', '331', '652826'), ('2803', '和静县', '331', '652827'), ('2804', '和硕县', '331', '652828'), ('2805', '博湖县', '331', '652829'), ('2806', '阿克苏市', '332', '652901'), ('2807', '温宿县', '332', '652922'), ('2808', '库车县', '332', '652923'), ('2809', '沙雅县', '332', '652924'), ('2810', '新和县', '332', '652925'), ('2811', '拜城县', '332', '652926'), ('2812', '乌什县', '332', '652927'), ('2813', '阿瓦提县', '332', '652928'), ('2814', '柯坪县', '332', '652929'), ('2815', '阿图什市', '333', '653001'), ('2816', '阿克陶县', '333', '653022'), ('2817', '阿合奇县', '333', '653023'), ('2818', '乌恰县', '333', '653024'), ('2819', '喀什市', '334', '653101'), ('2820', '疏附县', '334', '653121'), ('2821', '疏勒县', '334', '653122'), ('2822', '英吉沙县', '334', '653123'), ('2823', '泽普县', '334', '653124'), ('2824', '莎车县', '334', '653125'), ('2825', '叶城县', '334', '653126'), ('2826', '麦盖提县', '334', '653127'), ('2827', '岳普湖县', '334', '653128'), ('2828', '伽师县', '334', '653129'), ('2829', '巴楚县', '334', '653130'), ('2830', '塔什库尔干塔吉克自治县', '334', '653131'), ('2831', '和田市', '335', '653201'), ('2832', '和田县', '335', '653221'), ('2833', '墨玉县', '335', '653222'), ('2834', '皮山县', '335', '653223'), ('2835', '洛浦县', '335', '653224'), ('2836', '策勒县', '335', '653225'), ('2837', '于田县', '335', '653226'), ('2838', '民丰县', '335', '653227'), ('2839', '伊宁市', '336', '654002'), ('2840', '奎屯市', '336', '654003'), ('2841', '伊宁县', '336', '654021'), ('2842', '察布查尔锡伯自治县', '336', '654022'), ('2843', '霍城县', '336', '654023'), ('2844', '巩留县', '336', '654024'), ('2845', '新源县', '336', '654025'), ('2846', '昭苏县', '336', '654026'), ('2847', '特克斯县', '336', '654027'), ('2848', '尼勒克县', '336', '654028'), ('2849', '塔城市', '337', '654201'), ('2850', '乌苏市', '337', '654202'), ('2851', '额敏县', '337', '654221'), ('2852', '沙湾县', '337', '654223'), ('2853', '托里县', '337', '654224'), ('2854', '裕民县', '337', '654225'), ('2855', '和布克赛尔蒙古自治县', '337', '654226'), ('2856', '阿勒泰市', '338', '654301'), ('2857', '布尔津县', '338', '654321'), ('2858', '富蕴县', '338', '654322'), ('2859', '福海县', '338', '654323'), ('2860', '哈巴河县', '338', '654324'), ('2861', '青河县', '338', '654325'), ('2862', '吉木乃县', '338', '654326'), ('3001', '中山市', '214', '442000'), ('3002', '石河子市', '339', '659001'), ('3003', '嘉峪关市', '299', '620200'), ('3004', '济源市', '346', '410881'), ('3000', '朝阳区', '191', '110105'), ('2863', '东莞市区', '213', '441900'), ('1807', '茂港区', '205', '440903'), ('1808', '电白县', '205', '440923'), ('1809', '高州市', '205', '440981'), ('1810', '化州市', '205', '440982'), ('1811', '信宜市', '205', '440983'), ('1812', '端州区', '206', '441202'), ('1813', '鼎湖区', '206', '441203'), ('1814', '广宁县', '206', '441223'), ('1815', '怀集县', '206', '441224'), ('1816', '封开县', '206', '500234'), ('1817', '德庆县', '206', '441226'), ('1818', '高要市', '206', '441283'), ('1819', '四会市', '206', '441284'), ('1820', '惠城区', '207', '441302'), ('1821', '惠阳区', '207', '441303'), ('1822', '博罗县', '207', '441322'), ('1823', '惠东县', '207', '441323'), ('1824', '龙门县', '207', '441324'), ('1825', '梅江区', '208', '441402'), ('1826', '梅县', '208', '441421'), ('1827', '大埔县', '208', '441422'), ('1828', '丰顺县', '208', '441423'), ('1829', '五华县', '208', '441424'), ('1830', '平远县', '208', '441426'), ('1831', '蕉岭县', '208', '441427'), ('1832', '兴宁市', '208', '441481'), ('1833', '城区', '209', null), ('1834', '海丰县', '209', '441521'), ('1835', '陆河县', '209', '441523'), ('1836', '陆丰市', '209', '441581');
INSERT INTO `sys_qud_qux_arch` VALUES ('1837', '源城区', '210', '441602'), ('1838', '紫金县', '210', '441621'), ('1839', '龙川县', '210', '441622'), ('1840', '连平县', '210', '441623'), ('1841', '和平县', '210', '441624'), ('1842', '东源县', '210', '441625'), ('1843', '江城区', '211', '441702'), ('1844', '阳西县', '211', '441721'), ('1845', '阳东县', '211', '441723'), ('1846', '阳春市', '211', '441781'), ('1847', '清城区', '212', '441802'), ('1848', '佛冈县', '212', '441821'), ('1849', '阳山县', '212', '441823'), ('1850', '连山壮族瑶族自治县', '212', '441825'), ('1851', '连南瑶族自治县', '212', '441826'), ('1852', '清新县', '212', '441827'), ('1853', '英德市', '212', '441881'), ('1854', '连州市', '212', '441882'), ('1855', '湘桥区', '215', '445102'), ('1856', '潮安县', '215', '510724'), ('1857', '饶平县', '215', '445122'), ('1858', '榕城区', '216', '445202'), ('1859', '揭东县', '216', '445221'), ('1860', '揭西县', '216', '445222'), ('1861', '惠来县', '216', '445224'), ('1862', '普宁市', '216', '445281'), ('1863', '云城区', '217', '445302'), ('1864', '新兴县', '217', '445321'), ('1865', '郁南县', '217', '445322'), ('1866', '云安县', '217', '510724'), ('1867', '罗定市', '217', '445381'), ('1868', '兴宁区', '218', '450102'), ('1869', '青秀区', '218', '450103'), ('1870', '江南区', '218', '450105'), ('1871', '西乡塘区', '218', '450107'), ('1872', '良庆区', '218', '450108'), ('1873', '邕宁区', '218', '450109'), ('1874', '武鸣县', '218', '450122'), ('1875', '隆安县', '218', '510724'), ('1876', '马山县', '218', '450124'), ('1877', '上林县', '218', '450125'), ('1878', '宾阳县', '218', '450126'), ('1879', '横县', '218', '450127'), ('1880', '城中区', '219', '450202'), ('1881', '鱼峰区', '219', '450203'), ('1882', '柳南区', '219', '450204'), ('1883', '柳北区', '219', '450205'), ('1884', '柳江县', '219', '450221'), ('1885', '柳城县', '219', '450222'), ('1886', '鹿寨县', '219', '450223'), ('1887', '融安县', '219', '510724'), ('1888', '融水苗族自治县', '219', '450225'), ('1889', '三江侗族自治县', '219', '450226'), ('1890', '秀峰区', '220', '450302'), ('1891', '叠彩区', '220', '450303'), ('1892', '象山区', '220', '450304'), ('1893', '七星区', '220', '450305'), ('1894', '雁山区', '220', '450311'), ('1895', '阳朔县', '220', '450321'), ('1896', '临桂县', '220', '450322'), ('1897', '灵川县', '220', '450323'), ('1898', '全州县', '220', '450324'), ('1899', '兴安县', '220', '510724'), ('1900', '永福县', '220', '450326'), ('1901', '灌阳县', '220', '450327'), ('1902', '龙胜各族自治县', '220', '450328'), ('1903', '资源县', '220', '450329'), ('1904', '平乐县', '220', '450330'), ('1905', '荔蒲县', '220', '450331'), ('1906', '恭城瑶族自治县', '220', '450332'), ('1907', '万秀区', '221', '450403'), ('1908', '蝶山区', '221', '450404'), ('1909', '长洲区', '221', '450405'), ('1910', '苍梧县', '221', '450421'), ('1911', '藤县', '221', '450422'), ('1912', '蒙山县', '221', '450423'), ('1913', '岑溪市', '221', '450481'), ('1914', '海城区', '222', '450502'), ('1915', '银海区', '222', '450503'), ('1916', '铁山港区', '222', '450512'), ('1917', '合浦县', '222', '450521'), ('1918', '港口区', '223', '450602'), ('1919', '防城区', '223', '450603'), ('1920', '上思县', '223', '450621'), ('1921', '东兴市', '223', '450681'), ('1922', '钦南区', '224', '450702'), ('1923', '钦北区', '224', '450703'), ('1924', '灵山县', '224', '450721'), ('1925', '浦北县', '224', '450722'), ('1926', '港北区', '225', '450802'), ('1927', '港南区', '225', '450803'), ('1928', '覃塘区', '225', '450804'), ('1929', '平南县', '225', '450821'), ('1930', '桂平市', '225', '450881'), ('1931', '玉州区', '226', '450902'), ('1932', '容县', '226', '450921'), ('1933', '陆川县', '226', '450922'), ('1934', '博白县', '226', '450923'), ('1935', '兴业县', '226', '450924'), ('1936', '北流市', '226', '450981');
INSERT INTO `sys_qud_qux_arch` VALUES ('1937', '右江区', '227', '451002'), ('1938', '田阳县', '227', '451021'), ('1939', '田东县', '227', '451022'), ('1940', '平果县', '227', '451023'), ('1941', '德保县', '227', '451024'), ('1942', '靖西县', '227', '451025'), ('1943', '那坡县', '227', '451026'), ('1944', '凌云县', '227', '530922'), ('1945', '乐业县', '227', '451028'), ('1946', '田林县', '227', '451029'), ('1947', '西林县', '227', '451030'), ('1948', '隆林各族自治县', '227', '451031'), ('1949', '八步区', '228', '451102'), ('1950', '昭平县', '228', '451121'), ('1951', '钟山县', '228', '451122'), ('1952', '富川瑶族自治县', '228', '451123'), ('1953', '金城江区', '229', '451202'), ('1954', '南丹县', '229', '451221'), ('1955', '天峨县', '229', '451222'), ('1956', '凤山县', '229', '451223'), ('1957', '东兰县', '229', '451224'), ('1958', '罗城仫佬族自治县', '229', '451225'), ('1959', '环江毛南族自治县', '229', '451226'), ('1960', '巴马瑶族自治县', '229', '451227'), ('1961', '都安瑶族自治县', '229', '451228'), ('1962', '大化瑶族自治县', '229', '451229'), ('1963', '宜州市', '229', '451281'), ('1964', '兴宾区', '230', '451302'), ('1965', '忻城县', '230', '451321'), ('1966', '象州县', '230', '451322'), ('1967', '武宣县', '230', '451323'), ('1968', '金秀瑶族自治县', '230', '451324'), ('1969', '合山市', '230', '451381'), ('1970', '江洲区', '231', '451402'), ('1971', '扶绥县', '231', '451421'), ('1972', '宁明县', '231', '451422'), ('1973', '龙州县', '231', '451423'), ('1974', '大新县', '231', '451424'), ('1975', '天等县', '231', '451425'), ('1976', '凭祥市', '231', '451481'), ('1977', '秀英区', '232', '460105'), ('1978', '龙华区', '232', '460106'), ('1979', '琼山区', '232', '460107'), ('1980', '美兰区', '232', '460108'), ('1981', '五指山市', '233', '469001'), ('1982', '琼海市', '233', '469002'), ('1983', '儋州市', '233', '469003'), ('1984', '文昌市', '233', '469005'), ('1985', '万宁市', '233', '469006'), ('1986', '东方市', '233', '469007'), ('1987', '定安县', '233', '510724'), ('1988', '屯昌县', '233', '469026'), ('1989', '澄迈县', '233', '469027'), ('1990', '临高县', '233', '511525'), ('1991', '白沙黎族自治县', '233', '469030'), ('1992', '昌江黎族自治县', '233', '469031'), ('1993', '乐东黎族自治县', '233', '469033'), ('1994', '陵水黎族自治县', '233', '469034'), ('1995', '保亭黎族苗族自治县', '233', '469035'), ('1996', '琼中黎族苗族自治县', '233', '469036'), ('1997', '西沙群岛', '233', '469037'), ('1998', '南沙群岛', '233', '469038'), ('1999', '中沙群岛的岛礁及其海域', '233', '469039'), ('2000', '万州区', '234', '500101'), ('2001', '涪陵区', '234', '500102'), ('2002', '渝中区', '234', '500103'), ('2003', '大渡口区', '234', '500104'), ('2004', '江北区', '234', '500105'), ('2005', '沙坪坝区', '234', '500106'), ('2006', '九龙坡区', '234', '500107'), ('2007', '南岸区', '234', '500108'), ('2008', '北碚区', '234', '500109'), ('2009', '万盛区', '234', '500110'), ('2010', '双桥区', '234', '500111'), ('2011', '渝北区', '234', '500112'), ('2012', '巴南区', '234', '500113'), ('2013', '黔江区', '234', '500114'), ('2014', '长寿区', '234', '500115'), ('2015', '綦江县', '234', '500222'), ('2016', '潼南县', '234', '500223'), ('2017', '铜梁县', '234', '500224'), ('2018', '大足县', '234', '500225'), ('2019', '荣昌县', '234', '500226'), ('2020', '璧山县', '234', '500227'), ('2021', '梁平县', '234', '500228'), ('2022', '城口县', '234', '500229'), ('2023', '丰都县', '234', '500230'), ('2024', '垫江县', '234', '500231'), ('2025', '武隆县', '234', '500232'), ('2026', '忠县', '234', '500233'), ('2027', '开县', '234', '500234'), ('2028', '云阳县', '234', '500235'), ('2029', '奉节县', '234', '500236'), ('2030', '巫山县', '234', '500237'), ('2031', '巫溪县', '234', '500238'), ('2032', '石柱土家族自治县', '234', '500240'), ('2033', '秀山土家族苗族自治县', '234', '500241'), ('2034', '酉阳土家族苗族自治县', '234', '500242'), ('2035', '彭水苗族土家族自治县', '234', '500243'), ('2036', '江津市', '234', null);
INSERT INTO `sys_qud_qux_arch` VALUES ('2037', '合川市', '234', null), ('2038', '永川市', '234', null), ('2039', '南川市', '234', null), ('2040', '锦江区', '235', '510104'), ('2041', '青羊区', '235', '510105'), ('2042', '金牛区', '235', '510106'), ('2043', '武侯区', '235', '510107'), ('2044', '成华区', '235', '510108'), ('2045', '龙泉驿区', '235', '510112'), ('2046', '青白江区', '235', '510113'), ('2047', '新都区', '235', '510114'), ('2048', '温江区', '235', '510115'), ('2049', '金堂县', '235', '510121'), ('2050', '双流县', '235', '510122'), ('2051', '郫县', '235', '510124'), ('2052', '大邑县', '235', '510129'), ('2053', '蒲江县', '235', '510131'), ('2054', '新津县', '235', '510132'), ('2055', '都江堰市', '235', '510181'), ('2056', '彭州市', '235', '510182'), ('2057', '邛崃市', '235', '510183'), ('2058', '崇州市', '235', '510184'), ('2059', '自流井区', '236', '510302'), ('2060', '贡井区', '236', '510303'), ('2061', '大安区', '236', '510304'), ('2062', '沿滩区', '236', '510311'), ('2063', '荣县', '236', '510321'), ('2064', '富顺县', '236', '510322'), ('2065', '东区', '237', null), ('2066', '西区', '237', null), ('2067', '仁和区', '237', '510411'), ('2068', '米易县', '237', '510421'), ('2069', '盐边县', '237', '510422'), ('2070', '江阳区', '238', '510502'), ('2071', '纳溪区', '238', '510503'), ('2072', '龙马潭区', '238', '510504'), ('2073', '泸县', '238', '510521'), ('2074', '合江县', '238', '510522'), ('2075', '叙永县', '238', '510524'), ('2076', '古蔺县', '238', '510525'), ('2077', '旌阳区', '239', '510603'), ('2078', '中江县', '239', '510623'), ('2079', '罗江县', '239', '510626'), ('2080', '广汉市', '239', '510681'), ('2081', '什邡市', '239', '510682'), ('2082', '绵竹市', '239', '510683'), ('2083', '涪城区', '240', '510703'), ('2084', '游仙区', '240', '510704'), ('2085', '三台县', '240', '510722'), ('2086', '盐亭县', '240', '510723'), ('2087', '安县', '240', '510724'), ('2088', '梓潼县', '240', '510725'), ('2089', '北川羌族自治县', '240', '510726'), ('2090', '平武县', '240', '510727'), ('2091', '江油市', '240', '510781'), ('2092', '市中区', '241', '511102'), ('2093', '元坝区', '241', '510811'), ('2094', '朝天区', '241', '510812'), ('2095', '旺苍县', '241', '510821'), ('2096', '青川县', '241', '510822'), ('2097', '剑阁县', '241', '510823'), ('2098', '苍溪县', '241', '510824'), ('2099', '船山区', '242', '510903'), ('2100', '安居区', '242', '510904'), ('2101', '蓬溪县', '242', '510921'), ('2102', '射洪县', '242', '510922'), ('2103', '大英县', '242', '510923'), ('2104', '市中区', '243', '511102'), ('2105', '东兴区', '243', '511011'), ('2106', '威远县', '243', '511024'), ('2107', '资中县', '243', '511025'), ('2108', '隆昌县', '243', '511028'), ('2109', '市中区', '244', '511102'), ('2110', '沙湾区', '244', '511111'), ('2111', '五通桥区', '244', '511112'), ('2112', '金口河区', '244', '511113'), ('2113', '犍为县', '244', '511123'), ('2114', '井研县', '244', '511124'), ('2115', '夹江县', '244', '511126'), ('2116', '沐川县', '244', '511129'), ('2117', '峨边彝族自治县', '244', '511132'), ('2118', '马边彝族自治县', '244', '511133'), ('2119', '峨眉山市', '244', '511400'), ('2120', '顺庆区', '245', '511302'), ('2121', '高坪区', '245', '511303'), ('2122', '嘉陵区', '245', '511304'), ('2123', '南部县', '245', '511321'), ('2124', '营山县', '245', '511322'), ('2125', '蓬安县', '245', '511323'), ('2126', '仪陇县', '245', '511324'), ('2127', '西充县', '245', '511325'), ('2128', '阆中市', '245', '511381'), ('2129', '东坡区', '246', '511402'), ('2130', '仁寿县', '246', '511421'), ('2131', '彭山县', '246', '511422'), ('2132', '洪雅县', '246', '511423'), ('2133', '丹棱县', '246', '511424'), ('2134', '青神县', '246', '511425'), ('2135', '翠屏区', '247', '511502'), ('2136', '宜宾县', '247', '511521');
INSERT INTO `sys_qud_qux_arch` VALUES ('2137', '南溪县', '247', '511522'), ('2138', '江安县', '247', '511523'), ('2139', '长宁县', '247', '511524'), ('2140', '高县', '247', '511525'), ('2141', '珙县', '247', '511526'), ('2142', '筠连县', '247', '511527'), ('2143', '兴文县', '247', '511528'), ('2144', '屏山县', '247', '511529'), ('2145', '广安区', '248', '511602'), ('2146', '岳池县', '248', '511621'), ('2147', '武胜县', '248', '511622'), ('2148', '邻水县', '248', '511623'), ('2149', '华蓥市', '248', '511681'), ('2150', '通川区', '249', '511702'), ('2151', '达县', '249', '511721'), ('2152', '宣汉县', '249', '511722'), ('2153', '开江县', '249', '511723'), ('2154', '大竹县', '249', '511724'), ('2155', '渠县', '249', '511725'), ('2156', '万源市', '249', '511781'), ('2157', '雨城区', '250', '511802'), ('2158', '名山县', '250', '511821'), ('2159', '荥经县', '250', '511822'), ('2160', '汉源县', '250', '511823'), ('2161', '石棉县', '250', '511824'), ('2162', '天全县', '250', '511825'), ('2163', '芦山县', '250', '511826'), ('2164', '宝兴县', '250', '511827'), ('2165', '巴州区', '251', '511902'), ('2166', '通江县', '251', '511921'), ('2167', '南江县', '251', '511922'), ('2168', '平昌县', '251', '511923'), ('2169', '雁江区', '252', '512002'), ('2170', '安岳县', '252', '512021'), ('2171', '乐至县', '252', '512022'), ('2172', '简阳市', '252', '512081'), ('2173', '汶川县', '253', '513221'), ('2174', '理县', '253', '513222'), ('2175', '茂县', '253', '513223'), ('2176', '松潘县', '253', '513224'), ('2177', '九寨沟县', '253', '513225'), ('2178', '金川县', '253', '513226'), ('2179', '小金县', '253', '513227'), ('2180', '黑水县', '253', '513228'), ('2181', '马尔康县', '253', '513229'), ('2182', '壤塘县', '253', '513230'), ('2183', '阿坝县', '253', '513231'), ('2184', '若尔盖县', '253', '513232'), ('2185', '红原县', '253', '513233'), ('2186', '康定县', '254', '513321'), ('2187', '泸定县', '254', '513322'), ('2188', '丹巴县', '254', '513323'), ('2189', '九龙县', '254', '513324'), ('2190', '雅江县', '254', '513325'), ('2191', '道孚县', '254', '513326'), ('2192', '炉霍县', '254', '513327'), ('2193', '甘孜县', '254', '513328'), ('2194', '新龙县', '254', '513329'), ('2195', '德格县', '254', '513330'), ('2196', '白玉县', '254', '513331'), ('2197', '石渠县', '254', '513332'), ('2198', '色达县', '254', '513333'), ('2199', '理塘县', '254', '513334'), ('2200', '巴塘县', '254', '513335'), ('2201', '乡城县', '254', '513336'), ('2202', '稻城县', '254', '513337'), ('2203', '得荣县', '254', '513338'), ('2204', '西昌市', '255', '513401'), ('2205', '木里藏族自治县', '255', '513422'), ('2206', '盐源县', '255', '513423'), ('2207', '德昌县', '255', '513424'), ('2208', '会理县', '255', '513425'), ('2209', '会东县', '255', '513426'), ('2210', '宁南县', '255', '513427'), ('2211', '普格县', '255', '513428'), ('2212', '布拖县', '255', '513429'), ('2213', '金阳县', '255', '513430'), ('2214', '昭觉县', '255', '513431'), ('2215', '喜德县', '255', '513432'), ('2216', '冕宁县', '255', '513433'), ('2217', '越西县', '255', '513434'), ('2218', '甘洛县', '255', '513435'), ('2219', '美姑县', '255', '513436'), ('2220', '雷波县', '255', '513437'), ('2221', '南明区', '256', '520102'), ('2222', '云岩区', '256', '520103'), ('2223', '花溪区', '256', '520111'), ('2224', '乌当区', '256', '520112'), ('2225', '白云区', '256', '520113'), ('2226', '小河区', '256', '520114'), ('2227', '开阳县', '256', '520121'), ('2228', '息烽县', '256', '520122'), ('2229', '修文县', '256', '520123'), ('2230', '清镇市', '256', '520181'), ('2231', '钟山区', '257', '520201'), ('2232', '六枝特区', '257', '520203'), ('2233', '水城县', '257', '520221'), ('2234', '盘县', '257', '520222'), ('2235', '红花岗区', '258', '520302'), ('2236', '汇川区', '258', '520303');
INSERT INTO `sys_qud_qux_arch` VALUES ('2237', '遵义县', '258', '520321'), ('2238', '桐梓县', '258', '520322'), ('2239', '绥阳县', '258', '520323'), ('2240', '正安县', '258', '520324'), ('2241', '道真仡佬族苗族自治县', '258', '520325'), ('2242', '务川仡佬族苗族自治县', '258', '520326'), ('2243', '凤冈县', '258', '520327'), ('2244', '湄潭县', '258', '520328'), ('2245', '余庆县', '258', '520329'), ('2246', '习水县', '258', '520330'), ('2247', '赤水市', '258', '520381'), ('2248', '仁怀市', '258', '520382'), ('2249', '西秀区', '259', '520402'), ('2250', '平坝县', '259', '520421'), ('2251', '普定县', '259', '520422'), ('2252', '镇宁布依族苗族自治县', '259', '520423'), ('2253', '关岭布依族苗族自治县', '259', '520424'), ('2254', '紫云苗族布依族自治县', '259', '520425'), ('2255', '铜仁市', '260', '522201'), ('2256', '江口县', '260', '522222'), ('2257', '玉屏侗族自治县', '260', '522223'), ('2258', '石阡县', '260', '522224'), ('2259', '思南县', '260', '522225'), ('2260', '印江土家族苗族自治县', '260', '522226'), ('2261', '德江县', '260', '522227'), ('2262', '沿河土家族自治县', '260', '522228'), ('2263', '松桃苗族自治县', '260', '522229'), ('2264', '万山特区', '260', '522230'), ('2265', '兴义市', '261', '522301'), ('2266', '兴仁县', '261', '522322'), ('2267', '普安县', '261', '522323'), ('2268', '晴隆县', '261', '522324'), ('76', '北戴河区', '5', '130304'), ('77', '青龙满族自治县', '5', '130321'), ('78', '昌黎县', '5', '130322'), ('79', '抚宁县', '5', '621026'), ('80', '卢龙县', '5', '130324'), ('81', '邯山区', '6', '130402'), ('82', '丛台区', '6', '130403'), ('83', '复兴区', '6', '130404'), ('84', '峰峰矿区', '6', '130406'), ('85', '邯郸县', '6', '130421'), ('86', '临漳县', '6', '621125'), ('87', '成安县', '6', '510724'), ('88', '大名县', '6', '130425'), ('89', '涉县', '6', '130426'), ('90', '磁县', '6', '130427'), ('91', '肥乡县', '6', '130428'), ('92', '永年县', '6', '130429'), ('93', '邱县', '6', '130430'), ('94', '鸡泽县', '6', '130431'), ('95', '广平县', '6', '130432'), ('96', '馆陶县', '6', '130433'), ('97', '魏县', '6', '130434'), ('98', '曲周县', '6', '130435'), ('99', '武安市', '6', '130481'), ('100', '桥东区', '7', '130702'), ('101', '桥西区', '7', '130703'), ('102', '邢台县', '7', '130521'), ('103', '临城县', '7', '130522'), ('104', '内丘县', '7', '130523'), ('105', '柏乡县', '7', '130524'), ('106', '隆尧县', '7', '130525'), ('107', '任县', '7', '130526'), ('108', '南和县', '7', '130527'), ('109', '宁晋县', '7', '130528'), ('110', '巨鹿县', '7', '130529'), ('111', '新河县', '7', '130530'), ('112', '广宗县', '7', '130531'), ('113', '平乡县', '7', '130532'), ('114', '威县', '7', '130533'), ('115', '清河县', '7', '130534'), ('116', '临西县', '7', '130535'), ('117', '南宫市', '7', '130581'), ('118', '沙河市', '7', '130582'), ('119', '新市区', '8', '650104'), ('120', '北市区', '8', '130603'), ('121', '南市区', '8', '130604'), ('122', '满城县', '8', '130621'), ('123', '清苑县', '8', '130622'), ('124', '涞水县', '8', '130623'), ('125', '阜平县', '8', '130624'), ('126', '徐水县', '8', '130625'), ('127', '定兴县', '8', '130626'), ('128', '唐县', '8', '130627'), ('129', '高阳县', '8', '130628'), ('130', '容城县', '8', '130629'), ('131', '涞源县', '8', '130630'), ('132', '望都县', '8', '130631'), ('133', '安新县', '8', '411523'), ('134', '易县', '8', '130633'), ('135', '曲阳县', '8', '130634'), ('136', '蠡县', '8', '130635'), ('137', '顺平县', '8', '130636'), ('138', '博野县', '8', '130637'), ('139', '雄县', '8', '130638'), ('140', '涿州市', '8', '130681'), ('141', '定州市', '8', '130682'), ('142', '安国市', '8', '130683'), ('143', '高碑店市', '8', '130684');
INSERT INTO `sys_qud_qux_arch` VALUES ('144', '桥东区', '9', '130702'), ('145', '桥西区', '9', '130703'), ('146', '宣化区', '9', '130705'), ('147', '下花园区', '9', '130706'), ('148', '宣化县', '9', '130721'), ('149', '张北县', '9', '130722'), ('150', '康保县', '9', '130723'), ('151', '沽源县', '9', '130724'), ('152', '尚义县', '9', '130725'), ('153', '蔚县', '9', '130726'), ('154', '阳原县', '9', '130727'), ('155', '怀安县', '9', '510724'), ('156', '万全县', '9', '130729'), ('157', '怀来县', '9', '130730'), ('158', '涿鹿县', '9', '130731'), ('159', '赤城县', '9', '130732'), ('160', '崇礼县', '9', '621226'), ('161', '双桥区', '10', '500111'), ('162', '双滦区', '10', '130803'), ('163', '鹰手营子矿区', '10', '130804'), ('164', '承德县', '10', '130821'), ('165', '兴隆县', '10', '130822'), ('166', '平泉县', '10', '130823'), ('167', '滦平县', '10', '130824'), ('168', '隆化县', '10', '130825'), ('169', '丰宁满族自治县', '10', '130826'), ('170', '宽城满族自治县', '10', '130827'), ('171', '围场满族蒙古族自治县', '10', null), ('172', '新华区', '11', '410402'), ('173', '运河区', '11', '130903'), ('174', '沧县', '11', '130921'), ('175', '青县', '11', '130922'), ('176', '东光县', '11', '130923'), ('177', '海兴县', '11', '130924'), ('178', '盐山县', '11', '130925'), ('179', '肃宁县', '11', '621026'), ('180', '南皮县', '11', '130927'), ('181', '吴桥县', '11', '130928'), ('182', '献县', '11', '130929'), ('183', '孟村回族自治县', '11', '130930'), ('184', '泊头市', '11', '130981'), ('185', '任丘市', '11', '130982'), ('186', '黄骅市', '11', '130983'), ('187', '河间市', '11', '130984'), ('188', '安次区', '12', '131002'), ('189', '广阳区', '12', '131003'), ('190', '固安县', '12', '510724'), ('191', '永清县', '12', '131023'), ('192', '香河县', '12', '131024'), ('193', '大城县', '12', '131025'), ('194', '文安县', '12', '510724'), ('195', '大厂回族自治县', '12', '131028'), ('196', '霸州市', '12', '131081'), ('197', '三河市', '12', '131082'), ('198', '桃城区', '13', '131102'), ('199', '枣强县', '13', '131121'), ('200', '武邑县', '13', '131122'), ('201', '武强县', '13', '131123'), ('202', '饶阳县', '13', '131124'), ('203', '安平县', '13', '131125'), ('204', '故城县', '13', '131126'), ('205', '景县', '13', '131127'), ('206', '阜城县', '13', '131128'), ('207', '冀州市', '13', '131181'), ('208', '深州市', '13', '131182'), ('209', '小店区', '14', '140105'), ('210', '迎泽区', '14', '140106'), ('211', '杏花岭区', '14', '140107'), ('212', '尖草坪区', '14', '140108'), ('213', '万柏林区', '14', '140109'), ('214', '晋源区', '14', '140110'), ('215', '清徐县', '14', '140121'), ('216', '阳曲县', '14', '140122'), ('217', '娄烦县', '14', '140123'), ('218', '古交市', '14', '140181'), ('219', '城区', '15', null), ('220', '矿区', '15', null), ('221', '南郊区', '15', '140211'), ('222', '新荣区', '15', '140212'), ('223', '阳高县', '15', '511525'), ('224', '天镇县', '15', '140222'), ('225', '广灵县', '15', '140223'), ('226', '灵丘县', '15', '140224'), ('227', '浑源县', '15', '140225'), ('228', '左云县', '15', '530922'), ('229', '大同县', '15', '140227'), ('230', '城区', '16', null), ('231', '矿区', '16', null), ('232', '郊区', '16', null), ('233', '平定县', '16', '140321'), ('234', '盂县', '16', '140322'), ('235', '城区', '17', null), ('236', '郊区', '17', null), ('237', '长治县', '17', '140421'), ('238', '襄垣县', '17', '140423'), ('239', '屯留县', '17', '140424'), ('240', '平顺县', '17', '140425'), ('241', '黎城县', '17', '140426'), ('242', '壶关县', '17', '140427'), ('243', '长子县', '17', '140428');
INSERT INTO `sys_qud_qux_arch` VALUES ('244', '武乡县', '17', '140429'), ('245', '沁县', '17', '140430'), ('246', '沁源县', '17', '140431'), ('247', '潞城市', '17', '140481'), ('248', '城区', '18', null), ('249', '沁水县', '18', '140521'), ('250', '阳城县', '18', '140522'), ('251', '陵川县', '18', '140524'), ('252', '泽州县', '18', '140525'), ('253', '高平市', '18', '140581'), ('254', '朔城区', '19', '140602'), ('255', '平鲁区', '19', '140603'), ('256', '山阴县', '19', '140621'), ('257', '应县', '19', '140622'), ('258', '右玉县', '19', '140623'), ('259', '怀仁县', '19', '140624'), ('260', '榆次区', '20', '140702'), ('261', '榆社县', '20', '140721'), ('262', '左权县', '20', '140722'), ('263', '和顺县', '20', '140723'), ('264', '昔阳县', '20', '140724'), ('265', '寿阳县', '20', '140725'), ('266', '太谷县', '20', '140726'), ('267', '祁县', '20', '140727'), ('268', '平遥县', '20', '140728'), ('269', '灵石县', '20', '140729'), ('270', '介休市', '20', '140781'), ('271', '盐湖区', '21', '140802'), ('272', '临猗县', '21', '140821'), ('273', '万荣县', '21', '510321'), ('274', '闻喜县', '21', '140823'), ('275', '稷山县', '21', '140824'), ('276', '新绛县', '21', '140826'), ('277', '绛县', '21', '140826'), ('278', '垣曲县', '21', '140827'), ('279', '夏县', '21', '140828'), ('280', '平陆县', '21', '140829'), ('281', '芮城县', '21', '140830'), ('282', '永济市', '21', '140881'), ('283', '河津市', '21', '140882'), ('284', '忻府区', '22', '140902'), ('285', '定襄县', '22', '140921'), ('286', '五台县', '22', '140922'), ('287', '代县', '22', '140923'), ('288', '繁峙县', '22', '140924'), ('289', '宁武县', '22', '140925'), ('290', '静乐县', '22', '140926'), ('291', '神池县', '22', '140927'), ('292', '五寨县', '22', '140928'), ('293', '岢岚县', '22', '141127'), ('294', '河曲县', '22', '140930'), ('295', '保德县', '22', '140931'), ('296', '偏关县', '22', '140932'), ('297', '原平市', '22', '140981'), ('298', '尧都区', '23', '141002'), ('299', '曲沃县', '23', '141021'), ('300', '翼城县', '23', '141022'), ('301', '襄汾县', '23', '141023'), ('302', '洪洞县', '23', '141024'), ('303', '古县', '23', '141025'), ('304', '安泽县', '23', '141026'), ('305', '浮山县', '23', '141027'), ('306', '吉县', '23', '141028'), ('307', '乡宁县', '23', '621026'), ('308', '大宁县', '23', '621026'), ('309', '隰县', '23', '141031'), ('310', '永和县', '23', '341424'), ('311', '蒲县', '23', '141033'), ('312', '汾西县', '23', '141034'), ('313', '侯马市', '23', '141081'), ('314', '霍州市', '23', '141082'), ('315', '离石区', '24', '141102'), ('316', '文水县', '24', '141121'), ('317', '交城县', '24', '141122'), ('318', '兴县', '24', '141123'), ('319', '临县', '24', '141124'), ('320', '柳林县', '24', '141125'), ('321', '石楼县', '24', '141126'), ('322', '岚县', '24', '141127'), ('323', '方山县', '24', '141128'), ('324', '中阳县', '24', '141129'), ('325', '交口县', '24', '141130'), ('326', '孝义市', '24', '141181'), ('327', '汾阳市', '24', '141182'), ('328', '新城区', '25', '610102'), ('329', '回民区', '25', '150103'), ('330', '玉泉区', '25', '150104'), ('331', '赛罕区', '25', '150105'), ('332', '土默特左旗', '25', '150121'), ('333', '托克托县', '25', '150122'), ('334', '和林格尔县', '25', '150123'), ('335', '清水河县', '25', '150124'), ('336', '武川县', '25', '150125'), ('337', '东河区', '26', '150202'), ('338', '昆都仑区', '26', '150203'), ('339', '青山区', '26', '420107'), ('340', '石拐区', '26', '150205'), ('341', '白云矿区', '26', '150206'), ('342', '九原区', '26', '150207'), ('343', '土默特右旗', '26', '150221');
INSERT INTO `sys_qud_qux_arch` VALUES ('344', '固阳县', '26', '150222'), ('345', '达尔罕茂明安联合旗', '26', '150223'), ('346', '海勃湾区', '27', '150302'), ('347', '海南区', '27', '150303'), ('348', '乌达区', '27', '150304'), ('349', '红山区', '28', '150402'), ('350', '元宝山区', '28', '310113'), ('351', '松山区', '28', '150404'), ('352', '阿鲁科尔沁旗', '28', '150421'), ('353', '巴林左旗', '28', '150422'), ('354', '巴林右旗', '28', '150423'), ('355', '林西县', '28', '150424'), ('356', '克什克腾旗', '28', '150425'), ('357', '翁牛特旗', '28', '150426'), ('358', '喀喇沁旗', '28', '150428'), ('359', '宁城县', '28', '150429'), ('360', '敖汉旗', '28', '150430'), ('361', '科尔沁区', '29', '150502'), ('362', '科尔沁左翼中旗', '29', '150521'), ('363', '科尔沁左翼后旗', '29', '150522'), ('364', '开鲁县', '29', '150523'), ('365', '库伦旗', '29', '150524'), ('366', '奈曼旗', '29', '150525'), ('367', '扎鲁特旗', '29', '150526'), ('368', '霍林郭勒市', '29', '150581'), ('369', '东胜区', '30', '150602'), ('370', '达拉特旗', '30', '150621'), ('371', '准格尔旗', '30', '150622'), ('372', '鄂托克前旗', '30', '150623'), ('373', '鄂托克旗', '30', '150624'), ('374', '杭锦旗', '30', '150625'), ('375', '乌审旗', '30', '150626'), ('376', '伊金霍洛旗', '30', '150627'), ('377', '海拉尔区', '31', '150702'), ('378', '阿荣旗', '31', '150721'), ('379', '莫力达瓦达斡尔族自治旗', '31', '150722'), ('380', '鄂伦春自治旗', '31', '150723'), ('381', '鄂温克族自治旗', '31', '150724'), ('382', '陈巴尔虎旗', '31', '150725'), ('383', '新巴尔虎左旗', '31', '150726'), ('384', '新巴尔虎右旗', '31', '150727'), ('385', '满洲里市', '31', '150781'), ('386', '牙克石市', '31', '150782'), ('387', '扎兰屯市', '31', '150783'), ('388', '额尔古纳市', '31', '150784'), ('389', '根河市', '31', '150785'), ('390', '临河区', '32', '150802'), ('754', '锡山区', '75', '320205'), ('755', '惠山区', '75', '320206'), ('756', '滨湖区', '75', '320211'), ('757', '江阴市', '75', '320281'), ('758', '宜兴市', '75', '320282'), ('759', '鼓楼区', '76', '410204'), ('760', '云龙区', '76', '320303'), ('761', '九里区', '76', '320304'), ('762', '贾汪区', '76', '320305'), ('763', '泉山区', '76', '320311'), ('764', '丰县', '76', '320321'), ('765', '沛县', '76', '320322'), ('766', '铜山县', '76', '320323'), ('767', '睢宁县', '76', '621026'), ('768', '新沂市', '76', '320381'), ('769', '邳州市', '76', '320382'), ('770', '天宁区', '77', '320402'), ('771', '钟楼区', '77', '320404'), ('772', '戚墅堰区', '77', '320405'), ('773', '新北区', '77', '320411'), ('774', '武进区', '77', '320412'), ('775', '溧阳市', '77', '320481'), ('776', '金坛市', '77', '320482'), ('777', '沧浪区', '78', '320502'), ('778', '平江区', '78', '320503'), ('779', '金阊区', '78', '320504'), ('780', '虎丘区', '78', '320505'), ('781', '吴中区', '78', '320506'), ('782', '相城区', '78', '320507'), ('783', '常熟市', '78', '320581'), ('784', '张家港市', '78', '320582'), ('785', '昆山市', '78', '320583'), ('786', '吴江市', '78', '320584'), ('787', '太仓市', '78', '320585'), ('788', '崇川区', '79', '320602'), ('789', '港闸区', '79', '320611'), ('790', '海安县', '79', '510724'), ('791', '如东县', '79', '320623'), ('792', '启东市', '79', '320681'), ('793', '如皋市', '79', '320682'), ('794', '通州市', '79', '320683'), ('795', '海门市', '79', '320684'), ('796', '连云区', '80', '320703'), ('797', '新浦区', '80', '320705'), ('798', '海州区', '80', '320706'), ('799', '赣榆县', '80', '320721'), ('800', '东海县', '80', '320722'), ('801', '灌云县', '80', '530922'), ('802', '灌南县', '80', '430921'), ('803', '清河区', '81', '320802'), ('804', '楚州区', '81', '320803'), ('805', '淮阴区', '81', '320804'), ('806', '清浦区', '81', '320811');
INSERT INTO `sys_qud_qux_arch` VALUES ('807', '涟水县', '81', '320826'), ('808', '洪泽县', '81', '320829'), ('809', '盱眙县', '81', '320830'), ('810', '金湖县', '81', '320831'), ('811', '亭湖区', '82', '320902'), ('812', '盐都区', '82', '320903'), ('813', '响水县', '82', '320921'), ('814', '滨海县', '82', '320922'), ('815', '阜宁县', '82', '621026'), ('816', '射阳县', '82', '320924'), ('817', '建湖县', '82', '320925'), ('818', '东台市', '82', '320981'), ('819', '大丰市', '82', '320982'), ('820', '广陵区', '83', '321002'), ('821', '邗江区', '83', '321003'), ('822', '维扬区', '83', '321011'), ('823', '宝应县', '83', '321023'), ('824', '仪征市', '83', '321081'), ('825', '高邮市', '83', '321084'), ('826', '江都市', '83', '321088'), ('827', '京口区', '84', '321102'), ('828', '润州区', '84', '321111'), ('829', '丹徒区', '84', '321112'), ('830', '丹阳市', '84', '321181'), ('831', '扬中市', '84', '321182'), ('832', '句容市', '84', '321183'), ('833', '海陵区', '85', '321202'), ('834', '高港区', '85', '321203'), ('835', '兴化市', '85', '321281'), ('836', '靖江市', '85', '321282'), ('837', '泰兴市', '85', '321283'), ('838', '姜堰市', '85', '321284'), ('839', '宿城区', '86', '321302'), ('840', '宿豫区', '86', '321311'), ('841', '沭阳县', '86', '321322'), ('842', '泗阳县', '86', '321323'), ('843', '泗洪县', '86', '321324'), ('844', '上城区', '87', '330102'), ('845', '下城区', '87', '330103'), ('846', '江干区', '87', '330104'), ('847', '拱墅区', '87', '330105'), ('848', '西湖区', '87', '360103'), ('849', '滨江区', '87', '330108'), ('850', '萧山区', '87', '330109'), ('851', '余杭区', '87', '330110'), ('852', '桐庐县', '87', '330122'), ('853', '淳安县', '87', '510724'), ('854', '建德市', '87', '330182'), ('855', '富阳市', '87', '330183'), ('856', '临安市', '87', '330185'), ('857', '海曙区', '88', '330203'), ('858', '江东区', '88', '330204'), ('859', '江北区', '88', '500105'), ('860', '北仑区', '88', '330206'), ('861', '镇海区', '88', '330211'), ('862', '鄞州区', '88', '330212'), ('863', '象山县', '88', '330225'), ('864', '宁海县', '88', '330226'), ('865', '余姚市', '88', '330281'), ('866', '慈溪市', '88', '330282'), ('867', '奉化市', '88', '330283'), ('868', '鹿城区', '89', '330302'), ('869', '龙湾区', '89', '330303'), ('870', '瓯海区', '89', '330304'), ('871', '洞头县', '89', '330322'), ('872', '永嘉县', '89', '330324'), ('873', '平阳县', '89', '330326'), ('874', '苍南县', '89', '430921'), ('875', '文成县', '89', '621221'), ('876', '泰顺县', '89', '330329'), ('877', '瑞安市', '89', '330381'), ('878', '乐清市', '89', '330382'), ('879', '秀城区', '90', '330402'), ('880', '秀洲区', '90', '330411'), ('881', '嘉善县', '90', '330421'), ('882', '海盐县', '90', '330424'), ('883', '海宁市', '90', '330481'), ('884', '平湖市', '90', '330482'), ('885', '桐乡市', '90', '330483'), ('886', '吴兴区', '91', '330502'), ('887', '南浔区', '91', '330503'), ('888', '德清县', '91', '330521'), ('889', '长兴县', '91', '330522'), ('890', '安吉县', '91', '330523'), ('891', '越城区', '92', '330602'), ('892', '绍兴县', '92', '330621'), ('893', '新昌县', '92', '330624'), ('894', '诸暨市', '92', '330681'), ('895', '上虞市', '92', '330682'), ('896', '嵊州市', '92', '330683'), ('897', '婺城区', '93', '330702'), ('898', '金东区', '93', '330703'), ('899', '武义县', '93', '330723'), ('900', '浦江县', '93', '330726'), ('901', '磐安县', '93', '510724'), ('902', '兰溪市', '93', '330781'), ('903', '义乌市', '93', '330782'), ('904', '东阳市', '93', '330783'), ('905', '永康市', '93', '330784'), ('906', '柯城区', '94', '330802');
INSERT INTO `sys_qud_qux_arch` VALUES ('907', '衢江区', '94', '330803'), ('908', '常山县', '94', '330822'), ('909', '开化县', '94', '330824'), ('910', '龙游县', '94', '330825'), ('911', '江山市', '94', '330881'), ('912', '定海区', '95', '330902'), ('913', '普陀区', '95', '310107'), ('914', '岱山县', '95', '330921'), ('915', '嵊泗县', '95', '341324'), ('916', '椒江区', '96', '331002'), ('917', '黄岩区', '96', '331003'), ('918', '路桥区', '96', '331004'), ('919', '玉环县', '96', '621022'), ('920', '三门县', '96', '331022'), ('921', '天台县', '96', '331023'), ('922', '仙居县', '96', '331024'), ('923', '温岭市', '96', '331081'), ('924', '临海市', '96', '331082'), ('925', '莲都区', '97', '331102'), ('926', '青田县', '97', '331121'), ('927', '缙云县', '97', '530922'), ('928', '遂昌县', '97', '331123'), ('929', '松阳县', '97', '331124'), ('930', '云和县', '97', '341424'), ('931', '庆元县', '97', '331126'), ('932', '景宁畲族自治县', '97', '331127'), ('933', '龙泉市', '97', '331181'), ('934', '瑶海区', '98', '340102'), ('935', '庐阳区', '98', '340103'), ('936', '蜀山区', '98', '340104'), ('937', '包河区', '98', '340111'), ('938', '长丰县', '98', '320321'), ('939', '肥东县', '98', '340122'), ('940', '肥西县', '98', '340123'), ('941', '镜湖区', '99', '340202'), ('942', '马塘区', '99', null), ('943', '新芜区', '99', null), ('944', '鸠江区', '99', '340207'), ('945', '芜湖县', '99', '340221'), ('946', '繁昌县', '99', '340222'), ('947', '南陵县', '99', '371421'), ('948', '龙子湖区', '100', '340302'), ('949', '蚌山区', '100', '340303'), ('950', '禹会区', '100', '340304'), ('951', '淮上区', '100', '340311'), ('952', '怀远县', '100', '340321'), ('953', '五河县', '100', '340322'), ('954', '固镇县', '100', '340323'), ('955', '大通区', '101', '340402'), ('956', '田家庵区', '101', '340403'), ('957', '谢家集区', '101', '340404'), ('958', '八公山区', '101', '340405'), ('959', '潘集区', '101', '340406'), ('960', '凤台县', '101', '340421'), ('961', '金家庄区', '102', '340502'), ('962', '花山区', '102', '340503'), ('963', '雨山区', '102', '340504'), ('964', '当涂县', '102', '340521'), ('965', '杜集区', '103', '340602'), ('966', '相山区', '103', '340603'), ('967', '烈山区', '103', '340604'), ('968', '濉溪县', '103', '340621'), ('969', '铜官山区', '104', '340702'), ('970', '狮子山区', '104', '340703'), ('971', '郊区', '104', null), ('972', '铜陵县', '104', '371421'), ('973', '迎江区', '105', '340802'), ('974', '大观区', '105', '340803'), ('975', '郊区', '105', null), ('976', '怀宁县', '105', '621026'), ('977', '枞阳县', '105', '340823'), ('978', '潜山县', '105', '340824'), ('979', '太湖县', '105', '340825'), ('980', '宿松县', '105', '340826'), ('981', '望江县', '105', '340827'), ('982', '岳西县', '105', '340828'), ('983', '桐城市', '105', '340881'), ('984', '屯溪区', '106', '341002'), ('985', '黄山区', '106', '341003'), ('986', '徽州区', '106', '341004'), ('987', '歙县', '106', '341021'), ('988', '休宁县', '106', '621026'), ('989', '黟县', '106', '341023'), ('990', '祁门县', '106', '341024'), ('991', '琅琊区', '107', '341102'), ('992', '南谯区', '107', '341103'), ('993', '来安县', '107', '510724'), ('994', '全椒县', '107', '341124'), ('995', '定远县', '107', '341125'), ('996', '凤阳县', '107', '341126'), ('997', '天长市', '107', '341181'), ('998', '明光市', '107', '341182'), ('999', '颍州区', '108', '341202'), ('1000', '颍东区', '108', '341203'), ('1001', '颍泉区', '108', '341204'), ('2714', '互助土族自治县', '313', '632126'), ('2715', '化隆回族自治县', '313', '632127'), ('2716', '循化撒拉族自治县', '313', '632128'), ('2717', '门源回族自治县', '314', '632221'), ('2718', '祁连县', '314', '632222');
INSERT INTO `sys_qud_qux_arch` VALUES ('2719', '海晏县', '314', '632223'), ('2720', '刚察县', '314', '632224'), ('2721', '同仁县', '315', '632321'), ('2722', '尖扎县', '315', '632322'), ('2723', '泽库县', '315', '632323'), ('2724', '河南蒙古族自治县', '315', '632324'), ('2725', '共和县', '316', '632521'), ('2726', '同德县', '316', '632522'), ('2727', '贵德县', '316', '632523'), ('2728', '兴海县', '316', '632524'), ('2729', '贵南县', '316', '430921'), ('2730', '玛沁县', '317', '632621'), ('2731', '班玛县', '317', '632622'), ('2732', '甘德县', '317', '632623'), ('2733', '达日县', '317', '632624'), ('2734', '久治县', '317', '632625'), ('2735', '玛多县', '317', '632626'), ('2736', '玉树县', '318', '632721'), ('2737', '杂多县', '318', '632722'), ('2738', '称多县', '318', '632723'), ('2739', '治多县', '318', '632724'), ('2740', '囊谦县', '318', '632725'), ('2741', '曲麻莱县', '318', '632726'), ('2742', '格尔木市', '319', '632801'), ('2743', '德令哈市', '319', '632802'), ('2744', '乌兰县', '319', '632821'), ('2745', '都兰县', '319', '632822'), ('2746', '天峻县', '319', '632823'), ('2747', '兴庆区', '320', '640104'), ('2748', '西夏区', '320', '640105'), ('2749', '金凤区', '320', '640106'), ('2750', '永宁县', '320', '640121'), ('2751', '贺兰县', '320', '640122'), ('2752', '灵武市', '320', '640181'), ('2753', '大武口区', '321', '640202'), ('2754', '惠农区', '321', '640205'), ('2755', '平罗县', '321', '640221'), ('2756', '利通区', '322', '640302'), ('2757', '盐池县', '322', '640323'), ('2758', '同心县', '322', '640324'), ('2759', '青铜峡市', '322', '640381'), ('2760', '原州区', '323', '640402'), ('2761', '西吉县', '323', '640422'), ('2762', '隆德县', '323', '640423'), ('2763', '泾源县', '323', '640424'), ('2764', '彭阳县', '323', '640425'), ('2765', '沙坡头区', '324', '440804'), ('2766', '中宁县', '324', '640521'), ('2767', '海原县', '324', '640522'), ('2768', '天山区', '325', '650102'), ('2769', '沙依巴克区', '325', '650103'), ('2770', '新市区', '325', '650104'), ('2771', '水磨沟区', '325', '650105'), ('2772', '头屯河区', '325', '650106'), ('2773', '达坂城区', '325', '650107'), ('2774', '东山区', '325', '650108'), ('2775', '乌鲁木齐县', '325', '650121'), ('2776', '独山子区', '326', '650202'), ('2777', '克拉玛依区', '326', '650203'), ('2778', '白碱滩区', '326', '650204'), ('2779', '乌尔禾区', '326', '650205'), ('2780', '吐鲁番市', '327', '652101'), ('2781', '鄯善县', '327', '652122'), ('2782', '托克逊县', '327', '652123'), ('2783', '哈密市', '328', '652201'), ('2784', '巴里坤哈萨克自治县', '328', '652222'), ('2785', '伊吾县', '328', '652223'), ('2786', '昌吉市', '329', '652301'), ('2787', '阜康市', '329', '652302'), ('2788', '米泉市', '329', '652303'), ('2789', '呼图壁县', '329', '652323'), ('2790', '玛纳斯县', '329', '652324'), ('2791', '奇台县', '329', '652325'), ('2792', '吉木萨尔县', '329', '652327'), ('2793', '木垒哈萨克自治县', '329', '652328'), ('2794', '博乐市', '330', '652701'), ('2795', '精河县', '330', '652722'), ('2796', '温泉县', '330', '652723'), ('1002', '临泉县', '108', '341221'), ('1003', '太和县', '108', '341424'), ('1004', '阜南县', '108', '430921'), ('1005', '颍上县', '108', '341226'), ('1006', '界首市', '108', '341282'), ('1007', '埇桥区', '109', '341302'), ('1008', '砀山县', '109', '341321'), ('1009', '萧县', '109', '341322'), ('1010', '灵璧县', '109', '341323'), ('1011', '泗县', '109', '341324'), ('1012', '居巢区', '110', '341402'), ('1013', '庐江县', '110', '341421'), ('1014', '无为县', '110', '341422'), ('1015', '含山县', '110', '341423'), ('1016', '和县', '110', '341424'), ('1017', '金安区', '111', '341502'), ('1018', '裕安区', '111', '341503'), ('1019', '寿县', '111', '341521'), ('1020', '霍邱县', '111', '130430'), ('1021', '舒城县', '111', '341523'), ('1022', '金寨县', '111', '341524'), ('1023', '霍山县', '111', '341525');
INSERT INTO `sys_qud_qux_arch` VALUES ('1024', '谯城区', '112', '341602'), ('1025', '涡阳县', '112', '341621'), ('1026', '蒙城县', '112', '341622'), ('1027', '利辛县', '112', '341623'), ('1028', '贵池区', '113', '341702'), ('1029', '东至县', '113', '341721'), ('1030', '石台县', '113', '341722'), ('1031', '青阳县', '113', '341723'), ('1032', '宣州区', '114', '341802'), ('1033', '郎溪县', '114', '341821'), ('1034', '广德县', '114', '341822'), ('1035', '泾县', '114', '341823'), ('1036', '绩溪县', '114', '341824'), ('1037', '旌德县', '114', '341825'), ('1038', '宁国市', '114', '341881'), ('1039', '鼓楼区', '115', '410204'), ('1040', '台江区', '115', '350103'), ('1041', '仓山区', '115', '350104'), ('1042', '马尾区', '115', '350105'), ('1043', '晋安区', '115', '350111'), ('1044', '闽侯县', '115', '350121'), ('1045', '连江县', '115', '350122'), ('1046', '罗源县', '115', '350123'), ('1047', '闽清县', '115', '350124'), ('1048', '永泰县', '115', '350125'), ('1049', '平潭县', '115', '350128'), ('1050', '福清市', '115', '350181'), ('1051', '长乐市', '115', '350182'), ('1052', '思明区', '116', '350203'), ('1053', '海沧区', '116', '350205'), ('1054', '湖里区', '116', '350206'), ('1055', '集美区', '116', '350211'), ('1056', '同安区', '116', '350212'), ('1057', '翔安区', '116', '350213'), ('1058', '城厢区', '117', '350302'), ('1059', '涵江区', '117', '350303'), ('1060', '荔城区', '117', '350304'), ('1061', '秀屿区', '117', '350305'), ('1062', '仙游县', '117', '350322'), ('1063', '梅列区', '118', '350402'), ('1064', '三元区', '118', '350403'), ('1065', '明溪县', '118', '350421'), ('1066', '清流县', '118', '350423'), ('1067', '宁化县', '118', '350424'), ('1068', '大田县', '118', '350425'), ('1069', '尤溪县', '118', '350426'), ('1070', '沙县', '118', '350427'), ('1071', '将乐县', '118', '350428'), ('1072', '泰宁县', '118', '621026'), ('1073', '建宁县', '118', '621026'), ('1074', '永安市', '118', '350481'), ('1075', '鲤城区', '119', '350502'), ('1076', '丰泽区', '119', '350503'), ('1077', '洛江区', '119', '350504'), ('1078', '泉港区', '119', '350505'), ('1079', '惠安县', '119', '510724'), ('1080', '安溪县', '119', '350524'), ('1081', '永春县', '119', '350525'), ('1082', '德化县', '119', '350526'), ('1083', '金门县', '119', '350527'), ('1084', '石狮市', '119', '350581'), ('1085', '晋江市', '119', '350582'), ('1086', '南安市', '119', '350583'), ('1087', '芗城区', '120', '350602'), ('1088', '龙文区', '120', '350603'), ('1089', '云霄县', '120', '350622'), ('1090', '漳浦县', '120', '350623'), ('1091', '诏安县', '120', '510724'), ('1092', '长泰县', '120', '350625'), ('1093', '东山县', '120', '350626'), ('1094', '南靖县', '120', '350627'), ('1095', '平和县', '120', '350628'), ('1096', '华安县', '120', '510724'), ('1097', '龙海市', '120', '350681'), ('1098', '延平区', '121', '350702'), ('1099', '顺昌县', '121', '350721'), ('1100', '浦城县', '121', '350722'), ('1101', '光泽县', '121', '350723'), ('1102', '松溪县', '121', '350724'), ('1103', '政和县', '121', '350725'), ('1104', '邵武市', '121', '350781'), ('1105', '武夷山市', '121', '350782'), ('1106', '建瓯市', '121', '350783'), ('1107', '建阳市', '121', '350784'), ('1108', '新罗区', '122', '350802'), ('1109', '长汀县', '122', '350821'), ('1110', '永定县', '122', '350822'), ('1111', '上杭县', '122', '350823'), ('1112', '武平县', '122', '350824'), ('1113', '连城县', '122', '350825'), ('1114', '漳平市', '122', '350881'), ('1115', '蕉城区', '123', '350902'), ('1116', '霞浦县', '123', '350921'), ('1117', '古田县', '123', '350922'), ('1118', '屏南县', '123', '430921'), ('1119', '寿宁县', '123', '621026'), ('1120', '周宁县', '123', '621026'), ('1467', '陕县', '163', '411222'), ('1468', '卢氏县', '163', '411224'), ('1469', '义马市', '163', '411281');
INSERT INTO `sys_qud_qux_arch` VALUES ('1470', '灵宝市', '163', '411282'), ('1471', '宛城区', '164', '411302'), ('1472', '卧龙区', '164', '411303'), ('1473', '南召县', '164', '411321'), ('1474', '方城县', '164', '411322'), ('1475', '西峡县', '164', '411323'), ('1476', '镇平县', '164', '411324'), ('1477', '内乡县', '164', '411325'), ('1478', '淅川县', '164', '411326'), ('1479', '社旗县', '164', '411327'), ('1480', '唐河县', '164', '411328'), ('1481', '新野县', '164', '411329'), ('1482', '桐柏县', '164', '411330'), ('1483', '邓州市', '164', '411381'), ('1484', '梁园区', '165', '411402'), ('1485', '睢阳区', '165', '411403'), ('1486', '民权县', '165', '411421'), ('1487', '睢县', '165', '411422'), ('1488', '宁陵县', '165', '411423'), ('1489', '柘城县', '165', '411424'), ('1490', '虞城县', '165', '411425'), ('1491', '夏邑县', '165', '411426'), ('1492', '永城市', '165', '411481'), ('1493', '浉河区', '166', '411502'), ('1494', '平桥区', '166', '411503'), ('1495', '罗山县', '166', '411521'), ('1496', '光山县', '166', '411522'), ('1497', '新县', '166', '411523'), ('1498', '商城县', '166', '411524'), ('1499', '固始县', '166', '411525'), ('1500', '潢川县', '166', '411526'), ('1501', '淮滨县', '166', '411527'), ('1502', '息县', '166', '411528'), ('1503', '川汇区', '167', '411602'), ('1504', '扶沟县', '167', '411621'), ('1505', '西华县', '167', '411622'), ('1506', '商水县', '167', '411623'), ('1507', '沈丘县', '167', '411624'), ('1508', '郸城县', '167', '411625'), ('1509', '淮阳县', '167', '411626'), ('1510', '太康县', '167', '411627'), ('1511', '鹿邑县', '167', '411628'), ('1512', '项城市', '167', '411681'), ('1513', '驿城区', '168', '411702'), ('1514', '西平县', '168', '411721'), ('1515', '上蔡县', '168', '411722'), ('1516', '平舆县', '168', '411723'), ('1517', '正阳县', '168', '411724'), ('1518', '确山县', '168', '411725'), ('1519', '泌阳县', '168', '411726'), ('1520', '汝南县', '168', '430921'), ('1521', '遂平县', '168', '411728'), ('1522', '新蔡县', '168', '411729'), ('1523', '江岸区', '169', '420102'), ('1524', '江汉区', '169', '420103'), ('1525', '硚口区', '169', '420104'), ('1526', '汉阳区', '169', '420105'), ('1527', '武昌区', '169', '420106'), ('1528', '青山区', '169', '420107'), ('1529', '洪山区', '169', '420111'), ('1530', '东西湖区', '169', '420112'), ('1531', '汉南区', '169', '420113'), ('1532', '蔡甸区', '169', '420114'), ('1533', '江夏区', '169', '420115'), ('1534', '黄陂区', '169', '420116'), ('1535', '新洲区', '169', '420117'), ('1536', '黄石港区', '170', '420202'), ('1537', '西塞山区', '170', '420203'), ('1538', '下陆区', '170', '420204'), ('1539', '铁山区', '170', '420205'), ('1540', '阳新县', '170', '420222'), ('1541', '大冶市', '170', '420281'), ('1542', '茅箭区', '171', '420302'), ('1543', '张湾区', '171', '420303'), ('1544', '郧县', '171', '420321'), ('1545', '郧西县', '171', '420322'), ('1546', '竹山县', '171', '420323'), ('1547', '竹溪县', '171', '420324'), ('1548', '房县', '171', '420325'), ('1549', '丹江口市', '171', '420381'), ('1550', '西陵区', '172', '420502'), ('1551', '伍家岗区', '172', '420503'), ('1552', '点军区', '172', '420504'), ('1553', '猇亭区', '172', '420505'), ('1554', '夷陵区', '172', '420506'), ('1555', '远安县', '172', '510724'), ('1556', '兴山县', '172', '420526'), ('1557', '秭归县', '172', '420527'), ('1558', '长阳土家族自治县', '172', '420528'), ('1559', '五峰土家族自治县', '172', '420529'), ('1560', '宜都市', '172', '420581'), ('1561', '当阳市', '172', '420582'), ('1562', '枝江市', '172', '420583'), ('1563', '襄城区', '173', '420602'), ('1564', '樊城区', '173', '420606'), ('1565', '襄阳区', '173', '420607'), ('1566', '南漳县', '173', '420624'), ('1567', '谷城县', '173', '420625'), ('1568', '保康县', '173', '420626'), ('1569', '老河口市', '173', '420682');
INSERT INTO `sys_qud_qux_arch` VALUES ('1570', '枣阳市', '173', '420683'), ('1571', '宜城市', '173', '420684'), ('1572', '梁子湖区', '174', '420702'), ('1573', '华容区', '174', '420703'), ('1574', '鄂城区', '174', '420704'), ('1575', '东宝区', '175', '420802'), ('1576', '掇刀区', '175', '420804'), ('1577', '京山县', '175', '420821'), ('1578', '沙洋县', '175', '420822'), ('1579', '钟祥市', '175', '420881'), ('1580', '孝南区', '176', '420902'), ('1581', '孝昌县', '176', '420921'), ('1582', '大悟县', '176', '420922'), ('1583', '云梦县', '176', '420923'), ('1584', '应城市', '176', '420981'), ('1585', '安陆市', '176', '420982'), ('1586', '汉川市', '176', '420984'), ('1587', '沙市区', '177', '421002'), ('1588', '荆州区', '177', '421003'), ('1589', '公安县', '177', '510724'), ('1590', '监利县', '177', '421023'), ('1591', '江陵县', '177', '421024'), ('1592', '石首市', '177', '421081'), ('1593', '洪湖市', '177', '421083'), ('1594', '松滋市', '177', '421087'), ('1595', '黄州区', '178', '421102'), ('1596', '团风县', '178', '421121'), ('1597', '红安县', '178', '510724'), ('1598', '罗田县', '178', '421123'), ('1599', '英山县', '178', '421124'), ('1600', '浠水县', '178', '421125'), ('1601', '蕲春县', '178', '421126'), ('1602', '黄梅县', '178', '441421'), ('1603', '麻城市', '178', '421181'), ('1604', '武穴市', '178', '421182'), ('1605', '咸安区', '179', '421202'), ('1606', '嘉鱼县', '179', '421221'), ('1607', '通城县', '179', '421222'), ('1608', '崇阳县', '179', '421223'), ('1609', '通山县', '179', '421224'), ('1610', '赤壁市', '179', '421281'), ('1611', '曾都区', '180', '421302'), ('1612', '广水市', '180', '421381'), ('1613', '恩施市', '181', '422801'), ('1614', '利川市', '181', '422802'), ('1615', '建始县', '181', '422822'), ('1616', '巴东县', '181', '422823'), ('1617', '宣恩县', '181', '422825'), ('1618', '咸丰县', '181', '422826'), ('1619', '来凤县', '181', '422827'), ('1620', '鹤峰县', '181', '422828'), ('1621', '仙桃市', '182', '429004'), ('1622', '潜江市', '182', '429005'), ('1623', '天门市', '182', '429006'), ('1624', '神农架林区', '182', '429021'), ('1625', '芙蓉区', '183', '430102'), ('1626', '天心区', '183', '430103'), ('1627', '岳麓区', '183', '430104'), ('1628', '开福区', '183', '430105'), ('1629', '雨花区', '183', '430111'), ('1630', '长沙县', '183', '430121'), ('1631', '望城县', '183', '430122'), ('1632', '宁乡县', '183', '430124'), ('1633', '浏阳市', '183', '430181'), ('1634', '荷塘区', '184', '430202'), ('1635', '芦淞区', '184', '430203'), ('1636', '石峰区', '184', '430204'), ('1637', '天元区', '184', '430211'), ('1638', '株洲县', '184', '430221'), ('1639', '攸县', '184', '430223'), ('1640', '茶陵县', '184', '430224'), ('1641', '炎陵县', '184', '430225'), ('1642', '醴陵市', '184', '430281'), ('1643', '雨湖区', '185', '430302'), ('1644', '岳塘区', '185', '430304'), ('1645', '湘潭县', '185', '430321'), ('1646', '湘乡市', '185', '430381'), ('1647', '韶山市', '185', '430382'), ('1648', '珠晖区', '186', '430405'), ('1649', '雁峰区', '186', '430406'), ('1650', '石鼓区', '186', '430407'), ('1651', '蒸湘区', '186', '430408'), ('1652', '南岳区', '186', '430412'), ('1653', '衡阳县', '186', '430421'), ('1654', '衡南县', '186', '430921'), ('1655', '衡山县', '186', '430423'), ('1656', '衡东县', '186', '430424'), ('1657', '祁东县', '186', '430426'), ('1658', '耒阳市', '186', '430481'), ('1659', '常宁市', '186', '430482'), ('1660', '双清区', '187', '430502'), ('1661', '大祥区', '187', '430503'), ('1662', '北塔区', '187', '430511'), ('1663', '邵东县', '187', '430521'), ('1664', '新邵县', '187', '430522'), ('1665', '邵阳县', '187', '430523'), ('1666', '隆回县', '187', '430524'), ('1667', '洞口县', '187', '430525'), ('1668', '绥宁县', '187', '430527'), ('1669', '新宁县', '187', '430528');
INSERT INTO `sys_qud_qux_arch` VALUES ('1670', '城步苗族自治县', '187', '430529'), ('1671', '武冈市', '187', '430581'), ('1672', '岳阳楼区', '188', '430602'), ('1673', '云溪区', '188', '430603'), ('1674', '君山区', '188', '430611'), ('1675', '岳阳县', '188', '430621'), ('1676', '华容县', '188', '450921'), ('1677', '湘阴县', '188', '430624'), ('1678', '平江县', '188', '430626'), ('1679', '汨罗市', '188', '430681'), ('1680', '临湘市', '188', '430682'), ('1681', '武陵区', '189', '430702'), ('1682', '鼎城区', '189', '430703'), ('1683', '安乡县', '189', '430721'), ('1684', '汉寿县', '189', '430722'), ('1685', '澧县', '189', '430723'), ('1686', '临澧县', '189', '430724'), ('1687', '桃源县', '189', '430725'), ('1688', '石门县', '189', '430726'), ('1689', '津市市', '189', '430781'), ('1690', '永定区', '190', '430802'), ('1691', '武陵源区', '190', '430811'), ('1692', '慈利县', '190', '430821'), ('1693', '桑植县', '190', '430822'), ('1694', '资阳区', '191', '430902'), ('1695', '赫山区', '191', '430903'), ('1696', '南县', '191', '430921'), ('1697', '桃江县', '191', '430922'), ('1698', '安化县', '191', '430923'), ('1699', '沅江市', '191', '430981'), ('1700', '北湖区', '192', '431002'), ('1701', '苏仙区', '192', '431003'), ('1702', '桂阳县', '192', '431021'), ('1703', '宜章县', '192', '431022'), ('1704', '永兴县', '192', '431023'), ('1705', '嘉禾县', '192', '431024'), ('1706', '临武县', '192', '431025'), ('1707', '汝城县', '192', '431026'), ('1708', '桂东县', '192', '431027'), ('1709', '安仁县', '192', '431028'), ('1710', '资兴市', '192', '431081'), ('1711', '芝山区', '193', null), ('1712', '冷水滩区', '193', '431103'), ('1713', '祁阳县', '193', '431121'), ('1714', '东安县', '193', '510724'), ('1715', '双牌县', '193', '431123'), ('1716', '道县', '193', '431124'), ('1717', '江永县', '193', '431125'), ('1718', '宁远县', '193', '431126'), ('1719', '蓝山县', '193', '431127'), ('1720', '新田县', '193', '431128'), ('1721', '江华瑶族自治县', '193', '431129'), ('1722', '鹤城区', '194', '431202'), ('1723', '中方县', '194', '431221'), ('1724', '沅陵县', '194', '431222'), ('1725', '辰溪县', '194', '431223'), ('1726', '溆浦县', '194', '431224'), ('1727', '会同县', '194', '431225'), ('1728', '麻阳苗族自治县', '194', '431226'), ('1729', '新晃侗族自治县', '194', '431227'), ('1730', '芷江侗族自治县', '194', '431228'), ('1731', '靖州苗族侗族自治县', '194', '431229'), ('1732', '通道侗族自治县', '194', '431230'), ('1733', '洪江市', '194', '431281'), ('1734', '娄星区', '195', '431302'), ('1735', '双峰县', '195', '431321'), ('1736', '新化县', '195', '431322'), ('1737', '冷水江市', '195', '431381'), ('1738', '涟源市', '195', '431382'), ('1739', '吉首市', '196', '433101'), ('1740', '泸溪县', '196', '433122'), ('1741', '凤凰县', '196', '433123'), ('1742', '花垣县', '196', '433124'), ('1743', '保靖县', '196', '433125'), ('1744', '古丈县', '196', '433126'), ('1745', '永顺县', '196', '433127'), ('1746', '龙山县', '196', '433130'), ('1747', '东山区', '197', '650108'), ('1748', '荔湾区', '197', '440103'), ('1749', '越秀区', '197', '440104'), ('1750', '海珠区', '197', '440105'), ('1751', '天河区', '197', '440106'), ('1752', '芳村区', '197', null), ('1753', '白云区', '197', '520113'), ('1754', '黄埔区', '197', '440112'), ('1755', '番禺区', '197', '440113'), ('1756', '花都区', '197', '440114'), ('1757', '增城市', '197', '440183'), ('1758', '从化市', '197', '440184'), ('1759', '武江区', '198', '440203'), ('1760', '浈江区', '198', '440204'), ('1761', '曲江区', '198', '440205'), ('1762', '始兴县', '198', '440222'), ('1763', '仁化县', '198', '440224'), ('1764', '翁源县', '198', '440229'), ('1765', '乳源瑶族自治县', '198', '440232'), ('1766', '新丰县', '198', '440233'), ('1767', '乐昌市', '198', '440281'), ('1768', '南雄市', '198', '440282'), ('1769', '罗湖区', '199', '440303');
INSERT INTO `sys_qud_qux_arch` VALUES ('1770', '福田区', '199', '440304'), ('1771', '南山区', '199', '440305'), ('1772', '宝安区', '199', '440306'), ('1773', '龙岗区', '199', '440307'), ('1774', '盐田区', '199', '440308'), ('1775', '香洲区', '200', '440402'), ('1776', '斗门区', '200', '440403'), ('1777', '金湾区', '200', '440404'), ('1778', '龙湖区', '201', '440507'), ('1779', '金平区', '201', '440511'), ('1780', '濠江区', '201', '440512'), ('1781', '潮阳区', '201', '440513'), ('1782', '潮南区', '201', '440514'), ('1783', '澄海区', '201', '440515'), ('1784', '南澳县', '201', '440523'), ('1785', '禅城区', '202', '440604'), ('1786', '南海区', '202', '440605'), ('1787', '顺德区', '202', '440606'), ('1788', '三水区', '202', '440607'), ('1789', '高明区', '202', '440608'), ('1790', '蓬江区', '203', '440703'), ('1791', '江海区', '203', '440704'), ('1792', '新会区', '203', '440705'), ('1793', '台山市', '203', '440781'), ('1794', '开平市', '203', '440783'), ('1795', '鹤山市', '203', '440784'), ('1796', '恩平市', '203', '440785'), ('1797', '赤坎区', '204', '440802'), ('1798', '霞山区', '204', '440803'), ('1799', '坡头区', '204', '440804'), ('1800', '麻章区', '204', '440811'), ('1801', '遂溪县', '204', '440823'), ('1802', '徐闻县', '204', '440825'), ('1803', '廉江市', '204', '440881'), ('1804', '雷州市', '204', '440882'), ('1805', '吴川市', '204', '440883'), ('1806', '茂南区', '205', '440902'), ('1121', '柘荣县', '123', '510321'), ('1122', '福安市', '123', '350981'), ('1123', '福鼎市', '123', '350982'), ('1124', '东湖区', '124', '360102'), ('1125', '西湖区', '124', '360103'), ('391', '五原县', '32', '150821'), ('392', '磴口县', '32', '150822'), ('393', '乌拉特前旗', '32', '150823'), ('394', '乌拉特中旗', '32', '150824'), ('395', '乌拉特后旗', '32', '150825'), ('396', '杭锦后旗', '32', '150826'), ('397', '集宁区', '33', '150902'), ('398', '卓资县', '33', '150921'), ('399', '化德县', '33', '150922'), ('400', '商都县', '33', '150923'), ('401', '兴和县', '33', '341424'), ('402', '凉城县', '33', '150925'), ('403', '察哈尔右翼前旗', '33', '150926'), ('404', '察哈尔右翼中旗', '33', '150927'), ('405', '察哈尔右翼后旗', '33', '150928'), ('406', '四子王旗', '33', '150929'), ('407', '丰镇市', '33', '150981'), ('408', '乌兰浩特市', '34', '152201'), ('409', '阿尔山市', '34', '152202'), ('410', '科尔沁右翼前旗', '34', '152221'), ('411', '科尔沁右翼中旗', '34', '152222'), ('412', '扎赉特旗', '34', '152223'), ('413', '突泉县', '34', '152224'), ('414', '二连浩特市', '35', '152501'), ('415', '锡林浩特市', '35', '152502'), ('416', '阿巴嘎旗', '35', '152522'), ('417', '苏尼特左旗', '35', '152523'), ('418', '苏尼特右旗', '35', '152524'), ('419', '东乌珠穆沁旗', '35', '152525'), ('420', '西乌珠穆沁旗', '35', '152526'), ('421', '太仆寺旗', '35', '152527'), ('422', '镶黄旗', '35', '152528'), ('423', '正镶白旗', '35', '152529'), ('424', '正蓝旗', '35', '152530'), ('425', '多伦县', '35', '152531'), ('426', '阿拉善左旗', '36', '152921'), ('427', '阿拉善右旗', '36', '152922'), ('428', '额济纳旗', '36', '152923'), ('429', '和平区', '37', '120101'), ('430', '沈河区', '37', '210103'), ('431', '大东区', '37', '210104'), ('432', '皇姑区', '37', '210105'), ('433', '铁西区', '37', '220302'), ('434', '苏家屯区', '37', '210111'), ('435', '东陵区', '37', '210112'), ('436', '新城子区', '37', '210113'), ('437', '于洪区', '37', '210114'), ('438', '辽中县', '37', '210122'), ('439', '康平县', '37', '210123'), ('440', '法库县', '37', '210124'), ('441', '新民市', '37', '210181'), ('442', '中山区', '38', '210202'), ('443', '西岗区', '38', '210203'), ('444', '沙河口区', '38', '370503'), ('445', '甘井子区', '38', '210211'), ('446', '旅顺口区', '38', '210212'), ('447', '金州区', '38', '210213'), ('448', '长海县', '38', '210224');
INSERT INTO `sys_qud_qux_arch` VALUES ('449', '瓦房店市', '38', '210281'), ('450', '普兰店市', '38', '210282'), ('451', '庄河市', '38', '210283'), ('452', '铁东区', '39', '220303'), ('453', '铁西区', '39', '220302'), ('454', '立山区', '39', '210304'), ('455', '千山区', '39', '210311'), ('456', '台安县', '39', '510724'), ('457', '岫岩满族自治县', '39', '210323'), ('458', '海城市', '39', '210381'), ('459', '新抚区', '40', '210402'), ('460', '东洲区', '40', '210403'), ('461', '望花区', '40', '210404'), ('462', '顺城区', '40', '210411'), ('463', '抚顺县', '40', '210421'), ('464', '新宾满族自治县', '40', '210422'), ('465', '清原满族自治县', '40', '210423'), ('466', '平山区', '41', '210502'), ('467', '溪湖区', '41', '210503'), ('468', '明山区', '41', '210504'), ('469', '南芬区', '41', '210505'), ('470', '本溪满族自治县', '41', '210521'), ('471', '桓仁满族自治县', '41', '210522'), ('472', '元宝区', '42', '210602'), ('473', '振兴区', '42', '210603'), ('474', '振安区', '42', '210604'), ('475', '宽甸满族自治县', '42', '210624'), ('476', '东港市', '42', '210681'), ('477', '凤城市', '42', '210682'), ('478', '古塔区', '43', '210702'), ('479', '凌河区', '43', '210703'), ('480', '太和区', '43', '210711'), ('481', '黑山县', '43', '210726'), ('482', '义县', '43', '210727'), ('483', '凌海市', '43', '210781'), ('484', '北宁市', '43', '210782'), ('485', '站前区', '44', '210802'), ('486', '西市区', '44', '210803'), ('487', '鲅鱼圈区', '44', '210804'), ('488', '老边区', '44', '210811'), ('489', '盖州市', '44', '210881'), ('490', '大石桥市', '44', '210882'), ('491', '海州区', '45', '320706'), ('492', '新邱区', '45', '210903'), ('493', '太平区', '45', '210904'), ('494', '清河门区', '45', '210905'), ('495', '细河区', '45', '210911'), ('496', '阜新蒙古族自治县', '45', '210921'), ('497', '彰武县', '45', '210922'), ('498', '白塔区', '46', '211002'), ('499', '文圣区', '46', '211003'), ('500', '宏伟区', '46', '211004'), ('501', '弓长岭区', '46', '211005'), ('502', '太子河区', '46', '211011'), ('503', '辽阳县', '46', '211021'), ('504', '灯塔市', '46', '211081'), ('505', '双台子区', '47', '211102'), ('506', '兴隆台区', '47', '211103'), ('507', '大洼县', '47', '211121'), ('508', '盘山县', '47', '211122'), ('509', '银州区', '48', '211202'), ('510', '清河区', '48', '320802'), ('511', '铁岭县', '48', '211221'), ('512', '西丰县', '48', '320321'), ('513', '昌图县', '48', '211224'), ('514', '调兵山市', '48', '211281'), ('515', '开原市', '48', '211282'), ('516', '双塔区', '49', '211302'), ('517', '龙城区', '49', '211303'), ('518', '朝阳县', '49', '211321'), ('519', '建平县', '49', '211322'), ('520', '喀喇沁左翼蒙古族自治县', '49', '211324'), ('521', '北票市', '49', '211381'), ('522', '凌源市', '49', '211382'), ('523', '连山区', '50', '211402'), ('524', '龙港区', '50', '211403'), ('525', '南票区', '50', '211404'), ('526', '绥中县', '50', '211421'), ('527', '建昌县', '50', '211422'), ('528', '兴城市', '50', '211481'), ('529', '南关区', '51', '220102'), ('530', '宽城区', '51', '220103'), ('531', '朝阳区', '51', '110105'), ('532', '二道区', '51', '220105'), ('533', '绿园区', '51', '220106'), ('534', '双阳区', '51', '220112'), ('535', '农安县', '51', '510724'), ('536', '九台市', '51', '220181'), ('537', '榆树市', '51', '220182'), ('538', '德惠市', '51', '220183'), ('539', '昌邑区', '52', '220202'), ('540', '龙潭区', '52', '220203'), ('541', '船营区', '52', '220204'), ('542', '丰满区', '52', '220211'), ('543', '永吉县', '52', '220221'), ('544', '蛟河市', '52', '220281'), ('545', '桦甸市', '52', '220282'), ('546', '舒兰市', '52', '220283'), ('547', '磐石市', '52', '220284'), ('548', '铁西区', '53', '220302');
INSERT INTO `sys_qud_qux_arch` VALUES ('549', '铁东区', '53', '220303'), ('550', '梨树县', '53', '220322'), ('551', '伊通满族自治县', '53', '220323'), ('552', '公主岭市', '53', '220381'), ('553', '双辽市', '53', '220382'), ('554', '龙山区', '54', '220402'), ('555', '西安区', '54', '231005'), ('556', '东丰县', '54', '320321'), ('557', '东辽县', '54', '220422'), ('558', '东昌区', '55', '220502'), ('559', '二道江区', '55', '220503'), ('560', '通化县', '55', '220521'), ('561', '辉南县', '55', '430921'), ('562', '柳河县', '55', '220524'), ('563', '梅河口市', '55', '220581'), ('564', '集安市', '55', '220582'), ('565', '八道江区', '56', '220602'), ('566', '抚松县', '56', '220621'), ('567', '靖宇县', '56', '220622'), ('568', '长白朝鲜族自治县', '56', '220623'), ('569', '江源县', '56', '220604'), ('570', '临江市', '56', '220681'), ('571', '宁江区', '57', '220702'), ('572', '前郭尔罗斯蒙古族自治县', '57', '220721'), ('573', '长岭县', '57', '220722'), ('574', '乾安县', '57', '510724'), ('575', '扶余县', '57', '220724'), ('576', '洮北区', '58', '220802'), ('577', '镇赉县', '58', '220821'), ('578', '通榆县', '58', '220822'), ('579', '洮南市', '58', '220881'), ('580', '大安市', '58', '220882'), ('581', '延吉市', '59', '222401'), ('582', '图们市', '59', '222402'), ('583', '敦化市', '59', '222403'), ('584', '珲春市', '59', '222404'), ('585', '龙井市', '59', '222405'), ('586', '和龙市', '59', '222406'), ('587', '汪清县', '59', '222424'), ('588', '安图县', '59', '222426'), ('589', '道里区', '60', '230102'), ('590', '南岗区', '60', '230103'), ('591', '道外区', '60', '230104'), ('592', '香坊区', '60', '230110'), ('593', '动力区', '60', null), ('594', '平房区', '60', '230108'), ('595', '松北区', '60', '230109'), ('596', '呼兰区', '60', '230111'), ('597', '依兰县', '60', '230123'), ('598', '方正县', '60', '230124'), ('599', '宾县', '60', '230125'), ('600', '巴彦县', '60', '230126'), ('1126', '青云谱区', '124', '360104'), ('1127', '湾里区', '124', '360105'), ('1128', '青山湖区', '124', '360111'), ('1129', '南昌县', '124', '360121'), ('1130', '新建县', '124', '360122'), ('1131', '安义县', '124', '360123'), ('1132', '进贤县', '124', '360124'), ('1133', '昌江区', '125', '360202'), ('1134', '珠山区', '125', '360203'), ('1135', '浮梁县', '125', '360222'), ('1136', '乐平市', '125', '360281'), ('1137', '安源区', '126', '360302'), ('1138', '湘东区', '126', '360313'), ('1139', '莲花县', '126', '360321'), ('1140', '上栗县', '126', '360322'), ('1141', '芦溪县', '126', '360323'), ('1142', '庐山区', '127', '360402'), ('1143', '浔阳区', '127', '360403'), ('1144', '九江县', '127', '360421'), ('1145', '武宁县', '127', '621026'), ('1146', '修水县', '127', '360424'), ('1147', '永修县', '127', '360425'), ('1148', '德安县', '127', '510724'), ('1149', '星子县', '127', '360427'), ('1150', '都昌县', '127', '360428'), ('1151', '湖口县', '127', '360429'), ('1152', '彭泽县', '127', '360430'), ('1153', '瑞昌市', '127', '360481'), ('1154', '渝水区', '128', '360502'), ('1155', '分宜县', '128', '360521'), ('1156', '月湖区', '129', '360602'), ('1157', '余江县', '129', '360622'), ('1158', '贵溪市', '129', '360681'), ('1159', '章贡区', '130', '360702'), ('1160', '赣县', '130', '360721'), ('1161', '信丰县', '130', '360722'), ('1162', '大余县', '130', '360723'), ('1163', '上犹县', '130', '360724'), ('1164', '崇义县', '130', '360725'), ('1165', '安远县', '130', '360726'), ('1166', '龙南县', '130', '430921'), ('1167', '定南县', '130', '430921'), ('1168', '全南县', '130', '430921'), ('1169', '宁都县', '130', '360730'), ('1170', '于都县', '130', '360731'), ('1171', '兴国县', '130', '360732'), ('1172', '会昌县', '130', '360733'), ('1173', '寻乌县', '130', '360734');
INSERT INTO `sys_qud_qux_arch` VALUES ('1174', '石城县', '130', '360735'), ('1175', '瑞金市', '130', '360781'), ('1176', '南康市', '130', '360782'), ('1177', '吉州区', '131', '360802'), ('1178', '青原区', '131', '360803'), ('1179', '吉安县', '131', '510724'), ('1180', '吉水县', '131', '360822'), ('1181', '峡江县', '131', '360823'), ('1182', '新干县', '131', '360824'), ('1183', '永丰县', '131', '360825'), ('1184', '泰和县', '131', '360826'), ('1185', '遂川县', '131', '360827'), ('1186', '万安县', '131', '510724'), ('1187', '安福县', '131', '360829'), ('1188', '永新县', '131', '411523'), ('1189', '井冈山市', '131', '360881'), ('1190', '袁州区', '132', '360902'), ('1191', '奉新县', '132', '411523'), ('1192', '万载县', '132', '360922'), ('1193', '上高县', '132', '511525'), ('1194', '宜丰县', '132', '360924'), ('1195', '靖安县', '132', '510724'), ('1196', '铜鼓县', '132', '360926'), ('1197', '丰城市', '132', '360981'), ('1198', '樟树市', '132', '360982'), ('1199', '高安市', '132', '360983'), ('1200', '临川区', '133', '361002'), ('1201', '南城县', '133', '361021'), ('1202', '黎川县', '133', '361022'), ('1203', '南丰县', '133', '361023'), ('1204', '崇仁县', '133', '361024'), ('1205', '乐安县', '133', '510724'), ('1206', '宜黄县', '133', '361026'), ('1207', '金溪县', '133', '361027'), ('1208', '资溪县', '133', '361028'), ('1209', '东乡县', '133', '361029'), ('1210', '广昌县', '133', '361030'), ('1211', '信州区', '134', '361102'), ('1212', '上饶县', '134', '361121'), ('1213', '广丰县', '134', '361122'), ('1214', '玉山县', '134', '361123'), ('1215', '铅山县', '134', '361124'), ('1216', '横峰县', '134', '361125'), ('1217', '弋阳县', '134', '361126'), ('1218', '余干县', '134', '361127'), ('1219', '鄱阳县', '134', '361128'), ('1220', '万年县', '134', '361129'), ('1221', '婺源县', '134', '361130'), ('1222', '德兴市', '134', '361181'), ('1223', '历下区', '135', '370102'), ('1224', '市中区', '135', '511102'), ('1225', '槐荫区', '135', '370104'), ('1226', '天桥区', '135', '370105'), ('1227', '历城区', '135', '370112'), ('1228', '长清区', '135', '370113'), ('1229', '平阴县', '135', '370124'), ('1230', '济阳县', '135', '370125'), ('1231', '商河县', '135', '370126'), ('1232', '章丘市', '135', '370181'), ('1233', '市南区', '136', '370202'), ('1234', '市北区', '136', '370203'), ('1235', '四方区', '136', '370205'), ('1236', '黄岛区', '136', '370211'), ('1237', '崂山区', '136', '370212'), ('1238', '李沧区', '136', '370213'), ('1239', '城阳区', '136', '370214'), ('1240', '胶州市', '136', '370281'), ('1241', '即墨市', '136', '370282'), ('1242', '平度市', '136', '370283'), ('1243', '胶南市', '136', '370284'), ('1244', '莱西市', '136', '370285'), ('1245', '淄川区', '137', '370302'), ('1246', '张店区', '137', '370303'), ('1247', '博山区', '137', '370304'), ('1248', '临淄区', '137', '370305'), ('1249', '周村区', '137', '370306'), ('1250', '桓台县', '137', '370321'), ('1251', '高青县', '137', '370322'), ('1252', '沂源县', '137', '370323'), ('1253', '市中区', '138', '511102'), ('1254', '薛城区', '138', '370403'), ('1255', '峄城区', '138', '370404'), ('1256', '台儿庄区', '138', '370405'), ('1257', '山亭区', '138', '370406'), ('1258', '滕州市', '138', '370481'), ('1259', '东营区', '139', '370502'), ('1260', '河口区', '139', '370503'), ('1261', '垦利县', '139', '370521'), ('1262', '利津县', '139', '370522'), ('1263', '广饶县', '139', '370523'), ('1264', '芝罘区', '140', '370602'), ('1265', '福山区', '140', '370611'), ('1266', '牟平区', '140', '370612'), ('1267', '莱山区', '140', '370613'), ('1268', '长岛县', '140', '370634'), ('1269', '龙口市', '140', '370681'), ('1270', '莱阳市', '140', '370682'), ('1271', '莱州市', '140', '370683'), ('1272', '蓬莱市', '140', '370684'), ('1273', '招远市', '140', '370685');
INSERT INTO `sys_qud_qux_arch` VALUES ('1274', '栖霞市', '140', '370686'), ('1275', '海阳市', '140', '370687'), ('1276', '潍城区', '141', '370702'), ('1277', '寒亭区', '141', '370703'), ('1278', '坊子区', '141', '370704'), ('1279', '奎文区', '141', '370705'), ('1280', '临朐县', '141', '370724'), ('1281', '昌乐县', '141', '370725'), ('1282', '青州市', '141', '370781'), ('1283', '诸城市', '141', '370782'), ('1284', '寿光市', '141', '370783'), ('1285', '安丘市', '141', '370784'), ('1286', '高密市', '141', '370785'), ('1287', '昌邑市', '141', '370786'), ('1288', '市中区', '142', '511102'), ('1289', '任城区', '142', '370811'), ('1290', '微山县', '142', '370826'), ('1291', '鱼台县', '142', '370827'), ('1292', '金乡县', '142', '370828'), ('1293', '嘉祥县', '142', '370829'), ('1294', '汶上县', '142', '370830'), ('1295', '泗水县', '142', '370831'), ('1296', '梁山县', '142', '370832'), ('1297', '曲阜市', '142', '370881'), ('1298', '兖州市', '142', '370882'), ('1299', '邹城市', '142', '370883'), ('1300', '泰山区', '143', '370902'), ('1301', '岱岳区', '143', '370903'), ('1302', '宁阳县', '143', '370921'), ('1303', '东平县', '143', '370923'), ('1304', '新泰市', '143', '370982'), ('1305', '肥城市', '143', '370983'), ('1306', '环翠区', '144', '371002'), ('1307', '文登市', '144', '371081'), ('1308', '荣成市', '144', '371082'), ('1309', '乳山市', '144', '371083'), ('1310', '东港区', '145', '371102'), ('1311', '岚山区', '145', '371103'), ('1312', '五莲县', '145', '371121'), ('1313', '莒县', '145', '371122'), ('1314', '莱城区', '146', '371202'), ('1315', '钢城区', '146', '371203'), ('1316', '兰山区', '147', '371302'), ('1317', '罗庄区', '147', '371311'), ('1318', '河东区', '147', '371312'), ('1319', '沂南县', '147', '430921'), ('1320', '郯城县', '147', '371322'), ('1321', '沂水县', '147', '371323'), ('1322', '苍山县', '147', '371324'), ('1323', '费县', '147', '371325'), ('1324', '平邑县', '147', '371326'), ('1325', '莒南县', '147', '430921'), ('1326', '蒙阴县', '147', '371328'), ('1327', '临沭县', '147', '371329'), ('1328', '德城区', '148', '371402'), ('1329', '陵县', '148', '371421'), ('1330', '宁津县', '148', '371422'), ('1331', '庆云县', '148', '530922'), ('1332', '临邑县', '148', '371424'), ('1333', '齐河县', '148', '371425'), ('1334', '平原县', '148', '371426'), ('1335', '夏津县', '148', '371427'), ('1336', '武城县', '148', '371428'), ('1337', '乐陵市', '148', '371481'), ('1338', '禹城市', '148', '371482'), ('1339', '东昌府区', '149', '371502'), ('1340', '阳谷县', '149', '371521'), ('1341', '莘县', '149', '371522'), ('1342', '茌平县', '149', '371523'), ('1343', '东阿县', '149', '371524'), ('1344', '冠县', '149', '371525'), ('1345', '高唐县', '149', '371526'), ('1346', '临清市', '149', '371581'), ('1347', '滨城区', '150', '371602'), ('1348', '惠民县', '150', '371621'), ('1349', '阳信县', '150', '371622'), ('1350', '无棣县', '150', '371623'), ('1351', '沾化县', '150', '371624'), ('1352', '博兴县', '150', '371625'), ('1353', '邹平县', '150', '371626'), ('1354', '牡丹区', '151', '371702'), ('1355', '曹县', '151', '371721'), ('1356', '单县', '151', '371722'), ('1357', '成武县', '151', '371723'), ('1358', '巨野县', '151', '371724'), ('1359', '郓城县', '151', '371725'), ('1360', '鄄城县', '151', '371726'), ('1361', '定陶县', '151', '371727'), ('1362', '东明县', '151', '371728'), ('1363', '中原区', '152', '410102'), ('1364', '二七区', '152', '410103'), ('1365', '管城回族区', '152', '410104'), ('1366', '金水区', '152', '410105'), ('1367', '上街区', '152', '410106'), ('1368', '惠济区', '152', '410108'), ('1369', '中牟县', '152', '410122'), ('1370', '巩义市', '152', '410181'), ('1371', '荥阳市', '152', '410182'), ('1372', '新密市', '152', '410183'), ('1373', '新郑市', '152', '410184');
INSERT INTO `sys_qud_qux_arch` VALUES ('1374', '登封市', '152', '410185'), ('1375', '龙亭区', '153', '410202'), ('1376', '顺河回族区', '153', '410203'), ('1377', '鼓楼区', '153', '410204'), ('1378', '南关区', '153', '220102'), ('1379', '郊区', '153', null), ('1380', '杞县', '153', '410221'), ('1381', '通许县', '153', '410222'), ('1382', '尉氏县', '153', '410223'), ('1383', '开封县', '153', '410224'), ('1384', '兰考县', '153', '410225'), ('1385', '老城区', '154', '410302'), ('1386', '西工区', '154', '410303'), ('1387', '廛河回族区', '154', '410304'), ('1388', '涧西区', '154', '410305'), ('1389', '吉利区', '154', '410306'), ('1390', '洛龙区', '154', '410307'), ('1391', '孟津县', '154', '410322'), ('1392', '新安县', '154', '510724'), ('1393', '栾川县', '154', '410324'), ('1394', '嵩县', '154', '410325'), ('1395', '汝阳县', '154', '410326'), ('1396', '宜阳县', '154', '410327'), ('1397', '洛宁县', '154', '410328'), ('1398', '伊川县', '154', '410329'), ('1399', '偃师市', '154', '410381'), ('1400', '新华区', '155', '410402'), ('1401', '卫东区', '155', '410403'), ('1402', '石龙区', '155', '410404'), ('1403', '湛河区', '155', '410411'), ('1404', '宝丰县', '155', '410421'), ('1405', '叶县', '155', '410422'), ('1406', '鲁山县', '155', '410423'), ('1407', '郏县', '155', '410425'), ('1408', '舞钢市', '155', '410481'), ('1409', '汝州市', '155', '410482'), ('1410', '文峰区', '156', '410502'), ('1411', '北关区', '156', '410503'), ('1412', '殷都区', '156', '410505'), ('1413', '龙安区', '156', '410506'), ('1414', '安阳县', '156', '410522'), ('1415', '汤阴县', '156', '410523'), ('1416', '滑县', '156', '410526'), ('1417', '内黄县', '156', '410527'), ('1418', '林州市', '156', '410581'), ('1419', '鹤山区', '157', '410602'), ('1420', '山城区', '157', '410603'), ('1421', '淇滨区', '157', '410611'), ('1422', '浚县', '157', '410621'), ('1423', '淇县', '157', '410622'), ('1424', '红旗区', '158', '410702'), ('1425', '卫滨区', '158', '410703'), ('1426', '凤泉区', '158', '410704'), ('1427', '牧野区', '158', '410711'), ('1428', '新乡县', '158', '410721'), ('1429', '获嘉县', '158', '410724'), ('1430', '原阳县', '158', '410725'), ('1431', '延津县', '158', '410726'), ('1432', '封丘县', '158', '410727'), ('1433', '长垣县', '158', '410728'), ('1434', '卫辉市', '158', '410781'), ('1435', '辉县市', '158', '410782'), ('1436', '解放区', '159', '410802'), ('1437', '中站区', '159', '410803'), ('1438', '马村区', '159', '410804'), ('1439', '山阳区', '159', '410811'), ('1440', '修武县', '159', '410821'), ('1441', '博爱县', '159', '410822'), ('1442', '武陟县', '159', '410823'), ('1443', '温县', '159', '410825'), ('1444', '济源市', '159', '410881'), ('1445', '沁阳市', '159', '410882'), ('1446', '孟州市', '159', '410883'), ('1447', '华龙区', '160', '410902'), ('1448', '清丰县', '160', '410922'), ('1449', '南乐县', '160', '410923'), ('1450', '范县', '160', '410926'), ('1451', '台前县', '160', '410927'), ('1452', '濮阳县', '160', '410928'), ('1453', '魏都区', '161', '411002'), ('1454', '许昌县', '161', '411023'), ('1455', '鄢陵县', '161', '411024'), ('1456', '襄城县', '161', '411025'), ('1457', '禹州市', '161', '411081'), ('1458', '长葛市', '161', '411082'), ('1459', '源汇区', '162', '411102'), ('1460', '郾城区', '162', '411103'), ('1461', '召陵区', '162', '411104'), ('1462', '舞阳县', '162', '411121'), ('1463', '临颍县', '162', '411122'), ('1464', '市辖区', '163', '540101'), ('1465', '湖滨区', '163', '411202'), ('1466', '渑池县', '163', '411221'), ('1', '东城区', '1', '110101'), ('2', '西城区', '1', '110102'), ('3', '崇文区', '1', '110103'), ('4', '宣武区', '1', '110104'), ('5', '朝阳区', '1', '110105'), ('6', '丰台区', '1', '110106'), ('7', '石景山区', '1', '110107');
INSERT INTO `sys_qud_qux_arch` VALUES ('8', '海淀区', '1', '110108'), ('9', '门头沟区', '1', '110109'), ('10', '房山区', '1', '110111'), ('11', '通州区', '1', '110112'), ('12', '顺义区', '1', '110113'), ('13', '昌平区', '1', '110114'), ('14', '大兴区', '1', '110115'), ('15', '怀柔区', '1', '110116'), ('16', '平谷区', '1', '110117'), ('17', '密云县', '1', '530922'), ('18', '延庆县', '1', '110229'), ('19', '和平区', '2', '120101'), ('20', '河东区', '2', '371312'), ('21', '河西区', '2', '120103'), ('22', '南开区', '2', '120104'), ('23', '河北区', '2', '120105'), ('24', '红桥区', '2', '120106'), ('25', '塘沽区', '2', '120107'), ('26', '汉沽区', '2', '120108'), ('27', '大港区', '2', '120109'), ('28', '东丽区', '2', '120110'), ('29', '西青区', '2', '120111'), ('30', '津南区', '2', '120112'), ('31', '北辰区', '2', '120113'), ('32', '武清区', '2', '120114'), ('33', '宝坻区', '2', '120115'), ('34', '宁河县', '2', '120221'), ('35', '静海县', '2', '120223'), ('36', '蓟县', '2', '120225'), ('37', '长安区', '3', '610116'), ('38', '桥东区', '3', '130702'), ('39', '桥西区', '3', '130703'), ('40', '新华区', '3', '410402'), ('41', '井陉矿区', '3', '130107'), ('42', '裕华区', '3', '130108'), ('43', '井陉县', '3', '130121'), ('44', '正定县', '3', '130123'), ('45', '栾城县', '3', '130124'), ('46', '行唐县', '3', '130627'), ('47', '灵寿县', '3', '130126'), ('48', '高邑县', '3', '130127'), ('49', '深泽县', '3', '130128'), ('50', '赞皇县', '3', '130129'), ('51', '无极县', '3', '130130'), ('52', '平山县', '3', '130131'), ('53', '元氏县', '3', '130132'), ('54', '赵县', '3', '130133'), ('55', '辛集市', '3', '130181'), ('56', '藁城市', '3', '130182'), ('57', '晋州市', '3', '130183'), ('58', '新乐市', '3', '130184'), ('59', '鹿泉市', '3', '130185'), ('60', '路南区', '4', '130202'), ('61', '路北区', '4', '130203'), ('62', '古冶区', '4', '130204'), ('63', '开平区', '4', '130205'), ('64', '丰南区', '4', '130207'), ('65', '丰润区', '4', '130208'), ('66', '滦县', '4', '130223'), ('67', '滦南县', '4', '430921'), ('68', '乐亭县', '4', '130225'), ('69', '迁西县', '4', '130227'), ('70', '玉田县', '4', '130229'), ('71', '唐海县', '4', '130230'), ('72', '遵化市', '4', '130281'), ('73', '迁安市', '4', '130283'), ('74', '海港区', '5', '130302'), ('75', '山海关区', '5', '130303');
COMMIT;

-- ----------------------------
-- Table structure for `sys_qud_shengf`
-- ----------------------------
DROP TABLE IF EXISTS `sys_qud_shengf`;
CREATE TABLE `sys_qud_shengf` (
`id`  varchar(150) NOT NULL ,
`mingc`  text NULL ,
`jianc`  text NULL ,
`guobm`  varchar(60) NULL ,
PRIMARY KEY (`id`)
)

;

-- ----------------------------
-- Records of SYS_QUD_SHENGF
-- ----------------------------
BEGIN;
INSERT INTO `sys_qud_shengf` VALUES ('1', '北京市', '北京', '110000'), ('2', '天津市', '天津', '120000'), ('3', '河北省', '河北', '130000'), ('4', '山西省', '山西', '140000'), ('5', '内蒙古自治区', '内蒙古', '150000'), ('6', '辽宁省', '辽宁', '210000'), ('7', '吉林省', '吉林', '220000'), ('8', '黑龙江省', '黑龙江', '230000'), ('9', '上海市', '上海', '310000'), ('10', '江苏省', '江苏', '320000'), ('11', '浙江省', '浙江', '330000'), ('12', '安徽省', '安徽', '340000'), ('13', '福建省', '福建', '350000'), ('14', '江西省', '江西', '360000'), ('15', '山东省', '山东', '370000'), ('16', '河南省', '河南', '410000'), ('17', '湖北省', '湖北', '420000'), ('18', '湖南省', '湖南', '430000'), ('19', '广东省', '广东', '440000'), ('20', '广西壮族自治区', '广西', '450000'), ('21', '海南省', '海南', '460000'), ('22', '重庆市', '重庆', '500000'), ('23', '四川省', '四川', '510000'), ('24', '贵州省', '贵州', '520000'), ('25', '云南省', '云南', '530000'), ('26', '西藏自治区', '西藏', '540000'), ('27', '陕西省', '陕西', '610000'), ('28', '甘肃省', '甘肃', '620000'), ('29', '青海省', '青海', '630000'), ('30', '宁夏回族自治区', '宁夏', '640000'), ('31', '新疆维吾尔自治区', '新疆', '650000'), ('32', '香港特别行政区', '香港', '810000'), ('33', '澳门特别行政区', '澳门', '820000'), ('34', '台湾省', '台湾', '710000');
COMMIT;

-- ----------------------------
-- Table structure for `sys_qud_shengf_arch`
-- ----------------------------
DROP TABLE IF EXISTS `sys_qud_shengf_arch`;
CREATE TABLE `sys_qud_shengf_arch` (
`id`  varchar(150) NOT NULL ,
`mingc`  text NULL ,
`jianc`  text NULL ,
`guobm`  varchar(60) NULL 
)

;

-- ----------------------------
-- Records of SYS_QUD_SHENGF_ARCH
-- ----------------------------
BEGIN;
INSERT INTO `sys_qud_shengf_arch` VALUES ('1', '北京市', '北京', '110000'), ('2', '天津市', '天津', '120000'), ('3', '河北省', '河北', '130000'), ('4', '山西省', '山西', '140000'), ('5', '内蒙古自治区', '内蒙古', '150000'), ('6', '辽宁省', '辽宁', '210000'), ('7', '吉林省', '吉林', '220000'), ('8', '黑龙江省', '黑龙江', '230000'), ('9', '上海市', '上海', '310000'), ('10', '江苏省', '江苏', '320000'), ('11', '浙江省', '浙江', '330000'), ('12', '安徽省', '安徽', '340000'), ('13', '福建省', '福建', '350000'), ('14', '江西省', '江西', '360000'), ('15', '山东省', '山东', '370000'), ('16', '河南省', '河南', '410000'), ('17', '湖北省', '湖北', '420000'), ('18', '湖南省', '湖南', '430000'), ('19', '广东省', '广东', '440000'), ('20', '广西壮族自治区', '广西', '450000'), ('21', '海南省', '海南', '460000'), ('22', '重庆市', '重庆', '500000'), ('23', '四川省', '四川', '510000'), ('24', '贵州省', '贵州', '520000'), ('25', '云南省', '云南', '530000'), ('26', '西藏自治区', '西藏', '540000'), ('27', '陕西省', '陕西', '610000'), ('28', '甘肃省', '甘肃', '620000'), ('29', '青海省', '青海', '630000'), ('30', '宁夏回族自治区', '宁夏', '640000'), ('31', '新疆维吾尔自治区', '新疆', '650000'), ('32', '香港特别行政区', '香港', '810000'), ('33', '澳门特别行政区', '澳门', '820000'), ('34', '台湾省', '台湾', '710000');
COMMIT;

-- ----------------------------
-- Table structure for `sys_region`
-- ----------------------------
DROP TABLE IF EXISTS `sys_region`;
CREATE TABLE `sys_region` (
`id`  varchar(50) NOT NULL ,
`code`  varchar(50) NOT NULL ,
`name`  varchar(255) NOT NULL ,
`parentid`  varchar(50) NOT NULL ,
`first_letter`  varchar(50) NOT NULL ,
`lev`  decimal(5,0) NOT NULL ,
PRIMARY KEY (`id`)
)

;

-- ----------------------------
-- Records of SYS_REGION
-- ----------------------------
BEGIN;
INSERT INTO `sys_region` VALUES ('623', '140781', '介休市', '56', 'J', '2'), ('624', '140802', '盐湖区', '57', 'Y', '2'), ('625', '140821', '临猗县', '57', 'L', '2'), ('626', '140822', '万荣县', '57', 'W', '2'), ('627', '140823', '闻喜县', '57', 'W', '2'), ('628', '140824', '稷山县', '57', 'J', '2'), ('629', '140825', '新绛县', '57', 'X', '2'), ('630', '140826', '绛县', '57', 'J', '2'), ('631', '140827', '垣曲县', '57', 'Y', '2'), ('632', '140828', '夏县', '57', 'X', '2'), ('633', '140829', '平陆县', '57', 'P', '2'), ('634', '140830', '芮城县', '57', 'R', '2'), ('635', '140881', '永济市', '57', 'Y', '2'), ('636', '140882', '河津市', '57', 'H', '2'), ('637', '140902', '忻府区', '58', 'X', '2'), ('638', '140921', '定襄县', '58', 'D', '2'), ('639', '140922', '五台县', '58', 'W', '2'), ('640', '140923', '代县', '58', 'D', '2'), ('641', '140924', '繁峙县', '58', 'F', '2'), ('642', '140925', '宁武县', '58', 'N', '2'), ('643', '140926', '静乐县', '58', 'J', '2'), ('644', '140927', '神池县', '58', 'S', '2'), ('645', '140928', '五寨县', '58', 'W', '2'), ('646', '140929', '岢岚县', '58', 'K', '2'), ('647', '140930', '河曲县', '58', 'H', '2'), ('648', '140931', '保德县', '58', 'B', '2'), ('649', '140932', '偏关县', '58', 'P', '2'), ('650', '140981', '原平市', '58', 'Y', '2'), ('651', '141002', '尧都区', '59', 'Y', '2'), ('652', '141021', '曲沃县', '59', 'Q', '2'), ('653', '141022', '翼城县', '59', 'Y', '2'), ('654', '141023', '襄汾县', '59', 'X', '2'), ('655', '141024', '洪洞县', '59', 'H', '2'), ('656', '141025', '古县', '59', 'G', '2'), ('657', '141026', '安泽县', '59', 'A', '2'), ('658', '141027', '浮山县', '59', 'F', '2'), ('659', '141028', '吉县', '59', 'J', '2'), ('660', '141029', '乡宁县', '59', 'X', '2'), ('661', '141030', '大宁县', '59', 'D', '2'), ('662', '141031', '隰县', '59', 'X', '2'), ('663', '141032', '永和县', '59', 'Y', '2'), ('664', '141033', '蒲县', '59', 'P', '2'), ('665', '141034', '汾西县', '59', 'F', '2'), ('666', '141081', '侯马市', '59', 'H', '2'), ('667', '141082', '霍州市', '59', 'H', '2'), ('668', '141102', '离石区', '60', 'L', '2'), ('669', '141121', '文水县', '60', 'W', '2'), ('670', '141122', '交城县', '60', 'J', '2'), ('671', '141123', '兴县', '60', 'X', '2'), ('672', '141124', '临县', '60', 'L', '2'), ('673', '141125', '柳林县', '60', 'L', '2'), ('674', '141126', '石楼县', '60', 'S', '2'), ('675', '141127', '岚县', '60', 'L', '2'), ('676', '141128', '方山县', '60', 'F', '2'), ('677', '141129', '中阳县', '60', 'Z', '2'), ('678', '141130', '交口县', '60', 'J', '2'), ('679', '141181', '孝义市', '60', 'X', '2'), ('680', '141182', '汾阳市', '60', 'F', '2'), ('681', '150102', '新城区', '61', 'X', '2'), ('682', '150103', '回民区', '61', 'H', '2'), ('683', '150104', '玉泉区', '61', 'Y', '2'), ('684', '150105', '赛罕区', '61', 'S', '2'), ('685', '150121', '土默特左旗', '61', 'T', '2'), ('686', '150122', '托克托县', '61', 'T', '2'), ('687', '150123', '和林格尔县', '61', 'H', '2'), ('688', '150124', '清水河县', '61', 'Q', '2'), ('689', '150125', '武川县', '61', 'W', '2'), ('690', '150202', '东河区', '62', 'D', '2'), ('691', '150203', '昆都仑区', '62', 'K', '2'), ('692', '150204', '青山区', '62', 'Q', '2'), ('693', '150205', '石拐区', '62', 'S', '2'), ('694', '150206', '白云鄂博矿区', '62', 'B', '2'), ('695', '150207', '九原区', '62', 'J', '2'), ('696', '150221', '土默特右旗', '62', 'T', '2'), ('697', '150222', '固阳县', '62', 'G', '2'), ('698', '150223', '达尔罕茂明安联合旗', '62', 'D', '2'), ('699', '150302', '海勃湾区', '63', 'H', '2'), ('700', '150303', '海南区', '63', 'H', '2'), ('701', '150304', '乌达区', '63', 'W', '2'), ('702', '150402', '红山区', '64', 'H', '2'), ('703', '150403', '元宝山区', '64', 'Y', '2'), ('704', '150404', '松山区', '64', 'S', '2'), ('705', '150421', '阿鲁科尔沁旗', '64', 'A', '2'), ('706', '150422', '巴林左旗', '64', 'B', '2'), ('707', '150423', '巴林右旗', '64', 'B', '2'), ('708', '150424', '林西县', '64', 'L', '2'), ('709', '150425', '克什克腾旗', '64', 'K', '2'), ('710', '150426', '翁牛特旗', '64', 'W', '2'), ('711', '150428', '喀喇沁旗', '64', 'K', '2'), ('712', '150429', '宁城县', '64', 'N', '2'), ('713', '150430', '敖汉旗', '64', 'A', '2'), ('714', '150502', '科尔沁区', '65', 'K', '2'), ('715', '150521', '科尔沁左翼中旗', '65', 'K', '2'), ('716', '150522', '科尔沁左翼后旗', '65', 'K', '2'), ('717', '150523', '开鲁县', '65', 'K', '2'), ('718', '150524', '库伦旗', '65', 'K', '2'), ('719', '150525', '奈曼旗', '65', 'N', '2'), ('720', '150526', '扎鲁特旗', '65', 'Z', '2'), ('721', '150581', '霍林郭勒市', '65', 'H', '2'), ('722', '150602', '东胜区', '66', 'D', '2');
INSERT INTO `sys_region` VALUES ('723', '150621', '达拉特旗', '66', 'D', '2'), ('724', '150622', '准格尔旗', '66', 'Z', '2'), ('725', '150623', '鄂托克前旗', '66', 'E', '2'), ('726', '150624', '鄂托克旗', '66', 'E', '2'), ('727', '150625', '杭锦旗', '66', 'H', '2'), ('728', '150626', '乌审旗', '66', 'W', '2'), ('729', '150627', '伊金霍洛旗', '66', 'Y', '2'), ('730', '150702', '海拉尔区', '67', 'H', '2'), ('731', '150703', '扎赉诺尔区', '67', 'Z', '2'), ('732', '150721', '阿荣旗', '67', 'A', '2'), ('733', '150722', '莫力达瓦达斡尔族自治旗', '67', 'M', '2'), ('734', '150723', '鄂伦春自治旗', '67', 'E', '2'), ('735', '150724', '鄂温克族自治旗', '67', 'E', '2'), ('736', '150725', '陈巴尔虎旗', '67', 'C', '2'), ('737', '150726', '新巴尔虎左旗', '67', 'X', '2'), ('738', '150727', '新巴尔虎右旗', '67', 'X', '2'), ('739', '150781', '满洲里市', '67', 'M', '2'), ('740', '150782', '牙克石市', '67', 'Y', '2'), ('741', '150783', '扎兰屯市', '67', 'Z', '2'), ('742', '150784', '额尔古纳市', '67', 'E', '2'), ('743', '150785', '根河市', '67', 'G', '2'), ('744', '150802', '临河区', '68', 'L', '2'), ('745', '150821', '五原县', '68', 'W', '2'), ('746', '150822', '磴口县', '68', 'D', '2'), ('747', '150823', '乌拉特前旗', '68', 'W', '2'), ('748', '150824', '乌拉特中旗', '68', 'W', '2'), ('749', '150825', '乌拉特后旗', '68', 'W', '2'), ('750', '150826', '杭锦后旗', '68', 'H', '2'), ('751', '150902', '集宁区', '69', 'J', '2'), ('752', '150921', '卓资县', '69', 'Z', '2'), ('753', '150922', '化德县', '69', 'H', '2'), ('754', '150923', '商都县', '69', 'S', '2'), ('755', '150924', '兴和县', '69', 'X', '2'), ('756', '150925', '凉城县', '69', 'L', '2'), ('757', '150926', '察哈尔右翼前旗', '69', 'C', '2'), ('758', '150927', '察哈尔右翼中旗', '69', 'C', '2'), ('759', '150928', '察哈尔右翼后旗', '69', 'C', '2'), ('760', '150929', '四子王旗', '69', 'S', '2'), ('761', '150981', '丰镇市', '69', 'F', '2'), ('762', '152201', '乌兰浩特市', '70', 'W', '2'), ('763', '152202', '阿尔山市', '70', 'A', '2'), ('764', '152221', '科尔沁右翼前旗', '70', 'K', '2'), ('765', '152222', '科尔沁右翼中旗', '70', 'K', '2'), ('766', '152223', '扎赉特旗', '70', 'Z', '2'), ('767', '152224', '突泉县', '70', 'T', '2'), ('768', '152501', '二连浩特市', '71', 'E', '2'), ('769', '152502', '锡林浩特市', '71', 'X', '2'), ('770', '152522', '阿巴嘎旗', '71', 'A', '2'), ('771', '152523', '苏尼特左旗', '71', 'S', '2'), ('772', '152524', '苏尼特右旗', '71', 'S', '2'), ('773', '152525', '东乌珠穆沁旗', '71', 'D', '2'), ('774', '152526', '西乌珠穆沁旗', '71', 'X', '2'), ('775', '152527', '太仆寺旗', '71', 'T', '2'), ('776', '152528', '镶黄旗', '71', 'X', '2'), ('777', '152529', '正镶白旗', '71', 'Z', '2'), ('778', '152530', '正蓝旗', '71', 'Z', '2'), ('779', '152531', '多伦县', '71', 'D', '2'), ('780', '152921', '阿拉善左旗', '72', 'A', '2'), ('781', '152922', '阿拉善右旗', '72', 'A', '2'), ('782', '152923', '额济纳旗', '72', 'E', '2'), ('783', '210103', '沈河区', '73', 'S', '2'), ('784', '210104', '大东区', '73', 'D', '2'), ('785', '210105', '皇姑区', '73', 'H', '2'), ('786', '210106', '铁西区', '73', 'T', '2'), ('787', '210111', '苏家屯区', '73', 'S', '2'), ('788', '210112', '浑南区', '73', 'H', '2'), ('789', '210113', '沈北新区', '73', 'S', '2'), ('790', '210114', '于洪区', '73', 'Y', '2'), ('791', '210122', '辽中县', '73', 'L', '2'), ('792', '210123', '康平县', '73', 'K', '2'), ('793', '210124', '法库县', '73', 'F', '2'), ('794', '210181', '新民市', '73', 'X', '2'), ('795', '210202', '中山区', '74', 'Z', '2'), ('796', '210203', '西岗区', '74', 'X', '2'), ('797', '210204', '沙河口区', '74', 'S', '2'), ('798', '210211', '甘井子区', '74', 'G', '2'), ('799', '210212', '旅顺口区', '74', 'L', '2'), ('800', '210213', '金州区', '74', 'J', '2'), ('801', '210224', '长海县', '74', 'C', '2'), ('802', '210281', '瓦房店市', '74', 'W', '2'), ('803', '210282', '普兰店市', '74', 'P', '2'), ('804', '210283', '庄河市', '74', 'Z', '2'), ('805', '210302', '铁东区', '75', 'T', '2'), ('806', '210304', '立山区', '75', 'L', '2'), ('807', '210311', '千山区', '75', 'Q', '2'), ('808', '210321', '台安县', '75', 'T', '2'), ('809', '210323', '岫岩满族自治县', '75', 'X', '2'), ('810', '210381', '海城市', '75', 'H', '2'), ('811', '210402', '新抚区', '76', 'X', '2'), ('812', '210403', '东洲区', '76', 'D', '2'), ('813', '210404', '望花区', '76', 'W', '2'), ('814', '210411', '顺城区', '76', 'S', '2'), ('815', '210421', '抚顺县', '76', 'F', '2'), ('816', '210422', '新宾满族自治县', '76', 'X', '2'), ('817', '210423', '清原满族自治县', '76', 'Q', '2'), ('818', '210502', '平山区', '77', 'P', '2'), ('819', '210503', '溪湖区', '77', 'X', '2'), ('820', '210504', '明山区', '77', 'M', '2'), ('821', '210505', '南芬区', '77', 'N', '2'), ('822', '210521', '本溪满族自治县', '77', 'B', '2');
INSERT INTO `sys_region` VALUES ('823', '210522', '桓仁满族自治县', '77', 'H', '2'), ('824', '210602', '元宝区', '78', 'Y', '2'), ('825', '210603', '振兴区', '78', 'Z', '2'), ('826', '210604', '振安区', '78', 'Z', '2'), ('827', '210624', '宽甸满族自治县', '78', 'K', '2'), ('828', '210681', '东港市', '78', 'D', '2'), ('829', '210682', '凤城市', '78', 'F', '2'), ('830', '210702', '古塔区', '79', 'G', '2'), ('831', '210703', '凌河区', '79', 'L', '2'), ('832', '210711', '太和区', '79', 'T', '2'), ('833', '210726', '黑山县', '79', 'H', '2'), ('834', '210727', '义县', '79', 'Y', '2'), ('835', '210781', '凌海市', '79', 'L', '2'), ('836', '210782', '北镇市', '79', 'B', '2'), ('837', '210802', '站前区', '80', 'Z', '2'), ('838', '210803', '西市区', '80', 'X', '2'), ('839', '210804', '鲅鱼圈区', '80', 'B', '2'), ('840', '210811', '老边区', '80', 'L', '2'), ('841', '210881', '盖州市', '80', 'G', '2'), ('842', '210882', '大石桥市', '80', 'D', '2'), ('843', '210902', '海州区', '81', 'H', '2'), ('844', '210903', '新邱区', '81', 'X', '2'), ('845', '210904', '太平区', '81', 'T', '2'), ('846', '210905', '清河门区', '81', 'Q', '2'), ('847', '210911', '细河区', '81', 'X', '2'), ('848', '210921', '阜新蒙古族自治县', '81', 'F', '2'), ('849', '210922', '彰武县', '81', 'Z', '2'), ('850', '211002', '白塔区', '82', 'B', '2'), ('851', '211003', '文圣区', '82', 'W', '2'), ('852', '211004', '宏伟区', '82', 'H', '2'), ('853', '211005', '弓长岭区', '82', 'G', '2'), ('854', '211011', '太子河区', '82', 'T', '2'), ('855', '211021', '辽阳县', '82', 'L', '2'), ('856', '211081', '灯塔市', '82', 'D', '2'), ('858', '211102', '双台子区', '83', 'S', '2'), ('859', '211103', '兴隆台区', '83', 'X', '2'), ('860', '211121', '大洼县', '83', 'D', '2'), ('861', '211122', '盘山县', '83', 'P', '2'), ('862', '211202', '银州区', '84', 'Y', '2'), ('863', '211204', '清河区', '84', 'Q', '2'), ('864', '211221', '铁岭县', '84', 'T', '2'), ('865', '211223', '西丰县', '84', 'X', '2'), ('866', '211224', '昌图县', '84', 'C', '2'), ('867', '211281', '调兵山市', '84', 'D', '2'), ('868', '211282', '开原市', '84', 'K', '2'), ('869', '211302', '双塔区', '85', 'S', '2'), ('870', '211303', '龙城区', '85', 'L', '2'), ('871', '211321', '朝阳县', '85', 'C', '2'), ('872', '211322', '建平县', '85', 'J', '2'), ('873', '211324', '喀喇沁左翼蒙古族自治县', '85', 'K', '2'), ('874', '211381', '北票市', '85', 'B', '2'), ('875', '211382', '凌源市', '85', 'L', '2'), ('876', '211402', '连山区', '86', 'L', '2'), ('877', '211403', '龙港区', '86', 'L', '2'), ('878', '211404', '南票区', '86', 'N', '2'), ('879', '211421', '绥中县', '86', 'S', '2'), ('880', '211422', '建昌县', '86', 'J', '2'), ('881', '211481', '兴城市', '86', 'X', '2'), ('882', '220102', '南关区', '87', 'N', '2'), ('883', '220103', '宽城区', '87', 'K', '2'), ('884', '220105', '二道区', '87', 'E', '2'), ('885', '220106', '绿园区', '87', 'L', '2'), ('886', '220112', '双阳区', '87', 'S', '2'), ('887', '220113', '九台区', '87', 'J', '2'), ('888', '220122', '农安县', '87', 'N', '2'), ('889', '220182', '榆树市', '87', 'Y', '2'), ('890', '220183', '德惠市', '87', 'D', '2'), ('891', '220202', '昌邑区', '88', 'C', '2'), ('892', '220203', '龙潭区', '88', 'L', '2'), ('893', '220204', '船营区', '88', 'C', '2'), ('894', '220211', '丰满区', '88', 'F', '2'), ('895', '220221', '永吉县', '88', 'Y', '2'), ('896', '220281', '蛟河市', '88', 'J', '2'), ('897', '220282', '桦甸市', '88', 'H', '2'), ('898', '220283', '舒兰市', '88', 'S', '2'), ('899', '220284', '磐石市', '88', 'P', '2'), ('900', '220322', '梨树县', '89', 'L', '2'), ('901', '220323', '伊通满族自治县', '89', 'Y', '2'), ('902', '220381', '公主岭市', '89', 'G', '2'), ('903', '220382', '双辽市', '89', 'S', '2'), ('904', '220402', '龙山区', '90', 'L', '2'), ('905', '220403', '西安区', '90', 'X', '2'), ('906', '220421', '东丰县', '90', 'D', '2'), ('907', '220422', '东辽县', '90', 'D', '2'), ('908', '220502', '东昌区', '91', 'D', '2'), ('909', '220503', '二道江区', '91', 'E', '2'), ('910', '220521', '通化县', '91', 'T', '2'), ('911', '220523', '辉南县', '91', 'H', '2'), ('912', '220524', '柳河县', '91', 'L', '2'), ('913', '220581', '梅河口市', '91', 'M', '2'), ('914', '220582', '集安市', '91', 'J', '2'), ('915', '220602', '浑江区', '92', 'H', '2'), ('916', '220605', '江源区', '92', 'J', '2'), ('917', '220621', '抚松县', '92', 'F', '2'), ('918', '220622', '靖宇县', '92', 'J', '2'), ('919', '220623', '长白朝鲜族自治县', '92', 'C', '2'), ('920', '220681', '临江市', '92', 'L', '2'), ('921', '220702', '宁江区', '93', 'N', '2'), ('922', '220721', '前郭尔罗斯蒙古族自治县', '93', 'Q', '2'), ('923', '220722', '长岭县', '93', 'C', '2');
INSERT INTO `sys_region` VALUES ('924', '220723', '乾安县', '93', 'Q', '2'), ('925', '220781', '扶余市', '93', 'F', '2'), ('926', '220802', '洮北区', '94', 'T', '2'), ('927', '220821', '镇赉县', '94', 'Z', '2'), ('928', '220822', '通榆县', '94', 'T', '2'), ('929', '220881', '洮南市', '94', 'T', '2'), ('930', '220882', '大安市', '94', 'D', '2'), ('931', '222401', '延吉市', '95', 'Y', '2'), ('932', '222402', '图们市', '95', 'T', '2'), ('933', '222403', '敦化市', '95', 'D', '2'), ('934', '222404', '珲春市', '95', 'H', '2'), ('935', '222405', '龙井市', '95', 'L', '2'), ('936', '222406', '和龙市', '95', 'H', '2'), ('937', '222424', '汪清县', '95', 'W', '2'), ('938', '222426', '安图县', '95', 'A', '2'), ('939', '230102', '道里区', '96', 'D', '2'), ('940', '230103', '南岗区', '96', 'N', '2'), ('941', '230104', '道外区', '96', 'D', '2'), ('942', '230108', '平房区', '96', 'P', '2'), ('943', '230109', '松北区', '96', 'S', '2'), ('944', '230110', '香坊区', '96', 'X', '2'), ('945', '230111', '呼兰区', '96', 'H', '2'), ('946', '230112', '阿城区', '96', 'A', '2'), ('947', '230123', '依兰县', '96', 'Y', '2'), ('948', '230124', '方正县', '96', 'F', '2'), ('949', '230125', '宾县', '96', 'B', '2'), ('950', '230126', '巴彦县', '96', 'B', '2'), ('951', '230127', '木兰县', '96', 'M', '2'), ('952', '230128', '通河县', '96', 'T', '2'), ('953', '230129', '延寿县', '96', 'Y', '2'), ('954', '230182', '双城市', '96', 'S', '2'), ('955', '230183', '尚志市', '96', 'S', '2'), ('956', '230184', '五常市', '96', 'W', '2'), ('957', '230202', '龙沙区', '97', 'L', '2'), ('958', '230203', '建华区', '97', 'J', '2'), ('959', '230204', '铁锋区', '97', 'T', '2'), ('960', '230205', '昂昂溪区', '97', 'A', '2'), ('961', '230206', '富拉尔基区', '97', 'F', '2'), ('962', '230207', '碾子山区', '97', 'N', '2'), ('963', '230208', '梅里斯达斡尔族区', '97', 'M', '2'), ('964', '230221', '龙江县', '97', 'L', '2'), ('965', '230223', '依安县', '97', 'Y', '2'), ('966', '230224', '泰来县', '97', 'T', '2'), ('967', '230225', '甘南县', '97', 'G', '2'), ('968', '230227', '富裕县', '97', 'F', '2'), ('969', '230229', '克山县', '97', 'K', '2'), ('970', '230230', '克东县', '97', 'K', '2'), ('971', '230231', '拜泉县', '97', 'B', '2'), ('972', '230281', '讷河市', '97', 'N', '2'), ('973', '230302', '鸡冠区', '98', 'J', '2'), ('974', '230303', '恒山区', '98', 'H', '2'), ('975', '230304', '滴道区', '98', 'D', '2'), ('976', '230305', '梨树区', '98', 'L', '2'), ('977', '230306', '城子河区', '98', 'C', '2'), ('978', '230307', '麻山区', '98', 'M', '2'), ('979', '230321', '鸡东县', '98', 'J', '2'), ('980', '230381', '虎林市', '98', 'H', '2'), ('981', '230382', '密山市', '98', 'M', '2'), ('982', '230402', '向阳区', '99', 'X', '2'), ('983', '230403', '工农区', '99', 'G', '2'), ('984', '230404', '南山区', '99', 'N', '2'), ('985', '230405', '兴安区', '99', 'X', '2'), ('986', '230406', '东山区', '99', 'D', '2'), ('987', '230407', '兴山区', '99', 'X', '2'), ('988', '230421', '萝北县', '99', 'L', '2'), ('989', '230422', '绥滨县', '99', 'S', '2'), ('990', '230502', '尖山区', '100', 'J', '2'), ('991', '230503', '岭东区', '100', 'L', '2'), ('992', '230505', '四方台区', '100', 'S', '2'), ('993', '230506', '宝山区', '100', 'B', '2'), ('994', '230521', '集贤县', '100', 'J', '2'), ('995', '230522', '友谊县', '100', 'Y', '2'), ('996', '230523', '宝清县', '100', 'B', '2'), ('997', '230524', '饶河县', '100', 'R', '2'), ('998', '230602', '萨尔图区', '101', 'S', '2'), ('999', '230603', '龙凤区', '101', 'L', '2'), ('1000', '230604', '让胡路区', '101', 'R', '2'), ('1001', '230605', '红岗区', '101', 'H', '2'), ('1002', '230606', '大同区', '101', 'D', '2'), ('1003', '230621', '肇州县', '101', 'Z', '2'), ('1004', '230622', '肇源县', '101', 'Z', '2'), ('1005', '230623', '林甸县', '101', 'L', '2'), ('1006', '230624', '杜尔伯特蒙古族自治县', '101', 'D', '2'), ('1007', '230702', '伊春区', '102', 'Y', '2'), ('1008', '230703', '南岔区', '102', 'N', '2'), ('1009', '230704', '友好区', '102', 'Y', '2'), ('1010', '230705', '西林区', '102', 'X', '2'), ('1011', '230706', '翠峦区', '102', 'C', '2'), ('1012', '230707', '新青区', '102', 'X', '2'), ('1013', '230708', '美溪区', '102', 'M', '2'), ('1014', '230709', '金山屯区', '102', 'J', '2'), ('1015', '230710', '五营区', '102', 'W', '2'), ('1016', '230711', '乌马河区', '102', 'W', '2'), ('1017', '230712', '汤旺河区', '102', 'T', '2'), ('1018', '230713', '带岭区', '102', 'D', '2'), ('1019', '230714', '乌伊岭区', '102', 'W', '2'), ('1020', '230715', '红星区', '102', 'H', '2'), ('1021', '230716', '上甘岭区', '102', 'S', '2'), ('1022', '230722', '嘉荫县', '102', 'J', '2'), ('1023', '230781', '铁力市', '102', 'T', '2');
INSERT INTO `sys_region` VALUES ('1024', '230804', '前进区', '103', 'Q', '2'), ('1025', '230805', '东风区', '103', 'D', '2'), ('1026', '230822', '桦南县', '103', 'H', '2'), ('1027', '230826', '桦川县', '103', 'H', '2'), ('1028', '230828', '汤原县', '103', 'T', '2'), ('1', '110000', '北京市', '0', 'B', '0'), ('2', '120000', '天津市', '0', 'T', '0'), ('3', '130000', '河北省', '0', 'H', '0'), ('4', '140000', '山西省', '0', 'S', '0'), ('5', '150000', '内蒙古自治区', '0', 'N', '0'), ('6', '210000', '辽宁省', '0', 'L', '0'), ('7', '220000', '吉林省', '0', 'J', '0'), ('8', '230000', '黑龙江省', '0', 'H', '0'), ('9', '310000', '上海市', '0', 'S', '0'), ('10', '320000', '江苏省', '0', 'J', '0'), ('11', '330000', '浙江省', '0', 'Z', '0'), ('12', '340000', '安徽省', '0', 'A', '0'), ('13', '350000', '福建省', '0', 'F', '0'), ('14', '360000', '江西省', '0', 'J', '0'), ('15', '370000', '山东省', '0', 'S', '0'), ('16', '410000', '河南省', '0', 'H', '0'), ('17', '420000', '湖北省', '0', 'H', '0'), ('18', '430000', '湖南省', '0', 'H', '0'), ('19', '440000', '广东省', '0', 'G', '0'), ('20', '450000', '广西壮族自治区', '0', 'G', '0'), ('21', '460000', '海南省', '0', 'H', '0'), ('22', '500000', '重庆市', '0', 'Z', '0'), ('23', '510000', '四川省', '0', 'S', '0'), ('24', '520000', '贵州省', '0', 'G', '0'), ('25', '530000', '云南省', '0', 'Y', '0'), ('26', '540000', '西藏自治区', '0', 'X', '0'), ('27', '610000', '陕西省', '0', 'S', '0'), ('28', '620000', '甘肃省', '0', 'G', '0'), ('29', '630000', '青海省', '0', 'Q', '0'), ('30', '640000', '宁夏回族自治区', '0', 'N', '0'), ('31', '650000', '新疆维吾尔自治区', '0', 'X', '0'), ('32', '710000', '台湾省', '0', 'T', '0'), ('33', '810000', '香港特别行政区', '0', 'X', '0'), ('34', '820000', '澳门特别行政区', '0', 'A', '0'), ('35', '110100', '北京市', '1', 'B', '1'), ('36', '110200', '北京县', '1', 'B', '1'), ('37', '120100', '天津市', '2', 'T', '1'), ('38', '120200', '天津县', '2', 'T', '1'), ('39', '130100', '石家庄市', '3', 'S', '1'), ('40', '130200', '唐山市', '3', 'T', '1'), ('41', '130300', '秦皇岛市', '3', 'Q', '1'), ('42', '130400', '邯郸市', '3', 'H', '1'), ('43', '130500', '邢台市', '3', 'X', '1'), ('44', '130600', '保定市', '3', 'B', '1'), ('45', '130700', '张家口市', '3', 'Z', '1'), ('46', '130800', '承德市', '3', 'C', '1'), ('47', '130900', '沧州市', '3', 'C', '1'), ('48', '131000', '廊坊市', '3', 'L', '1'), ('49', '131100', '衡水市', '3', 'H', '1'), ('50', '140100', '太原市', '4', 'T', '1'), ('51', '140200', '大同市', '4', 'D', '1'), ('52', '140300', '阳泉市', '4', 'Y', '1'), ('53', '140400', '长治市', '4', 'C', '1'), ('54', '140500', '晋城市', '4', 'J', '1'), ('55', '140600', '朔州市', '4', 'S', '1'), ('56', '140700', '晋中市', '4', 'J', '1'), ('57', '140800', '运城市', '4', 'Y', '1'), ('58', '140900', '忻州市', '4', 'X', '1'), ('59', '141000', '临汾市', '4', 'L', '1'), ('60', '141100', '吕梁市', '4', 'L', '1'), ('61', '150100', '呼和浩特市', '5', 'H', '1'), ('62', '150200', '包头市', '5', 'B', '1'), ('63', '150300', '乌海市', '5', 'W', '1'), ('64', '150400', '赤峰市', '5', 'C', '1'), ('65', '150500', '通辽市', '5', 'T', '1'), ('66', '150600', '鄂尔多斯市', '5', 'E', '1'), ('67', '150700', '呼伦贝尔市', '5', 'H', '1'), ('68', '150800', '巴彦淖尔市', '5', 'B', '1'), ('69', '150900', '乌兰察布市', '5', 'W', '1'), ('70', '152200', '兴安盟', '5', 'X', '1'), ('71', '152500', '锡林郭勒盟', '5', 'X', '1'), ('72', '152900', '阿拉善盟', '5', 'A', '1'), ('73', '210100', '沈阳市', '6', 'S', '1'), ('74', '210200', '大连市', '6', 'D', '1'), ('75', '210300', '鞍山市', '6', 'A', '1'), ('76', '210400', '抚顺市', '6', 'F', '1'), ('77', '210500', '本溪市', '6', 'B', '1'), ('78', '210600', '丹东市', '6', 'D', '1'), ('79', '210700', '锦州市', '6', 'J', '1'), ('80', '210800', '营口市', '6', 'Y', '1'), ('81', '210900', '阜新市', '6', 'F', '1'), ('82', '211000', '辽阳市', '6', 'L', '1'), ('83', '211100', '盘锦市', '6', 'P', '1'), ('84', '211200', '铁岭市', '6', 'T', '1'), ('85', '211300', '朝阳市', '6', 'C', '1'), ('86', '211400', '葫芦岛市', '6', 'H', '1'), ('87', '220100', '长春市', '7', 'C', '1'), ('88', '220200', '吉林市', '7', 'J', '1'), ('89', '220300', '四平市', '7', 'S', '1'), ('90', '220400', '辽源市', '7', 'L', '1'), ('91', '220500', '通化市', '7', 'T', '1'), ('92', '220600', '白山市', '7', 'B', '1'), ('93', '220700', '松原市', '7', 'S', '1'), ('94', '220800', '白城市', '7', 'B', '1'), ('95', '222400', '延边朝鲜族自治州', '7', 'Y', '1');
INSERT INTO `sys_region` VALUES ('96', '230100', '哈尔滨市', '8', 'H', '1'), ('97', '230200', '齐齐哈尔市', '8', 'Q', '1'), ('98', '230300', '鸡西市', '8', 'J', '1'), ('99', '230400', '鹤岗市', '8', 'H', '1'), ('100', '230500', '双鸭山市', '8', 'S', '1'), ('101', '230600', '大庆市', '8', 'D', '1'), ('102', '230700', '伊春市', '8', 'Y', '1'), ('103', '230800', '佳木斯市', '8', 'J', '1'), ('104', '230900', '七台河市', '8', 'Q', '1'), ('105', '231000', '牡丹江市', '8', 'M', '1'), ('106', '231100', '黑河市', '8', 'H', '1'), ('107', '231200', '绥化市', '8', 'S', '1'), ('108', '232700', '大兴安岭地区', '8', 'D', '1'), ('109', '310100', '上海市', '9', 'S', '1'), ('110', '310200', '上海县', '9', 'S', '1'), ('111', '320100', '南京市', '10', 'N', '1'), ('112', '320200', '无锡市', '10', 'W', '1'), ('113', '320300', '徐州市', '10', 'X', '1'), ('114', '320400', '常州市', '10', 'C', '1'), ('115', '320500', '苏州市', '10', 'S', '1'), ('116', '320600', '南通市', '10', 'N', '1'), ('117', '320700', '连云港市', '10', 'L', '1'), ('118', '320800', '淮安市', '10', 'H', '1'), ('119', '320900', '盐城市', '10', 'Y', '1'), ('120', '321000', '扬州市', '10', 'Y', '1'), ('121', '321100', '镇江市', '10', 'Z', '1'), ('122', '321200', '泰州市', '10', 'T', '1'), ('123', '321300', '宿迁市', '10', 'S', '1'), ('124', '330100', '杭州市', '11', 'H', '1'), ('125', '330200', '宁波市', '11', 'N', '1'), ('126', '330300', '温州市', '11', 'W', '1'), ('127', '330400', '嘉兴市', '11', 'J', '1'), ('128', '330500', '湖州市', '11', 'H', '1'), ('129', '330600', '绍兴市', '11', 'S', '1'), ('130', '330700', '金华市', '11', 'J', '1'), ('131', '330800', '衢州市', '11', 'Q', '1'), ('132', '330900', '舟山市', '11', 'Z', '1'), ('133', '331000', '台州市', '11', 'T', '1'), ('134', '331100', '丽水市', '11', 'L', '1'), ('135', '340100', '合肥市', '12', 'H', '1'), ('136', '340200', '芜湖市', '12', 'W', '1'), ('137', '340300', '蚌埠市', '12', 'B', '1'), ('138', '340400', '淮南市', '12', 'H', '1'), ('139', '340500', '马鞍山市', '12', 'M', '1'), ('140', '340600', '淮北市', '12', 'H', '1'), ('141', '340700', '铜陵市', '12', 'T', '1'), ('142', '340800', '安庆市', '12', 'A', '1'), ('143', '341000', '黄山市', '12', 'H', '1'), ('144', '341100', '滁州市', '12', 'C', '1'), ('145', '341200', '阜阳市', '12', 'F', '1'), ('146', '341300', '宿州市', '12', 'S', '1'), ('147', '341500', '六安市', '12', 'L', '1'), ('148', '341600', '亳州市', '12', 'B', '1'), ('149', '341700', '池州市', '12', 'C', '1'), ('150', '341800', '宣城市', '12', 'X', '1'), ('151', '350100', '福州市', '13', 'F', '1'), ('152', '350200', '厦门市', '13', 'X', '1'), ('153', '350300', '莆田市', '13', 'P', '1'), ('154', '350400', '三明市', '13', 'S', '1'), ('155', '350500', '泉州市', '13', 'Q', '1'), ('156', '350600', '漳州市', '13', 'Z', '1'), ('157', '350700', '南平市', '13', 'N', '1'), ('158', '350800', '龙岩市', '13', 'L', '1'), ('159', '350900', '宁德市', '13', 'N', '1'), ('160', '360100', '南昌市', '14', 'N', '1'), ('161', '360200', '景德镇市', '14', 'J', '1'), ('162', '360300', '萍乡市', '14', 'P', '1'), ('163', '360400', '九江市', '14', 'J', '1'), ('164', '360500', '新余市', '14', 'X', '1'), ('165', '360600', '鹰潭市', '14', 'Y', '1'), ('166', '360700', '赣州市', '14', 'G', '1'), ('167', '360800', '吉安市', '14', 'J', '1'), ('168', '360900', '宜春市', '14', 'Y', '1'), ('169', '361000', '抚州市', '14', 'F', '1'), ('170', '361100', '上饶市', '14', 'S', '1'), ('171', '370100', '济南市', '15', 'J', '1'), ('172', '370200', '青岛市', '15', 'Q', '1'), ('173', '370300', '淄博市', '15', 'Z', '1'), ('174', '370400', '枣庄市', '15', 'Z', '1'), ('175', '370500', '东营市', '15', 'D', '1'), ('176', '370600', '烟台市', '15', 'Y', '1'), ('177', '370700', '潍坊市', '15', 'W', '1'), ('178', '370800', '济宁市', '15', 'J', '1'), ('179', '370900', '泰安市', '15', 'T', '1'), ('180', '371000', '威海市', '15', 'W', '1'), ('181', '371100', '日照市', '15', 'R', '1'), ('182', '371200', '莱芜市', '15', 'L', '1'), ('183', '371300', '临沂市', '15', 'L', '1'), ('184', '371400', '德州市', '15', 'D', '1'), ('185', '371500', '聊城市', '15', 'L', '1'), ('186', '371600', '滨州市', '15', 'B', '1'), ('187', '371700', '菏泽市', '15', 'H', '1'), ('188', '410100', '郑州市', '16', 'Z', '1'), ('189', '410200', '开封市', '16', 'K', '1'), ('190', '410300', '洛阳市', '16', 'L', '1'), ('191', '410400', '平顶山市', '16', 'P', '1'), ('192', '410500', '安阳市', '16', 'A', '1'), ('193', '410600', '鹤壁市', '16', 'H', '1'), ('194', '410700', '新乡市', '16', 'X', '1'), ('195', '410800', '焦作市', '16', 'J', '1');
INSERT INTO `sys_region` VALUES ('196', '410900', '濮阳市', '16', 'P', '1'), ('197', '411000', '许昌市', '16', 'X', '1'), ('198', '411100', '漯河市', '16', 'L', '1'), ('199', '411200', '三门峡市', '16', 'S', '1'), ('200', '411300', '南阳市', '16', 'N', '1'), ('201', '411400', '商丘市', '16', 'S', '1'), ('202', '411500', '信阳市', '16', 'X', '1'), ('203', '411600', '周口市', '16', 'Z', '1'), ('204', '411700', '驻马店市', '16', 'Z', '1'), ('205', '419000', '省直辖县级行政区划', '16', 'S', '1'), ('206', '420100', '武汉市', '17', 'W', '1'), ('207', '420200', '黄石市', '17', 'H', '1'), ('208', '420300', '十堰市', '17', 'S', '1'), ('209', '420500', '宜昌市', '17', 'Y', '1'), ('210', '420600', '襄阳市', '17', 'X', '1'), ('211', '420700', '鄂州市', '17', 'E', '1'), ('212', '420800', '荆门市', '17', 'J', '1'), ('213', '420900', '孝感市', '17', 'X', '1'), ('214', '421000', '荆州市', '17', 'J', '1'), ('215', '421100', '黄冈市', '17', 'H', '1'), ('216', '421200', '咸宁市', '17', 'X', '1'), ('217', '421300', '随州市', '17', 'S', '1'), ('218', '422800', '恩施土家族苗族自治州', '17', 'E', '1'), ('219', '429000', '省直辖县级行政区划', '17', 'S', '1'), ('220', '430100', '长沙市', '18', 'C', '1'), ('221', '430200', '株洲市', '18', 'Z', '1'), ('222', '430300', '湘潭市', '18', 'X', '1'), ('223', '430400', '衡阳市', '18', 'H', '1'), ('224', '430500', '邵阳市', '18', 'S', '1'), ('225', '430600', '岳阳市', '18', 'Y', '1'), ('226', '430700', '常德市', '18', 'C', '1'), ('227', '430800', '张家界市', '18', 'Z', '1'), ('228', '430900', '益阳市', '18', 'Y', '1'), ('229', '431000', '郴州市', '18', 'C', '1'), ('230', '431100', '永州市', '18', 'Y', '1'), ('231', '431200', '怀化市', '18', 'H', '1'), ('232', '431300', '娄底市', '18', 'L', '1'), ('233', '433100', '湘西土家族苗族自治州', '18', 'X', '1'), ('234', '440100', '广州市', '19', 'G', '1'), ('235', '440200', '韶关市', '19', 'S', '1'), ('236', '440300', '深圳市', '19', 'S', '1'), ('237', '440400', '珠海市', '19', 'Z', '1'), ('238', '440500', '汕头市', '19', 'S', '1'), ('239', '440600', '佛山市', '19', 'F', '1'), ('240', '440700', '江门市', '19', 'J', '1'), ('241', '440800', '湛江市', '19', 'Z', '1'), ('242', '440900', '茂名市', '19', 'M', '1'), ('243', '441200', '肇庆市', '19', 'Z', '1'), ('244', '441300', '惠州市', '19', 'H', '1'), ('245', '441400', '梅州市', '19', 'M', '1'), ('246', '441500', '汕尾市', '19', 'S', '1'), ('247', '441600', '河源市', '19', 'H', '1'), ('248', '441700', '阳江市', '19', 'Y', '1'), ('249', '441800', '清远市', '19', 'Q', '1'), ('250', '441900', '东莞市', '19', 'D', '1'), ('251', '442000', '中山市', '19', 'Z', '1'), ('252', '445100', '潮州市', '19', 'C', '1'), ('253', '445200', '揭阳市', '19', 'J', '1'), ('254', '445300', '云浮市', '19', 'Y', '1'), ('255', '450100', '南宁市', '20', 'N', '1'), ('256', '450200', '柳州市', '20', 'L', '1'), ('257', '450300', '桂林市', '20', 'G', '1'), ('258', '450400', '梧州市', '20', 'W', '1'), ('259', '450500', '北海市', '20', 'B', '1'), ('260', '450600', '防城港市', '20', 'F', '1'), ('261', '450700', '钦州市', '20', 'Q', '1'), ('262', '450800', '贵港市', '20', 'G', '1'), ('263', '450900', '玉林市', '20', 'Y', '1'), ('264', '451000', '百色市', '20', 'B', '1'), ('265', '451100', '贺州市', '20', 'H', '1'), ('266', '451200', '河池市', '20', 'H', '1'), ('267', '451300', '来宾市', '20', 'L', '1'), ('268', '451400', '崇左市', '20', 'C', '1'), ('269', '460100', '海口市', '21', 'H', '1'), ('270', '460200', '三亚市', '21', 'S', '1'), ('271', '460300', '三沙市', '21', 'S', '1'), ('272', '469000', '省直辖县级行政区划', '21', 'S', '1'), ('273', '500100', '重庆市', '22', 'C', '1'), ('274', '500200', '重庆县', '22', 'C', '1'), ('275', '510100', '成都市', '23', 'C', '1'), ('276', '510300', '自贡市', '23', 'Z', '1'), ('277', '510400', '攀枝花市', '23', 'P', '1'), ('278', '510500', '泸州市', '23', 'L', '1'), ('279', '510600', '德阳市', '23', 'D', '1'), ('280', '510700', '绵阳市', '23', 'M', '1'), ('281', '510800', '广元市', '23', 'G', '1'), ('282', '510900', '遂宁市', '23', 'S', '1'), ('283', '511000', '内江市', '23', 'N', '1'), ('284', '511100', '乐山市', '23', 'L', '1'), ('285', '511300', '南充市', '23', 'N', '1'), ('286', '511400', '眉山市', '23', 'M', '1'), ('287', '511500', '宜宾市', '23', 'Y', '1'), ('288', '511600', '广安市', '23', 'G', '1'), ('289', '511700', '达州市', '23', 'D', '1'), ('290', '511800', '雅安市', '23', 'Y', '1'), ('291', '511900', '巴中市', '23', 'B', '1'), ('292', '512000', '资阳市', '23', 'Z', '1'), ('293', '513200', '阿坝藏族羌族自治州', '23', 'A', '1'), ('294', '513300', '甘孜藏族自治州', '23', 'G', '1'), ('295', '513400', '凉山彝族自治州', '23', 'L', '1');
INSERT INTO `sys_region` VALUES ('296', '520100', '贵阳市', '24', 'G', '1'), ('297', '520200', '六盘水市', '24', 'L', '1'), ('298', '520300', '遵义市', '24', 'Z', '1'), ('299', '520400', '安顺市', '24', 'A', '1'), ('300', '520500', '毕节市', '24', 'B', '1'), ('301', '520600', '铜仁市', '24', 'T', '1'), ('302', '522300', '黔西南布依族苗族自治州', '24', 'Q', '1'), ('303', '522600', '黔东南苗族侗族自治州', '24', 'Q', '1'), ('304', '522700', '黔南布依族苗族自治州', '24', 'Q', '1'), ('305', '530100', '昆明市', '25', 'K', '1'), ('306', '530300', '曲靖市', '25', 'Q', '1'), ('307', '530400', '玉溪市', '25', 'Y', '1'), ('308', '530500', '保山市', '25', 'B', '1'), ('309', '530600', '昭通市', '25', 'Z', '1'), ('310', '530700', '丽江市', '25', 'L', '1'), ('311', '530800', '普洱市', '25', 'P', '1'), ('312', '530900', '临沧市', '25', 'L', '1'), ('313', '532300', '楚雄彝族自治州', '25', 'C', '1'), ('314', '532500', '红河哈尼族彝族自治州', '25', 'H', '1'), ('315', '532600', '文山壮族苗族自治州', '25', 'W', '1'), ('316', '532800', '西双版纳傣族自治州', '25', 'X', '1'), ('317', '532900', '大理白族自治州', '25', 'D', '1'), ('318', '533100', '德宏傣族景颇族自治州', '25', 'D', '1'), ('319', '533300', '怒江傈僳族自治州', '25', 'N', '1'), ('320', '533400', '迪庆藏族自治州', '25', 'D', '1'), ('321', '540100', '拉萨市', '26', 'L', '1'), ('322', '540200', '日喀则市', '26', 'R', '1'), ('323', '542100', '昌都地区', '26', 'C', '1'), ('324', '542200', '山南地区', '26', 'S', '1'), ('325', '542400', '那曲地区', '26', 'N', '1'), ('326', '542500', '阿里地区', '26', 'A', '1'), ('327', '542600', '林芝地区', '26', 'L', '1'), ('328', '610100', '西安市', '27', 'X', '1'), ('329', '610200', '铜川市', '27', 'T', '1'), ('330', '610300', '宝鸡市', '27', 'B', '1'), ('331', '610400', '咸阳市', '27', 'X', '1'), ('332', '610500', '渭南市', '27', 'W', '1'), ('333', '610600', '延安市', '27', 'Y', '1'), ('334', '610700', '汉中市', '27', 'H', '1'), ('335', '610800', '榆林市', '27', 'Y', '1'), ('336', '610900', '安康市', '27', 'A', '1'), ('337', '611000', '商洛市', '27', 'S', '1'), ('338', '620100', '兰州市', '28', 'L', '1'), ('339', '620200', '嘉峪关市', '28', 'J', '1'), ('340', '620300', '金昌市', '28', 'J', '1'), ('341', '620400', '白银市', '28', 'B', '1'), ('342', '620500', '天水市', '28', 'T', '1'), ('343', '620600', '武威市', '28', 'W', '1'), ('344', '620700', '张掖市', '28', 'Z', '1'), ('345', '620800', '平凉市', '28', 'P', '1'), ('346', '620900', '酒泉市', '28', 'J', '1'), ('347', '621000', '庆阳市', '28', 'Q', '1'), ('348', '621100', '定西市', '28', 'D', '1'), ('349', '621200', '陇南市', '28', 'L', '1'), ('350', '622900', '临夏回族自治州', '28', 'L', '1'), ('351', '623000', '甘南藏族自治州', '28', 'G', '1'), ('352', '630100', '西宁市', '29', 'X', '1'), ('353', '630200', '海东市', '29', 'H', '1'), ('354', '632200', '海北藏族自治州', '29', 'H', '1'), ('355', '632300', '黄南藏族自治州', '29', 'H', '1'), ('356', '632500', '海南藏族自治州', '29', 'H', '1'), ('357', '632600', '果洛藏族自治州', '29', 'G', '1'), ('358', '632700', '玉树藏族自治州', '29', 'Y', '1'), ('359', '632800', '海西蒙古族藏族自治州', '29', 'H', '1'), ('360', '640100', '银川市', '30', 'Y', '1'), ('361', '640200', '石嘴山市', '30', 'S', '1'), ('362', '640300', '吴忠市', '30', 'W', '1'), ('363', '640400', '固原市', '30', 'G', '1'), ('364', '640500', '中卫市', '30', 'Z', '1'), ('365', '650100', '乌鲁木齐市', '31', 'W', '1'), ('366', '650200', '克拉玛依市', '31', 'K', '1'), ('367', '652100', '吐鲁番地区', '31', 'T', '1'), ('368', '652200', '哈密地区', '31', 'H', '1'), ('369', '652300', '昌吉回族自治州', '31', 'C', '1'), ('370', '652700', '博尔塔拉蒙古自治州', '31', 'B', '1'), ('371', '652800', '巴音郭楞蒙古自治州', '31', 'B', '1'), ('372', '652900', '阿克苏地区', '31', 'A', '1'), ('373', '653000', '克孜勒苏柯尔克孜自治州', '31', 'K', '1'), ('374', '653100', '喀什地区', '31', 'K', '1'), ('375', '653200', '和田地区', '31', 'H', '1'), ('376', '654000', '伊犁哈萨克自治州', '31', 'Y', '1'), ('377', '654200', '塔城地区', '31', 'T', '1'), ('378', '654300', '阿勒泰地区', '31', 'A', '1'), ('379', '659000', '自治区直辖县级行政区划', '31', 'Z', '1'), ('380', '110101', '东城区', '35', 'D', '2'), ('381', '110102', '西城区', '35', 'X', '2'), ('382', '110105', '朝阳区', '35', 'C', '2'), ('383', '110106', '丰台区', '35', 'F', '2'), ('384', '110107', '石景山区', '35', 'S', '2'), ('385', '110108', '海淀区', '35', 'H', '2'), ('386', '110109', '门头沟区', '35', 'M', '2'), ('387', '110111', '房山区', '35', 'F', '2'), ('388', '110112', '通州区', '35', 'T', '2'), ('389', '110113', '顺义区', '35', 'S', '2'), ('390', '110114', '昌平区', '35', 'C', '2'), ('391', '110115', '大兴区', '35', 'D', '2'), ('392', '110116', '怀柔区', '35', 'H', '2'), ('393', '110117', '平谷区', '35', 'P', '2'), ('394', '110228', '密云县', '36', 'M', '2'), ('395', '110229', '延庆县', '36', 'Y', '2');
INSERT INTO `sys_region` VALUES ('396', '120101', '和平区', '37', 'H', '2'), ('397', '120102', '河东区', '37', 'H', '2'), ('398', '120103', '河西区', '37', 'H', '2'), ('399', '120104', '南开区', '37', 'N', '2'), ('400', '120105', '河北区', '37', 'H', '2'), ('401', '120106', '红桥区', '37', 'H', '2'), ('402', '120110', '东丽区', '37', 'D', '2'), ('403', '120111', '西青区', '37', 'X', '2'), ('404', '120112', '津南区', '37', 'J', '2'), ('405', '120113', '北辰区', '37', 'B', '2'), ('406', '120114', '武清区', '37', 'W', '2'), ('407', '120115', '宝坻区', '37', 'B', '2'), ('408', '120116', '滨海新区', '37', 'B', '2'), ('409', '120221', '宁河县', '38', 'N', '2'), ('410', '120223', '静海县', '38', 'J', '2'), ('411', '120225', '蓟县', '38', 'J', '2'), ('413', '130102', '长安区', '39', 'C', '2'), ('414', '130104', '桥西区', '39', 'Q', '2'), ('415', '130123', '正定县', '39', 'Z', '2'), ('416', '130125', '行唐县', '39', 'X', '2'), ('417', '130126', '灵寿县', '39', 'L', '2'), ('418', '130127', '高邑县', '39', 'G', '2'), ('419', '130181', '辛集市', '39', 'X', '2'), ('420', '130183', '晋州市', '39', 'J', '2'), ('421', '130184', '新乐市', '39', 'X', '2'), ('422', '130202', '路南区', '40', 'L', '2'), ('423', '130203', '路北区', '40', 'L', '2'), ('424', '130204', '古冶区', '40', 'G', '2'), ('425', '130205', '开平区', '40', 'K', '2'), ('426', '130207', '丰南区', '40', 'F', '2'), ('427', '130208', '丰润区', '40', 'F', '2'), ('428', '130209', '曹妃甸区', '40', 'C', '2'), ('429', '130223', '滦县', '40', 'L', '2'), ('430', '130224', '滦南县', '40', 'L', '2'), ('431', '130225', '乐亭县', '40', 'L', '2'), ('432', '130227', '迁西县', '40', 'Q', '2'), ('433', '130229', '玉田县', '40', 'Y', '2'), ('434', '130281', '遵化市', '40', 'Z', '2'), ('435', '130283', '迁安市', '40', 'Q', '2'), ('436', '130302', '海港区', '41', 'H', '2'), ('437', '130303', '山海关区', '41', 'S', '2'), ('438', '130304', '北戴河区', '41', 'B', '2'), ('439', '130321', '青龙满族自治县', '41', 'Q', '2'), ('440', '130322', '昌黎县', '41', 'C', '2'), ('441', '130323', '抚宁县', '41', 'F', '2'), ('442', '130324', '卢龙县', '41', 'L', '2'), ('443', '130402', '邯山区', '42', 'H', '2'), ('444', '130403', '丛台区', '42', 'C', '2'), ('445', '130404', '复兴区', '42', 'F', '2'), ('446', '130406', '峰峰矿区', '42', 'F', '2'), ('447', '130421', '邯郸县', '42', 'H', '2'), ('448', '130423', '临漳县', '42', 'L', '2'), ('449', '130424', '成安县', '42', 'C', '2'), ('450', '130425', '大名县', '42', 'D', '2'), ('451', '130426', '涉县', '42', 'S', '2'), ('452', '130427', '磁县', '42', 'C', '2'), ('453', '130428', '肥乡县', '42', 'F', '2'), ('454', '130429', '永年县', '42', 'Y', '2'), ('455', '130430', '邱县', '42', 'Q', '2'), ('456', '130431', '鸡泽县', '42', 'J', '2'), ('457', '130432', '广平县', '42', 'G', '2'), ('458', '130433', '馆陶县', '42', 'G', '2'), ('459', '130434', '魏县', '42', 'W', '2'), ('460', '130435', '曲周县', '42', 'Q', '2'), ('461', '130481', '武安市', '42', 'W', '2'), ('462', '130502', '桥东区', '43', 'Q', '2'), ('463', '130521', '邢台县', '43', 'X', '2'), ('464', '130522', '临城县', '43', 'L', '2'), ('465', '130523', '内丘县', '43', 'N', '2'), ('466', '130524', '柏乡县', '43', 'B', '2'), ('467', '130525', '隆尧县', '43', 'L', '2'), ('468', '130526', '任县', '43', 'R', '2'), ('469', '130527', '南和县', '43', 'N', '2'), ('470', '130528', '宁晋县', '43', 'N', '2'), ('471', '130529', '巨鹿县', '43', 'J', '2'), ('472', '130530', '新河县', '43', 'X', '2'), ('473', '130531', '广宗县', '43', 'G', '2'), ('474', '130532', '平乡县', '43', 'P', '2'), ('475', '130533', '威县', '43', 'W', '2'), ('476', '130534', '清河县', '43', 'Q', '2'), ('477', '130535', '临西县', '43', 'L', '2'), ('478', '130581', '南宫市', '43', 'N', '2'), ('479', '130582', '沙河市', '43', 'S', '2'), ('480', '130602', '新市区', '44', 'X', '2'), ('481', '130603', '北市区', '44', 'B', '2'), ('482', '130604', '南市区', '44', 'N', '2'), ('483', '130621', '满城县', '44', 'M', '2'), ('484', '130622', '清苑县', '44', 'Q', '2'), ('485', '130623', '涞水县', '44', 'L', '2'), ('486', '130624', '阜平县', '44', 'F', '2'), ('487', '130625', '徐水县', '44', 'X', '2'), ('488', '130626', '定兴县', '44', 'D', '2'), ('489', '130627', '唐县', '44', 'T', '2'), ('490', '130628', '高阳县', '44', 'G', '2'), ('491', '130629', '容城县', '44', 'R', '2'), ('492', '130630', '涞源县', '44', 'L', '2'), ('493', '130631', '望都县', '44', 'W', '2'), ('494', '130632', '安新县', '44', 'A', '2'), ('495', '130633', '易县', '44', 'Y', '2'), ('496', '130634', '曲阳县', '44', 'Q', '2');
INSERT INTO `sys_region` VALUES ('497', '130635', '蠡县', '44', 'L', '2'), ('498', '130636', '顺平县', '44', 'S', '2'), ('499', '130637', '博野县', '44', 'B', '2'), ('500', '130638', '雄县', '44', 'X', '2'), ('501', '130681', '涿州市', '44', 'Z', '2'), ('502', '130682', '定州市', '44', 'D', '2'), ('503', '130683', '安国市', '44', 'A', '2'), ('504', '130684', '高碑店市', '44', 'G', '2'), ('505', '130705', '宣化区', '45', 'X', '2'), ('506', '130706', '下花园区', '45', 'X', '2'), ('507', '130721', '宣化县', '45', 'X', '2'), ('508', '130722', '张北县', '45', 'Z', '2'), ('509', '130723', '康保县', '45', 'K', '2'), ('510', '130724', '沽源县', '45', 'G', '2'), ('511', '130725', '尚义县', '45', 'S', '2'), ('512', '130726', '蔚县', '45', 'W', '2'), ('513', '130727', '阳原县', '45', 'Y', '2'), ('514', '130728', '怀安县', '45', 'H', '2'), ('515', '130729', '万全县', '45', 'W', '2'), ('516', '130730', '怀来县', '45', 'H', '2'), ('517', '130731', '涿鹿县', '45', 'Z', '2'), ('518', '130732', '赤城县', '45', 'C', '2'), ('519', '130733', '崇礼县', '45', 'C', '2'), ('520', '130802', '双桥区', '46', 'S', '2'), ('521', '130803', '双滦区', '46', 'S', '2'), ('522', '130804', '鹰手营子矿区', '46', 'Y', '2'), ('523', '130821', '承德县', '46', 'C', '2'), ('524', '130822', '兴隆县', '46', 'X', '2'), ('525', '130823', '平泉县', '46', 'P', '2'), ('526', '130824', '滦平县', '46', 'L', '2'), ('527', '130825', '隆化县', '46', 'L', '2'), ('528', '130826', '丰宁满族自治县', '46', 'F', '2'), ('529', '130827', '宽城满族自治县', '46', 'K', '2'), ('530', '130828', '围场满族蒙古族自治县', '46', 'W', '2'), ('531', '130903', '运河区', '47', 'Y', '2'), ('532', '130921', '沧县', '47', 'C', '2'), ('533', '130922', '青县', '47', 'Q', '2'), ('534', '130923', '东光县', '47', 'D', '2'), ('535', '130924', '海兴县', '47', 'H', '2'), ('536', '130925', '盐山县', '47', 'Y', '2'), ('537', '130926', '肃宁县', '47', 'S', '2'), ('538', '130927', '南皮县', '47', 'N', '2'), ('539', '130928', '吴桥县', '47', 'W', '2'), ('540', '130929', '献县', '47', 'X', '2'), ('541', '130930', '孟村回族自治县', '47', 'M', '2'), ('542', '130981', '泊头市', '47', 'B', '2'), ('543', '130982', '任丘市', '47', 'R', '2'), ('544', '130983', '黄骅市', '47', 'H', '2'), ('545', '130984', '河间市', '47', 'H', '2'), ('546', '131002', '安次区', '48', 'A', '2'), ('547', '131003', '广阳区', '48', 'G', '2'), ('548', '131022', '固安县', '48', 'G', '2'), ('549', '131023', '永清县', '48', 'Y', '2'), ('550', '131024', '香河县', '48', 'X', '2'), ('551', '131025', '大城县', '48', 'D', '2'), ('552', '131026', '文安县', '48', 'W', '2'), ('553', '131028', '大厂回族自治县', '48', 'D', '2'), ('554', '131081', '霸州市', '48', 'B', '2'), ('555', '131082', '三河市', '48', 'S', '2'), ('556', '131102', '桃城区', '49', 'T', '2'), ('557', '131121', '枣强县', '49', 'Z', '2'), ('558', '131122', '武邑县', '49', 'W', '2'), ('559', '131123', '武强县', '49', 'W', '2'), ('560', '131124', '饶阳县', '49', 'R', '2'), ('561', '131125', '安平县', '49', 'A', '2'), ('562', '131126', '故城县', '49', 'G', '2'), ('563', '131127', '景县', '49', 'J', '2'), ('564', '131128', '阜城县', '49', 'F', '2'), ('565', '131181', '冀州市', '49', 'J', '2'), ('566', '131182', '深州市', '49', 'S', '2'), ('567', '140105', '小店区', '50', 'X', '2'), ('568', '140106', '迎泽区', '50', 'Y', '2'), ('569', '140107', '杏花岭区', '50', 'X', '2'), ('570', '140108', '尖草坪区', '50', 'J', '2'), ('571', '140109', '万柏林区', '50', 'W', '2'), ('572', '140110', '晋源区', '50', 'J', '2'), ('573', '140121', '清徐县', '50', 'Q', '2'), ('574', '140122', '阳曲县', '50', 'Y', '2'), ('575', '140123', '娄烦县', '50', 'L', '2'), ('576', '140181', '古交市', '50', 'G', '2'), ('577', '140202', '城区', '51', 'C', '2'), ('578', '140203', '矿区', '51', 'K', '2'), ('579', '140211', '南郊区', '51', 'N', '2'), ('580', '140212', '新荣区', '51', 'X', '2'), ('581', '140221', '阳高县', '51', 'Y', '2'), ('582', '140222', '天镇县', '51', 'T', '2'), ('583', '140223', '广灵县', '51', 'G', '2'), ('584', '140224', '灵丘县', '51', 'L', '2'), ('585', '140225', '浑源县', '51', 'H', '2'), ('586', '140226', '左云县', '51', 'Z', '2'), ('587', '140227', '大同县', '51', 'D', '2'), ('588', '140311', '郊区', '52', 'J', '2'), ('589', '140321', '平定县', '52', 'P', '2'), ('590', '140322', '盂县', '52', 'Y', '2'), ('591', '140421', '长治县', '53', 'C', '2'), ('592', '140423', '襄垣县', '53', 'X', '2'), ('593', '140424', '屯留县', '53', 'T', '2'), ('594', '140425', '平顺县', '53', 'P', '2'), ('595', '140426', '黎城县', '53', 'L', '2'), ('596', '140427', '壶关县', '53', 'H', '2');
INSERT INTO `sys_region` VALUES ('597', '140428', '长子县', '53', 'C', '2'), ('598', '140429', '武乡县', '53', 'W', '2'), ('599', '140430', '沁县', '53', 'Q', '2'), ('600', '140431', '沁源县', '53', 'Q', '2'), ('601', '140481', '潞城市', '53', 'L', '2'), ('602', '140521', '沁水县', '54', 'Q', '2'), ('603', '140522', '阳城县', '54', 'Y', '2'), ('604', '140524', '陵川县', '54', 'L', '2'), ('605', '140525', '泽州县', '54', 'Z', '2'), ('606', '140581', '高平市', '54', 'G', '2'), ('607', '140602', '朔城区', '55', 'S', '2'), ('608', '140603', '平鲁区', '55', 'P', '2'), ('609', '140621', '山阴县', '55', 'S', '2'), ('610', '140622', '应县', '55', 'Y', '2'), ('611', '140623', '右玉县', '55', 'Y', '2'), ('612', '140624', '怀仁县', '55', 'H', '2'), ('613', '140702', '榆次区', '56', 'Y', '2'), ('614', '140721', '榆社县', '56', 'Y', '2'), ('615', '140722', '左权县', '56', 'Z', '2'), ('616', '140723', '和顺县', '56', 'H', '2'), ('617', '140724', '昔阳县', '56', 'X', '2'), ('618', '140725', '寿阳县', '56', 'S', '2'), ('619', '140726', '太谷县', '56', 'T', '2'), ('620', '140727', '祁县', '56', 'Q', '2'), ('621', '140728', '平遥县', '56', 'P', '2'), ('622', '140729', '灵石县', '56', 'L', '2'), ('1632', '371003', '文登区', '180', 'W', '2'), ('1633', '371082', '荣成市', '180', 'R', '2'), ('1634', '371083', '乳山市', '180', 'R', '2'), ('1635', '371102', '东港区', '181', 'D', '2'), ('1636', '371103', '岚山区', '181', 'L', '2'), ('1637', '371121', '五莲县', '181', 'W', '2'), ('1638', '371122', '莒县', '181', 'J', '2'), ('1639', '371202', '莱城区', '182', 'L', '2'), ('1640', '371203', '钢城区', '182', 'G', '2'), ('1641', '371302', '兰山区', '183', 'L', '2'), ('1642', '371311', '罗庄区', '183', 'L', '2'), ('1643', '371321', '沂南县', '183', 'Y', '2'), ('1644', '371322', '郯城县', '183', 'T', '2'), ('1645', '371323', '沂水县', '183', 'Y', '2'), ('1646', '371324', '兰陵县', '183', 'L', '2'), ('1647', '371325', '费县', '183', 'F', '2'), ('1648', '371326', '平邑县', '183', 'P', '2'), ('1649', '371327', '莒南县', '183', 'J', '2'), ('1650', '371328', '蒙阴县', '183', 'M', '2'), ('1651', '371329', '临沭县', '183', 'L', '2'), ('1652', '371402', '德城区', '184', 'D', '2'), ('1653', '371403', '陵城区', '184', 'L', '2'), ('1654', '371422', '宁津县', '184', 'N', '2'), ('1655', '371423', '庆云县', '184', 'Q', '2'), ('1656', '371424', '临邑县', '184', 'L', '2'), ('1657', '371425', '齐河县', '184', 'Q', '2'), ('1658', '371426', '平原县', '184', 'P', '2'), ('1659', '371427', '夏津县', '184', 'X', '2'), ('1660', '371428', '武城县', '184', 'W', '2'), ('1661', '371481', '乐陵市', '184', 'L', '2'), ('1662', '371482', '禹城市', '184', 'Y', '2'), ('1663', '371502', '东昌府区', '185', 'D', '2'), ('1664', '371521', '阳谷县', '185', 'Y', '2'), ('1665', '371522', '莘县', '185', 'X', '2'), ('1666', '371523', '茌平县', '185', 'C', '2'), ('1667', '371524', '东阿县', '185', 'D', '2'), ('1668', '371525', '冠县', '185', 'G', '2'), ('1669', '371526', '高唐县', '185', 'G', '2'), ('1670', '371581', '临清市', '185', 'L', '2'), ('1671', '371602', '滨城区', '186', 'B', '2'), ('1672', '371603', '沾化区', '186', 'Z', '2'), ('1673', '371621', '惠民县', '186', 'H', '2'), ('1674', '371622', '阳信县', '186', 'Y', '2'), ('1675', '371623', '无棣县', '186', 'W', '2'), ('1676', '371625', '博兴县', '186', 'B', '2'), ('1677', '371626', '邹平县', '186', 'Z', '2'), ('1678', '371702', '牡丹区', '187', 'M', '2'), ('1679', '371721', '曹县', '187', 'C', '2'), ('1680', '371722', '单县', '187', 'D', '2'), ('1681', '371723', '成武县', '187', 'C', '2'), ('1682', '371724', '巨野县', '187', 'J', '2'), ('1683', '371725', '郓城县', '187', 'Y', '2'), ('1684', '371726', '鄄城县', '187', 'J', '2'), ('1685', '371727', '定陶县', '187', 'D', '2'), ('1686', '371728', '东明县', '187', 'D', '2'), ('1687', '410102', '中原区', '188', 'Z', '2'), ('1688', '410103', '二七区', '188', 'E', '2'), ('1689', '410104', '管城回族区', '188', 'G', '2'), ('1690', '410105', '金水区', '188', 'J', '2'), ('1691', '410106', '上街区', '188', 'S', '2'), ('1692', '410108', '惠济区', '188', 'H', '2'), ('1693', '410122', '中牟县', '188', 'Z', '2'), ('1694', '410181', '巩义市', '188', 'G', '2'), ('1695', '410182', '荥阳市', '188', 'Y', '2'), ('1696', '410183', '新密市', '188', 'X', '2'), ('1697', '410184', '新郑市', '188', 'X', '2'), ('1698', '410185', '登封市', '188', 'D', '2'), ('1699', '410202', '龙亭区', '189', 'L', '2'), ('1700', '410203', '顺河回族区', '189', 'S', '2'), ('1701', '410205', '禹王台区', '189', 'Y', '2'), ('1702', '410211', '金明区', '189', 'J', '2'), ('1703', '410221', '杞县', '189', 'Q', '2'), ('1704', '410222', '通许县', '189', 'T', '2'), ('1705', '410223', '尉氏县', '189', 'W', '2');
INSERT INTO `sys_region` VALUES ('1706', '410224', '开封县', '189', 'K', '2'), ('1707', '410225', '兰考县', '189', 'L', '2'), ('1708', '410302', '老城区', '190', 'L', '2'), ('1709', '410303', '西工区', '190', 'X', '2'), ('1710', '410304', '瀍河回族区', '190', 'C', '2'), ('1711', '410305', '涧西区', '190', 'J', '2'), ('1712', '410306', '吉利区', '190', 'J', '2'), ('1713', '410311', '洛龙区', '190', 'L', '2'), ('1714', '410322', '孟津县', '190', 'M', '2'), ('1715', '410323', '新安县', '190', 'X', '2'), ('1716', '410324', '栾川县', '190', 'L', '2'), ('1717', '410325', '嵩县', '190', 'S', '2'), ('1718', '410326', '汝阳县', '190', 'R', '2'), ('1719', '410327', '宜阳县', '190', 'Y', '2'), ('1720', '410328', '洛宁县', '190', 'L', '2'), ('1721', '410329', '伊川县', '190', 'Y', '2'), ('1722', '410381', '偃师市', '190', 'Y', '2'), ('1723', '410403', '卫东区', '191', 'W', '2'), ('1724', '410404', '石龙区', '191', 'S', '2'), ('1725', '410411', '湛河区', '191', 'Z', '2'), ('1726', '410421', '宝丰县', '191', 'B', '2'), ('1727', '410422', '叶县', '191', 'Y', '2'), ('1728', '410423', '鲁山县', '191', 'L', '2'), ('1729', '410425', '郏县', '191', 'J', '2'), ('1730', '410481', '舞钢市', '191', 'W', '2'), ('1731', '410482', '汝州市', '191', 'R', '2'), ('1732', '410502', '文峰区', '192', 'W', '2'), ('1733', '410503', '北关区', '192', 'B', '2'), ('1734', '410505', '殷都区', '192', 'Y', '2'), ('1735', '410506', '龙安区', '192', 'L', '2'), ('1736', '410522', '安阳县', '192', 'A', '2'), ('1737', '410523', '汤阴县', '192', 'T', '2'), ('1738', '410526', '滑县', '192', 'H', '2'), ('1739', '410527', '内黄县', '192', 'N', '2'), ('1740', '410581', '林州市', '192', 'L', '2'), ('1741', '410602', '鹤山区', '193', 'H', '2'), ('1742', '410603', '山城区', '193', 'S', '2'), ('1743', '410611', '淇滨区', '193', 'Q', '2'), ('1744', '410621', '浚县', '193', 'J', '2'), ('1745', '410622', '淇县', '193', 'Q', '2'), ('1746', '410702', '红旗区', '194', 'H', '2'), ('1747', '410703', '卫滨区', '194', 'W', '2'), ('1748', '410704', '凤泉区', '194', 'F', '2'), ('1749', '410711', '牧野区', '194', 'M', '2'), ('1750', '410721', '新乡县', '194', 'X', '2'), ('1751', '410724', '获嘉县', '194', 'H', '2'), ('1752', '410725', '原阳县', '194', 'Y', '2'), ('1753', '410726', '延津县', '194', 'Y', '2'), ('1754', '410727', '封丘县', '194', 'F', '2'), ('1755', '410728', '长垣县', '194', 'C', '2'), ('1756', '410781', '卫辉市', '194', 'W', '2'), ('1757', '410782', '辉县市', '194', 'H', '2'), ('1758', '410802', '解放区', '195', 'J', '2'), ('1759', '410803', '中站区', '195', 'Z', '2'), ('1760', '410804', '马村区', '195', 'M', '2'), ('1761', '410811', '山阳区', '195', 'S', '2'), ('1762', '410821', '修武县', '195', 'X', '2'), ('1763', '410822', '博爱县', '195', 'B', '2'), ('1764', '410823', '武陟县', '195', 'W', '2'), ('1765', '410825', '温县', '195', 'W', '2'), ('1766', '410882', '沁阳市', '195', 'Q', '2'), ('1767', '410883', '孟州市', '195', 'M', '2'), ('1768', '410902', '华龙区', '196', 'H', '2'), ('1769', '410922', '清丰县', '196', 'Q', '2'), ('1770', '410923', '南乐县', '196', 'N', '2'), ('1771', '410926', '范县', '196', 'F', '2'), ('1772', '410927', '台前县', '196', 'T', '2'), ('1773', '410928', '濮阳县', '196', 'P', '2'), ('1774', '411002', '魏都区', '197', 'W', '2'), ('1775', '411023', '许昌县', '197', 'X', '2'), ('1776', '411024', '鄢陵县', '197', 'Y', '2'), ('1777', '411025', '襄城县', '197', 'X', '2'), ('1778', '411081', '禹州市', '197', 'Y', '2'), ('1779', '411082', '长葛市', '197', 'C', '2'), ('1781', '411102', '源汇区', '198', 'Y', '2'), ('1782', '411103', '郾城区', '198', 'Y', '2'), ('1783', '411104', '召陵区', '198', 'Z', '2'), ('1784', '411121', '舞阳县', '198', 'W', '2'), ('1785', '411122', '临颍县', '198', 'L', '2'), ('1786', '411202', '湖滨区', '199', 'H', '2'), ('1787', '411221', '渑池县', '199', 'S', '2'), ('1788', '411222', '陕县', '199', 'S', '2'), ('1789', '411224', '卢氏县', '199', 'L', '2'), ('1790', '411281', '义马市', '199', 'Y', '2'), ('1791', '411282', '灵宝市', '199', 'L', '2'), ('1792', '411302', '宛城区', '200', 'W', '2'), ('1793', '411303', '卧龙区', '200', 'W', '2'), ('1794', '411321', '南召县', '200', 'N', '2'), ('1795', '411322', '方城县', '200', 'F', '2'), ('1796', '411323', '西峡县', '200', 'X', '2'), ('1797', '411324', '镇平县', '200', 'Z', '2'), ('1798', '411325', '内乡县', '200', 'N', '2'), ('1799', '411326', '淅川县', '200', 'X', '2'), ('1800', '411327', '社旗县', '200', 'S', '2'), ('1801', '411328', '唐河县', '200', 'T', '2'), ('1802', '411329', '新野县', '200', 'X', '2'), ('1803', '411330', '桐柏县', '200', 'T', '2'), ('1804', '411381', '邓州市', '200', 'D', '2'), ('1805', '411402', '梁园区', '201', 'L', '2'), ('1806', '411403', '睢阳区', '201', 'S', '2');
INSERT INTO `sys_region` VALUES ('1807', '411421', '民权县', '201', 'M', '2'), ('1808', '411422', '睢县', '201', 'S', '2'), ('1809', '411423', '宁陵县', '201', 'N', '2'), ('1810', '411424', '柘城县', '201', 'Z', '2'), ('1811', '411425', '虞城县', '201', 'Y', '2'), ('1812', '411426', '夏邑县', '201', 'X', '2'), ('1813', '411481', '永城市', '201', 'Y', '2'), ('1814', '411502', '浉河区', '202', 'S', '2'), ('1815', '411503', '平桥区', '202', 'P', '2'), ('1816', '411521', '罗山县', '202', 'L', '2'), ('1817', '411522', '光山县', '202', 'G', '2'), ('1818', '411523', '新县', '202', 'X', '2'), ('1819', '411524', '商城县', '202', 'S', '2'), ('1820', '411525', '固始县', '202', 'G', '2'), ('1821', '411526', '潢川县', '202', 'H', '2'), ('1822', '411527', '淮滨县', '202', 'H', '2'), ('1823', '411528', '息县', '202', 'X', '2'), ('1824', '411602', '川汇区', '203', 'C', '2'), ('1825', '411621', '扶沟县', '203', 'F', '2'), ('1826', '411622', '西华县', '203', 'X', '2'), ('1827', '411623', '商水县', '203', 'S', '2'), ('1828', '411624', '沈丘县', '203', 'S', '2'), ('1829', '411625', '郸城县', '203', 'D', '2'), ('1830', '411626', '淮阳县', '203', 'H', '2'), ('1831', '411627', '太康县', '203', 'T', '2'), ('1832', '411628', '鹿邑县', '203', 'L', '2'), ('1833', '411681', '项城市', '203', 'X', '2'), ('1834', '411702', '驿城区', '204', 'Y', '2'), ('1835', '411721', '西平县', '204', 'X', '2'), ('2233', '450502', '海城区', '259', 'H', '2'), ('2234', '450503', '银海区', '259', 'Y', '2'), ('2235', '450512', '铁山港区', '259', 'T', '2'), ('2236', '450521', '合浦县', '259', 'H', '2'), ('2237', '450602', '港口区', '260', 'G', '2'), ('2238', '450603', '防城区', '260', 'F', '2'), ('2239', '450621', '上思县', '260', 'S', '2'), ('2240', '450681', '东兴市', '260', 'D', '2'), ('2241', '450702', '钦南区', '261', 'Q', '2'), ('2242', '450703', '钦北区', '261', 'Q', '2'), ('2243', '450721', '灵山县', '261', 'L', '2'), ('2244', '450722', '浦北县', '261', 'P', '2'), ('2245', '450802', '港北区', '262', 'G', '2'), ('2246', '450803', '港南区', '262', 'G', '2'), ('2247', '450804', '覃塘区', '262', 'T', '2'), ('2248', '450821', '平南县', '262', 'P', '2'), ('2249', '450881', '桂平市', '262', 'G', '2'), ('2250', '450902', '玉州区', '263', 'Y', '2'), ('2251', '450903', '福绵区', '263', 'F', '2'), ('2252', '450921', '容县', '263', 'R', '2'), ('2253', '450922', '陆川县', '263', 'L', '2'), ('2254', '450923', '博白县', '263', 'B', '2'), ('2255', '450924', '兴业县', '263', 'X', '2'), ('2256', '450981', '北流市', '263', 'B', '2'), ('2257', '451002', '右江区', '264', 'Y', '2'), ('2258', '451021', '田阳县', '264', 'T', '2'), ('2259', '451022', '田东县', '264', 'T', '2'), ('2260', '451023', '平果县', '264', 'P', '2'), ('2261', '451024', '德保县', '264', 'D', '2'), ('2262', '451025', '靖西县', '264', 'J', '2'), ('2263', '451026', '那坡县', '264', 'N', '2'), ('2264', '451027', '凌云县', '264', 'L', '2'), ('2265', '451028', '乐业县', '264', 'L', '2'), ('2266', '451029', '田林县', '264', 'T', '2'), ('2267', '451030', '西林县', '264', 'X', '2'), ('2268', '451031', '隆林各族自治县', '264', 'L', '2'), ('2269', '451102', '八步区', '265', 'B', '2'), ('2270', '451121', '昭平县', '265', 'Z', '2'), ('2271', '451122', '钟山县', '265', 'Z', '2'), ('2272', '451123', '富川瑶族自治县', '265', 'F', '2'), ('2273', '451202', '金城江区', '266', 'J', '2'), ('2274', '451221', '南丹县', '266', 'N', '2'), ('2275', '451222', '天峨县', '266', 'T', '2'), ('2276', '451223', '凤山县', '266', 'F', '2'), ('2277', '451224', '东兰县', '266', 'D', '2'), ('2278', '451225', '罗城仫佬族自治县', '266', 'L', '2'), ('2279', '451226', '环江毛南族自治县', '266', 'H', '2'), ('2280', '451227', '巴马瑶族自治县', '266', 'B', '2'), ('2281', '451228', '都安瑶族自治县', '266', 'D', '2'), ('2282', '451229', '大化瑶族自治县', '266', 'D', '2'), ('2283', '451281', '宜州市', '266', 'Y', '2'), ('2284', '451302', '兴宾区', '267', 'X', '2'), ('2285', '451321', '忻城县', '267', 'X', '2'), ('2286', '451322', '象州县', '267', 'X', '2'), ('2287', '451323', '武宣县', '267', 'W', '2'), ('2288', '451324', '金秀瑶族自治县', '267', 'J', '2'), ('2289', '451381', '合山市', '267', 'H', '2'), ('2290', '451402', '江州区', '268', 'J', '2'), ('2291', '451421', '扶绥县', '268', 'F', '2'), ('2292', '451422', '宁明县', '268', 'N', '2'), ('2293', '451423', '龙州县', '268', 'L', '2'), ('2294', '451424', '大新县', '268', 'D', '2'), ('2295', '451425', '天等县', '268', 'T', '2'), ('2296', '451481', '凭祥市', '268', 'P', '2'), ('2297', '460105', '秀英区', '269', 'X', '2'), ('2298', '460106', '龙华区', '269', 'L', '2'), ('2299', '460107', '琼山区', '269', 'Q', '2'), ('2300', '460108', '美兰区', '269', 'M', '2'), ('2301', '460202', '海棠区', '270', 'H', '2'), ('2302', '460203', '吉阳区', '270', 'J', '2'), ('2303', '460204', '天涯区', '270', 'T', '2');
INSERT INTO `sys_region` VALUES ('2304', '460205', '崖州区', '270', 'Y', '2'), ('2305', '469001', '五指山市', '272', 'W', '2'), ('2306', '469002', '琼海市', '272', 'Q', '2'), ('2307', '469003', '儋州市', '272', 'D', '2'), ('2308', '469005', '文昌市', '272', 'W', '2'), ('2309', '469006', '万宁市', '272', 'W', '2'), ('2310', '469007', '东方市', '272', 'D', '2'), ('2311', '469021', '定安县', '272', 'D', '2'), ('2312', '469022', '屯昌县', '272', 'T', '2'), ('2313', '469023', '澄迈县', '272', 'C', '2'), ('2314', '469024', '临高县', '272', 'L', '2'), ('2315', '469025', '白沙黎族自治县', '272', 'B', '2'), ('2316', '469026', '昌江黎族自治县', '272', 'C', '2'), ('2317', '469027', '乐东黎族自治县', '272', 'L', '2'), ('2318', '469028', '陵水黎族自治县', '272', 'L', '2'), ('2319', '469029', '保亭黎族苗族自治县', '272', 'B', '2'), ('2320', '469030', '琼中黎族苗族自治县', '272', 'Q', '2'), ('2321', '500101', '万州区', '273', 'W', '2'), ('2322', '500102', '涪陵区', '273', 'F', '2'), ('2323', '500103', '渝中区', '273', 'Y', '2'), ('2324', '500104', '大渡口区', '273', 'D', '2'), ('2325', '500106', '沙坪坝区', '273', 'S', '2'), ('2326', '500107', '九龙坡区', '273', 'J', '2'), ('2327', '500108', '南岸区', '273', 'N', '2'), ('2328', '500109', '北碚区', '273', 'B', '2'), ('2329', '500110', '綦江区', '273', 'Q', '2'), ('2330', '500111', '大足区', '273', 'D', '2'), ('2331', '500112', '渝北区', '273', 'Y', '2'), ('2332', '500113', '巴南区', '273', 'B', '2'), ('2333', '500114', '黔江区', '273', 'Q', '2'), ('2334', '500115', '长寿区', '273', 'C', '2'), ('2335', '500116', '江津区', '273', 'J', '2'), ('2336', '500117', '合川区', '273', 'H', '2'), ('2337', '500118', '永川区', '273', 'Y', '2'), ('2338', '500119', '南川区', '273', 'N', '2'), ('2339', '500120', '璧山区', '273', 'B', '2'), ('2340', '500151', '铜梁区', '273', 'T', '2'), ('2341', '500223', '潼南县', '274', 'T', '2'), ('2342', '500226', '荣昌县', '274', 'R', '2'), ('2343', '500228', '梁平县', '274', 'L', '2'), ('2344', '500229', '城口县', '274', 'C', '2'), ('2345', '500230', '丰都县', '274', 'F', '2'), ('2346', '500231', '垫江县', '274', 'D', '2'), ('2347', '500232', '武隆县', '274', 'W', '2'), ('2348', '500233', '忠县', '274', 'Z', '2'), ('2349', '500234', '开县', '274', 'K', '2'), ('2350', '500235', '云阳县', '274', 'Y', '2'), ('2351', '500236', '奉节县', '274', 'F', '2'), ('2352', '500237', '巫山县', '274', 'W', '2'), ('2353', '500238', '巫溪县', '274', 'W', '2'), ('2354', '500240', '石柱土家族自治县', '274', 'S', '2'), ('2355', '500241', '秀山土家族苗族自治县', '274', 'X', '2'), ('2356', '500242', '酉阳土家族苗族自治县', '274', 'Y', '2'), ('2357', '500243', '彭水苗族土家族自治县', '274', 'P', '2'), ('2358', '510104', '锦江区', '275', 'J', '2'), ('2359', '510105', '青羊区', '275', 'Q', '2'), ('2360', '510106', '金牛区', '275', 'J', '2'), ('2361', '510107', '武侯区', '275', 'W', '2'), ('2362', '510108', '成华区', '275', 'C', '2'), ('2363', '510112', '龙泉驿区', '275', 'L', '2'), ('2364', '510113', '青白江区', '275', 'Q', '2'), ('2365', '510114', '新都区', '275', 'X', '2'), ('2366', '510115', '温江区', '275', 'W', '2'), ('2367', '510121', '金堂县', '275', 'J', '2'), ('2368', '510122', '双流县', '275', 'S', '2'), ('2369', '510124', '郫县', '275', 'P', '2'), ('2370', '510129', '大邑县', '275', 'D', '2'), ('2371', '510131', '蒲江县', '275', 'P', '2'), ('2372', '510132', '新津县', '275', 'X', '2'), ('2373', '510181', '都江堰市', '275', 'D', '2'), ('2374', '510182', '彭州市', '275', 'P', '2'), ('2375', '510183', '邛崃市', '275', 'Q', '2'), ('2376', '510184', '崇州市', '275', 'C', '2'), ('2377', '510302', '自流井区', '276', 'Z', '2'), ('2378', '510303', '贡井区', '276', 'G', '2'), ('2379', '510304', '大安区', '276', 'D', '2'), ('2380', '510311', '沿滩区', '276', 'Y', '2'), ('2381', '510321', '荣县', '276', 'R', '2'), ('2382', '510322', '富顺县', '276', 'F', '2'), ('2383', '510402', '东区', '277', 'D', '2'), ('2384', '510403', '西区', '277', 'X', '2'), ('2385', '510411', '仁和区', '277', 'R', '2'), ('2386', '510421', '米易县', '277', 'M', '2'), ('2387', '510422', '盐边县', '277', 'Y', '2'), ('2388', '510502', '江阳区', '278', 'J', '2'), ('2389', '510503', '纳溪区', '278', 'N', '2'), ('2390', '510504', '龙马潭区', '278', 'L', '2'), ('2391', '510521', '泸县', '278', 'L', '2'), ('2392', '510522', '合江县', '278', 'H', '2'), ('2393', '510524', '叙永县', '278', 'X', '2'), ('2394', '510525', '古蔺县', '278', 'G', '2'), ('2395', '510603', '旌阳区', '279', 'J', '2'), ('2396', '510623', '中江县', '279', 'Z', '2'), ('2397', '510626', '罗江县', '279', 'L', '2'), ('2398', '510681', '广汉市', '279', 'G', '2'), ('2399', '510682', '什邡市', '279', 'S', '2'), ('2400', '510683', '绵竹市', '279', 'M', '2'), ('2401', '510703', '涪城区', '280', 'F', '2'), ('2402', '510704', '游仙区', '280', 'Y', '2'), ('2403', '510722', '三台县', '280', 'S', '2');
INSERT INTO `sys_region` VALUES ('2404', '510723', '盐亭县', '280', 'Y', '2'), ('2405', '510724', '安县', '280', 'A', '2'), ('2406', '510725', '梓潼县', '280', 'Z', '2'), ('2407', '510726', '北川羌族自治县', '280', 'B', '2'), ('2408', '510727', '平武县', '280', 'P', '2'), ('2409', '510781', '江油市', '280', 'J', '2'), ('2410', '510802', '利州区', '281', 'L', '2'), ('2411', '510811', '昭化区', '281', 'Z', '2'), ('2412', '510812', '朝天区', '281', 'C', '2'), ('2413', '510821', '旺苍县', '281', 'W', '2'), ('2414', '510822', '青川县', '281', 'Q', '2'), ('2415', '510823', '剑阁县', '281', 'J', '2'), ('2416', '510824', '苍溪县', '281', 'C', '2'), ('2417', '510903', '船山区', '282', 'C', '2'), ('2418', '510904', '安居区', '282', 'A', '2'), ('2419', '510921', '蓬溪县', '282', 'P', '2'), ('2420', '510922', '射洪县', '282', 'S', '2'), ('2421', '510923', '大英县', '282', 'D', '2'), ('2422', '511011', '东兴区', '283', 'D', '2'), ('2423', '511024', '威远县', '283', 'W', '2'), ('2424', '511025', '资中县', '283', 'Z', '2'), ('2425', '511028', '隆昌县', '283', 'L', '2'), ('2427', '511102', '市中区', '284', 'S', '2'), ('2428', '511111', '沙湾区', '284', 'S', '2'), ('2429', '511112', '五通桥区', '284', 'W', '2'), ('2430', '511113', '金口河区', '284', 'J', '2'), ('2431', '511123', '犍为县', '284', 'J', '2'), ('2432', '511124', '井研县', '284', 'J', '2'), ('2433', '511126', '夹江县', '284', 'J', '2'), ('2434', '511129', '沐川县', '284', 'M', '2'), ('2435', '511132', '峨边彝族自治县', '284', 'E', '2'), ('2436', '511133', '马边彝族自治县', '284', 'M', '2'), ('2437', '511181', '峨眉山市', '284', 'E', '2'), ('2438', '511302', '顺庆区', '285', 'S', '2'), ('2439', '511303', '高坪区', '285', 'G', '2'), ('2440', '511304', '嘉陵区', '285', 'J', '2'), ('2441', '511321', '南部县', '285', 'N', '2'), ('2442', '511322', '营山县', '285', 'Y', '2'), ('2443', '511323', '蓬安县', '285', 'P', '2'), ('2444', '511324', '仪陇县', '285', 'Y', '2'), ('2445', '511325', '西充县', '285', 'X', '2'), ('2446', '511381', '阆中市', '285', 'L', '2'), ('2447', '511402', '东坡区', '286', 'D', '2'), ('2448', '511421', '仁寿县', '286', 'R', '2'), ('2449', '511422', '彭山县', '286', 'P', '2'), ('2450', '511423', '洪雅县', '286', 'H', '2'), ('2451', '511424', '丹棱县', '286', 'D', '2'), ('2452', '511425', '青神县', '286', 'Q', '2'), ('2453', '511502', '翠屏区', '287', 'C', '2'), ('2454', '511503', '南溪区', '287', 'N', '2'), ('2455', '511521', '宜宾县', '287', 'Y', '2'), ('2456', '511523', '江安县', '287', 'J', '2'), ('2457', '511524', '长宁县', '287', 'C', '2'), ('2458', '511525', '高县', '287', 'G', '2'), ('2459', '511526', '珙县', '287', 'G', '2'), ('2460', '511527', '筠连县', '287', 'J', '2'), ('2461', '511528', '兴文县', '287', 'X', '2'), ('2462', '511529', '屏山县', '287', 'P', '2'), ('2463', '511602', '广安区', '288', 'G', '2'), ('2464', '511603', '前锋区', '288', 'Q', '2'), ('2465', '511621', '岳池县', '288', 'Y', '2'), ('2466', '511622', '武胜县', '288', 'W', '2'), ('2467', '511623', '邻水县', '288', 'L', '2'), ('2468', '511681', '华蓥市', '288', 'H', '2'), ('2469', '511702', '通川区', '289', 'T', '2'), ('2470', '511703', '达川区', '289', 'D', '2'), ('2471', '511722', '宣汉县', '289', 'X', '2'), ('2472', '511723', '开江县', '289', 'K', '2'), ('2473', '511724', '大竹县', '289', 'D', '2'), ('2474', '511725', '渠县', '289', 'Q', '2'), ('2475', '511781', '万源市', '289', 'W', '2'), ('2476', '511802', '雨城区', '290', 'Y', '2'), ('2477', '511803', '名山区', '290', 'M', '2'), ('2478', '511822', '荥经县', '290', 'Y', '2'), ('2479', '511823', '汉源县', '290', 'H', '2'), ('2480', '511824', '石棉县', '290', 'S', '2'), ('2481', '511825', '天全县', '290', 'T', '2'), ('2482', '511826', '芦山县', '290', 'L', '2'), ('2483', '511827', '宝兴县', '290', 'B', '2'), ('2484', '511902', '巴州区', '291', 'B', '2'), ('2485', '511903', '恩阳区', '291', 'E', '2'), ('2486', '511921', '通江县', '291', 'T', '2'), ('2487', '511922', '南江县', '291', 'N', '2'), ('2488', '511923', '平昌县', '291', 'P', '2'), ('2489', '512002', '雁江区', '292', 'Y', '2'), ('2490', '512021', '安岳县', '292', 'A', '2'), ('2491', '512022', '乐至县', '292', 'L', '2'), ('2492', '512081', '简阳市', '292', 'J', '2'), ('2493', '513221', '汶川县', '293', 'W', '2'), ('2494', '513222', '理县', '293', 'L', '2'), ('2495', '513223', '茂县', '293', 'M', '2'), ('2496', '513224', '松潘县', '293', 'S', '2'), ('2497', '513225', '九寨沟县', '293', 'J', '2'), ('2498', '513226', '金川县', '293', 'J', '2'), ('2499', '513227', '小金县', '293', 'X', '2'), ('2500', '513228', '黑水县', '293', 'H', '2'), ('2501', '513229', '马尔康县', '293', 'M', '2'), ('2502', '513230', '壤塘县', '293', 'R', '2'), ('2503', '513231', '阿坝县', '293', 'A', '2'), ('2504', '513232', '若尔盖县', '293', 'R', '2');
INSERT INTO `sys_region` VALUES ('2505', '513233', '红原县', '293', 'H', '2'), ('2506', '513321', '康定县', '294', 'K', '2'), ('2507', '513322', '泸定县', '294', 'L', '2'), ('2508', '513323', '丹巴县', '294', 'D', '2'), ('2509', '513324', '九龙县', '294', 'J', '2'), ('2510', '513325', '雅江县', '294', 'Y', '2'), ('2511', '513326', '道孚县', '294', 'D', '2'), ('2512', '513327', '炉霍县', '294', 'L', '2'), ('2513', '513328', '甘孜县', '294', 'G', '2'), ('2514', '513329', '新龙县', '294', 'X', '2'), ('2515', '513330', '德格县', '294', 'D', '2'), ('2516', '513331', '白玉县', '294', 'B', '2'), ('2517', '513332', '石渠县', '294', 'S', '2'), ('2518', '513333', '色达县', '294', 'S', '2'), ('2519', '513334', '理塘县', '294', 'L', '2'), ('2520', '513335', '巴塘县', '294', 'B', '2'), ('2521', '513336', '乡城县', '294', 'X', '2'), ('2522', '513337', '稻城县', '294', 'D', '2'), ('2523', '513338', '得荣县', '294', 'D', '2'), ('2524', '513401', '西昌市', '295', 'X', '2'), ('2525', '513422', '木里藏族自治县', '295', 'M', '2'), ('2526', '513423', '盐源县', '295', 'Y', '2'), ('2527', '513424', '德昌县', '295', 'D', '2'), ('2528', '513425', '会理县', '295', 'H', '2'), ('2529', '513426', '会东县', '295', 'H', '2'), ('2530', '513427', '宁南县', '295', 'N', '2'), ('2531', '513428', '普格县', '295', 'P', '2'), ('2532', '513429', '布拖县', '295', 'B', '2'), ('2533', '513430', '金阳县', '295', 'J', '2'), ('2534', '513431', '昭觉县', '295', 'Z', '2'), ('2535', '513432', '喜德县', '295', 'X', '2'), ('2536', '513433', '冕宁县', '295', 'M', '2'), ('2537', '513434', '越西县', '295', 'Y', '2'), ('2538', '513435', '甘洛县', '295', 'G', '2'), ('2539', '513436', '美姑县', '295', 'M', '2'), ('2540', '513437', '雷波县', '295', 'L', '2'), ('2541', '520102', '南明区', '296', 'N', '2'), ('2542', '520103', '云岩区', '296', 'Y', '2'), ('2543', '520111', '花溪区', '296', 'H', '2'), ('2544', '520112', '乌当区', '296', 'W', '2'), ('2545', '520113', '白云区', '296', 'B', '2'), ('2546', '520115', '观山湖区', '296', 'G', '2'), ('2547', '520121', '开阳县', '296', 'K', '2'), ('2548', '520122', '息烽县', '296', 'X', '2'), ('2549', '520123', '修文县', '296', 'X', '2'), ('2550', '520181', '清镇市', '296', 'Q', '2'), ('2551', '520201', '钟山区', '297', 'Z', '2'), ('2552', '520203', '六枝特区', '297', 'L', '2'), ('2553', '520221', '水城县', '297', 'S', '2'), ('2554', '520222', '盘县', '297', 'P', '2'), ('2555', '520302', '红花岗区', '298', 'H', '2'), ('2556', '520303', '汇川区', '298', 'H', '2'), ('2557', '520321', '遵义县', '298', 'Z', '2'), ('2558', '520322', '桐梓县', '298', 'T', '2'), ('2559', '520323', '绥阳县', '298', 'S', '2'), ('2560', '520324', '正安县', '298', 'Z', '2'), ('2561', '520325', '道真仡佬族苗族自治县', '298', 'D', '2'), ('2562', '520326', '务川仡佬族苗族自治县', '298', 'W', '2'), ('2563', '520327', '凤冈县', '298', 'F', '2'), ('2564', '520328', '湄潭县', '298', 'M', '2'), ('2565', '520329', '余庆县', '298', 'Y', '2'), ('2566', '520330', '习水县', '298', 'X', '2'), ('2567', '520381', '赤水市', '298', 'C', '2'), ('2568', '520382', '仁怀市', '298', 'R', '2'), ('2569', '520402', '西秀区', '299', 'X', '2'), ('2570', '520421', '平坝县', '299', 'P', '2'), ('2571', '520422', '普定县', '299', 'P', '2'), ('2572', '520423', '镇宁布依族苗族自治县', '299', 'Z', '2'), ('2573', '520424', '关岭布依族苗族自治县', '299', 'G', '2'), ('2574', '520425', '紫云苗族布依族自治县', '299', 'Z', '2'), ('2575', '520502', '七星关区', '300', 'Q', '2'), ('2576', '520521', '大方县', '300', 'D', '2'), ('2577', '520522', '黔西县', '300', 'Q', '2'), ('2578', '520523', '金沙县', '300', 'J', '2'), ('2579', '520524', '织金县', '300', 'Z', '2'), ('2580', '520525', '纳雍县', '300', 'N', '2'), ('2581', '520526', '威宁彝族回族苗族自治县', '300', 'W', '2'), ('2582', '520527', '赫章县', '300', 'H', '2'), ('2583', '520602', '碧江区', '301', 'B', '2'), ('2584', '520603', '万山区', '301', 'W', '2'), ('2585', '520621', '江口县', '301', 'J', '2'), ('2586', '520622', '玉屏侗族自治县', '301', 'Y', '2'), ('2587', '520623', '石阡县', '301', 'S', '2'), ('2588', '520624', '思南县', '301', 'S', '2'), ('2589', '520625', '印江土家族苗族自治县', '301', 'Y', '2'), ('2590', '520626', '德江县', '301', 'D', '2'), ('2591', '520627', '沿河土家族自治县', '301', 'Y', '2'), ('2592', '520628', '松桃苗族自治县', '301', 'S', '2'), ('2593', '522301', '兴义市', '302', 'X', '2'), ('2594', '522322', '兴仁县', '302', 'X', '2'), ('2595', '522323', '普安县', '302', 'P', '2'), ('2596', '522324', '晴隆县', '302', 'Q', '2'), ('2597', '522325', '贞丰县', '302', 'Z', '2'), ('2598', '522326', '望谟县', '302', 'W', '2'), ('2599', '522327', '册亨县', '302', 'C', '2'), ('2600', '522328', '安龙县', '302', 'A', '2'), ('2601', '522601', '凯里市', '303', 'K', '2'), ('2602', '522622', '黄平县', '303', 'H', '2'), ('2603', '522623', '施秉县', '303', 'S', '2'), ('2604', '522624', '三穗县', '303', 'S', '2');
INSERT INTO `sys_region` VALUES ('2605', '522625', '镇远县', '303', 'Z', '2'), ('2606', '522626', '岑巩县', '303', 'C', '2'), ('2607', '522627', '天柱县', '303', 'T', '2'), ('2608', '522628', '锦屏县', '303', 'J', '2'), ('2609', '522629', '剑河县', '303', 'J', '2'), ('2610', '522630', '台江县', '303', 'T', '2'), ('2611', '522631', '黎平县', '303', 'L', '2'), ('2612', '522632', '榕江县', '303', 'R', '2'), ('2613', '522633', '从江县', '303', 'C', '2'), ('2614', '522634', '雷山县', '303', 'L', '2'), ('2615', '522635', '麻江县', '303', 'M', '2'), ('2616', '522636', '丹寨县', '303', 'D', '2'), ('2617', '522701', '都匀市', '304', 'D', '2'), ('2618', '522702', '福泉市', '304', 'F', '2'), ('2619', '522722', '荔波县', '304', 'L', '2'), ('2620', '522723', '贵定县', '304', 'G', '2'), ('1836', '411722', '上蔡县', '204', 'S', '2'), ('1837', '411723', '平舆县', '204', 'P', '2'), ('1838', '411724', '正阳县', '204', 'Z', '2'), ('1839', '411725', '确山县', '204', 'Q', '2'), ('1840', '411726', '泌阳县', '204', 'M', '2'), ('1841', '411727', '汝南县', '204', 'R', '2'), ('1842', '411728', '遂平县', '204', 'S', '2'), ('1843', '411729', '新蔡县', '204', 'X', '2'), ('1844', '419001', '济源市', '205', 'J', '2'), ('1845', '420102', '江岸区', '206', 'J', '2'), ('1846', '420103', '江汉区', '206', 'J', '2'), ('1847', '420104', '硚口区', '206', 'Q', '2'), ('1848', '420105', '汉阳区', '206', 'H', '2'), ('1849', '420106', '武昌区', '206', 'W', '2'), ('1850', '420111', '洪山区', '206', 'H', '2'), ('1851', '420112', '东西湖区', '206', 'D', '2'), ('1852', '420113', '汉南区', '206', 'H', '2'), ('1853', '420114', '蔡甸区', '206', 'C', '2'), ('1854', '420115', '江夏区', '206', 'J', '2'), ('1855', '420116', '黄陂区', '206', 'H', '2'), ('1856', '420117', '新洲区', '206', 'X', '2'), ('1857', '420202', '黄石港区', '207', 'H', '2'), ('1858', '420203', '西塞山区', '207', 'X', '2'), ('1859', '420204', '下陆区', '207', 'X', '2'), ('1860', '420205', '铁山区', '207', 'T', '2'), ('1861', '420222', '阳新县', '207', 'Y', '2'), ('1862', '420281', '大冶市', '207', 'D', '2'), ('1863', '420302', '茅箭区', '208', 'M', '2'), ('1864', '420303', '张湾区', '208', 'Z', '2'), ('1865', '420304', '郧阳区', '208', 'Y', '2'), ('1866', '420322', '郧西县', '208', 'Y', '2'), ('1867', '420323', '竹山县', '208', 'Z', '2'), ('1868', '420324', '竹溪县', '208', 'Z', '2'), ('1869', '420325', '房县', '208', 'F', '2'), ('1870', '420381', '丹江口市', '208', 'D', '2'), ('1871', '420502', '西陵区', '209', 'X', '2'), ('1872', '420503', '伍家岗区', '209', 'W', '2'), ('1873', '420504', '点军区', '209', 'D', '2'), ('1874', '420505', '猇亭区', '209', 'X', '2'), ('1875', '420506', '夷陵区', '209', 'Y', '2'), ('1876', '420525', '远安县', '209', 'Y', '2'), ('1877', '420526', '兴山县', '209', 'X', '2'), ('1878', '420527', '秭归县', '209', 'Z', '2'), ('1879', '420528', '长阳土家族自治县', '209', 'C', '2'), ('1880', '420529', '五峰土家族自治县', '209', 'W', '2'), ('1881', '420581', '宜都市', '209', 'Y', '2'), ('1882', '420582', '当阳市', '209', 'D', '2'), ('1883', '420583', '枝江市', '209', 'Z', '2'), ('1884', '420602', '襄城区', '210', 'X', '2'), ('1885', '420606', '樊城区', '210', 'F', '2'), ('1886', '420607', '襄州区', '210', 'X', '2'), ('1887', '420624', '南漳县', '210', 'N', '2'), ('1888', '420625', '谷城县', '210', 'G', '2'), ('1889', '420626', '保康县', '210', 'B', '2'), ('1890', '420682', '老河口市', '210', 'L', '2'), ('1891', '420683', '枣阳市', '210', 'Z', '2'), ('1892', '420684', '宜城市', '210', 'Y', '2'), ('1893', '420702', '梁子湖区', '211', 'L', '2'), ('1894', '420703', '华容区', '211', 'H', '2'), ('1895', '420704', '鄂城区', '211', 'E', '2'), ('1896', '420802', '东宝区', '212', 'D', '2'), ('1897', '420804', '掇刀区', '212', 'D', '2'), ('1898', '420821', '京山县', '212', 'J', '2'), ('1899', '420822', '沙洋县', '212', 'S', '2'), ('1900', '420881', '钟祥市', '212', 'Z', '2'), ('1901', '420902', '孝南区', '213', 'X', '2'), ('1902', '420921', '孝昌县', '213', 'X', '2'), ('1903', '420922', '大悟县', '213', 'D', '2'), ('1904', '420923', '云梦县', '213', 'Y', '2'), ('1905', '420981', '应城市', '213', 'Y', '2'), ('1906', '420982', '安陆市', '213', 'A', '2'), ('1907', '420984', '汉川市', '213', 'H', '2'), ('1908', '421002', '沙市区', '214', 'S', '2'), ('1909', '421003', '荆州区', '214', 'J', '2'), ('1910', '421022', '公安县', '214', 'G', '2'), ('1911', '421023', '监利县', '214', 'J', '2'), ('1912', '421024', '江陵县', '214', 'J', '2'), ('1913', '421081', '石首市', '214', 'S', '2'), ('1914', '421083', '洪湖市', '214', 'H', '2'), ('1915', '421087', '松滋市', '214', 'S', '2'), ('1916', '421102', '黄州区', '215', 'H', '2'), ('1917', '421121', '团风县', '215', 'T', '2'), ('1918', '421122', '红安县', '215', 'H', '2'), ('1919', '421123', '罗田县', '215', 'L', '2');
INSERT INTO `sys_region` VALUES ('1920', '421124', '英山县', '215', 'Y', '2'), ('1921', '421125', '浠水县', '215', 'X', '2'), ('1922', '421126', '蕲春县', '215', 'Q', '2'), ('1923', '421127', '黄梅县', '215', 'H', '2'), ('1924', '421181', '麻城市', '215', 'M', '2'), ('1925', '421182', '武穴市', '215', 'W', '2'), ('1926', '421202', '咸安区', '216', 'X', '2'), ('1927', '421221', '嘉鱼县', '216', 'J', '2'), ('1928', '421222', '通城县', '216', 'T', '2'), ('1929', '421223', '崇阳县', '216', 'C', '2'), ('1930', '421224', '通山县', '216', 'T', '2'), ('1931', '421281', '赤壁市', '216', 'C', '2'), ('1932', '421303', '曾都区', '217', 'Z', '2'), ('1933', '421321', '随县', '217', 'S', '2'), ('1934', '421381', '广水市', '217', 'G', '2'), ('1935', '422801', '恩施市', '218', 'E', '2'), ('1936', '422802', '利川市', '218', 'L', '2'), ('1937', '422822', '建始县', '218', 'J', '2'), ('1938', '422823', '巴东县', '218', 'B', '2'), ('1939', '422825', '宣恩县', '218', 'X', '2'), ('1940', '422826', '咸丰县', '218', 'X', '2'), ('1941', '422827', '来凤县', '218', 'L', '2'), ('1942', '422828', '鹤峰县', '218', 'H', '2'), ('1943', '429004', '仙桃市', '219', 'X', '2'), ('1944', '429005', '潜江市', '219', 'Q', '2'), ('1945', '429006', '天门市', '219', 'T', '2'), ('1946', '429021', '神农架林区', '219', 'S', '2'), ('1947', '430102', '芙蓉区', '220', 'F', '2'), ('1948', '430103', '天心区', '220', 'T', '2'), ('1949', '430104', '岳麓区', '220', 'Y', '2'), ('1950', '430105', '开福区', '220', 'K', '2'), ('1951', '430111', '雨花区', '220', 'Y', '2'), ('1952', '430112', '望城区', '220', 'W', '2'), ('1953', '430121', '长沙县', '220', 'C', '2'), ('1954', '430124', '宁乡县', '220', 'N', '2'), ('1955', '430181', '浏阳市', '220', 'L', '2'), ('1956', '430202', '荷塘区', '221', 'H', '2'), ('1957', '430203', '芦淞区', '221', 'L', '2'), ('1958', '430204', '石峰区', '221', 'S', '2'), ('1959', '430211', '天元区', '221', 'T', '2'), ('1960', '430221', '株洲县', '221', 'Z', '2'), ('1961', '430223', '攸县', '221', 'Y', '2'), ('1962', '430224', '茶陵县', '221', 'C', '2'), ('1963', '430225', '炎陵县', '221', 'Y', '2'), ('1964', '430281', '醴陵市', '221', 'L', '2'), ('1965', '430302', '雨湖区', '222', 'Y', '2'), ('1966', '430304', '岳塘区', '222', 'Y', '2'), ('1967', '430321', '湘潭县', '222', 'X', '2'), ('1968', '430381', '湘乡市', '222', 'X', '2'), ('1969', '430382', '韶山市', '222', 'S', '2'), ('1970', '430405', '珠晖区', '223', 'Z', '2'), ('1971', '430406', '雁峰区', '223', 'Y', '2'), ('1972', '430407', '石鼓区', '223', 'S', '2'), ('1973', '430408', '蒸湘区', '223', 'Z', '2'), ('1974', '430412', '南岳区', '223', 'N', '2'), ('1975', '430421', '衡阳县', '223', 'H', '2'), ('1976', '430422', '衡南县', '223', 'H', '2'), ('1977', '430423', '衡山县', '223', 'H', '2'), ('1978', '430424', '衡东县', '223', 'H', '2'), ('1979', '430426', '祁东县', '223', 'Q', '2'), ('1980', '430481', '耒阳市', '223', 'L', '2'), ('1981', '430482', '常宁市', '223', 'C', '2'), ('1982', '430502', '双清区', '224', 'S', '2'), ('1983', '430503', '大祥区', '224', 'D', '2'), ('1984', '430511', '北塔区', '224', 'B', '2'), ('1985', '430521', '邵东县', '224', 'S', '2'), ('1986', '430522', '新邵县', '224', 'X', '2'), ('1987', '430523', '邵阳县', '224', 'S', '2'), ('1988', '430524', '隆回县', '224', 'L', '2'), ('1989', '430525', '洞口县', '224', 'D', '2'), ('1990', '430527', '绥宁县', '224', 'S', '2'), ('1991', '430528', '新宁县', '224', 'X', '2'), ('1992', '430529', '城步苗族自治县', '224', 'C', '2'), ('1993', '430581', '武冈市', '224', 'W', '2'), ('1994', '430602', '岳阳楼区', '225', 'Y', '2'), ('1995', '430603', '云溪区', '225', 'Y', '2'), ('1996', '430611', '君山区', '225', 'J', '2'), ('1997', '430621', '岳阳县', '225', 'Y', '2'), ('1998', '430623', '华容县', '225', 'H', '2'), ('1999', '430624', '湘阴县', '225', 'X', '2'), ('2000', '430626', '平江县', '225', 'P', '2'), ('2001', '430681', '汨罗市', '225', 'M', '2'), ('2002', '430682', '临湘市', '225', 'L', '2'), ('2003', '430702', '武陵区', '226', 'W', '2'), ('2004', '430703', '鼎城区', '226', 'D', '2'), ('2005', '430721', '安乡县', '226', 'A', '2'), ('2006', '430722', '汉寿县', '226', 'H', '2'), ('2007', '430723', '澧县', '226', 'L', '2'), ('2008', '430724', '临澧县', '226', 'L', '2'), ('2009', '430725', '桃源县', '226', 'T', '2'), ('2010', '430726', '石门县', '226', 'S', '2'), ('2011', '430781', '津市市', '226', 'J', '2'), ('2012', '430802', '永定区', '227', 'Y', '2'), ('2013', '430811', '武陵源区', '227', 'W', '2'), ('2014', '430821', '慈利县', '227', 'C', '2'), ('2015', '430822', '桑植县', '227', 'S', '2'), ('2016', '430902', '资阳区', '228', 'Z', '2'), ('2017', '430903', '赫山区', '228', 'H', '2'), ('2018', '430921', '南县', '228', 'N', '2'), ('2019', '430922', '桃江县', '228', 'T', '2');
INSERT INTO `sys_region` VALUES ('2020', '430923', '安化县', '228', 'A', '2'), ('2021', '430981', '沅江市', '228', 'Y', '2'), ('2022', '431002', '北湖区', '229', 'B', '2'), ('2023', '431003', '苏仙区', '229', 'S', '2'), ('2024', '431021', '桂阳县', '229', 'G', '2'), ('2025', '431022', '宜章县', '229', 'Y', '2'), ('2026', '431023', '永兴县', '229', 'Y', '2'), ('2027', '431024', '嘉禾县', '229', 'J', '2'), ('2028', '431025', '临武县', '229', 'L', '2'), ('2029', '431026', '汝城县', '229', 'R', '2'), ('2030', '431027', '桂东县', '229', 'G', '2'), ('2031', '431028', '安仁县', '229', 'A', '2'), ('2032', '431081', '资兴市', '229', 'Z', '2'), ('2033', '431102', '零陵区', '230', 'L', '2'), ('2034', '431103', '冷水滩区', '230', 'L', '2'), ('2035', '431121', '祁阳县', '230', 'Q', '2'), ('2036', '431122', '东安县', '230', 'D', '2'), ('2037', '431123', '双牌县', '230', 'S', '2'), ('2038', '431124', '道县', '230', 'D', '2'), ('2039', '431125', '江永县', '230', 'J', '2'), ('2040', '431126', '宁远县', '230', 'N', '2'), ('2041', '431127', '蓝山县', '230', 'L', '2'), ('2042', '431128', '新田县', '230', 'X', '2'), ('2043', '431129', '江华瑶族自治县', '230', 'J', '2'), ('2044', '431202', '鹤城区', '231', 'H', '2'), ('2045', '431221', '中方县', '231', 'Z', '2'), ('2046', '431222', '沅陵县', '231', 'Y', '2'), ('2047', '431223', '辰溪县', '231', 'C', '2'), ('2048', '431224', '溆浦县', '231', 'X', '2'), ('2049', '431225', '会同县', '231', 'H', '2'), ('2050', '431226', '麻阳苗族自治县', '231', 'M', '2'), ('2051', '431227', '新晃侗族自治县', '231', 'X', '2'), ('2052', '431228', '芷江侗族自治县', '231', 'Z', '2'), ('2053', '431229', '靖州苗族侗族自治县', '231', 'J', '2'), ('2054', '431230', '通道侗族自治县', '231', 'T', '2'), ('2055', '431281', '洪江市', '231', 'H', '2'), ('2056', '431302', '娄星区', '232', 'L', '2'), ('2057', '431321', '双峰县', '232', 'S', '2'), ('2058', '431322', '新化县', '232', 'X', '2'), ('2059', '431381', '冷水江市', '232', 'L', '2'), ('2060', '431382', '涟源市', '232', 'L', '2'), ('2061', '433101', '吉首市', '233', 'J', '2'), ('2062', '433122', '泸溪县', '233', 'L', '2'), ('2063', '433123', '凤凰县', '233', 'F', '2'), ('2064', '433124', '花垣县', '233', 'H', '2'), ('2065', '433125', '保靖县', '233', 'B', '2'), ('2066', '433126', '古丈县', '233', 'G', '2'), ('2067', '433127', '永顺县', '233', 'Y', '2'), ('2068', '433130', '龙山县', '233', 'L', '2'), ('2069', '440103', '荔湾区', '234', 'L', '2'), ('2070', '440104', '越秀区', '234', 'Y', '2'), ('2071', '440105', '海珠区', '234', 'H', '2'), ('2072', '440106', '天河区', '234', 'T', '2'), ('2073', '440111', '白云区', '234', 'B', '2'), ('2074', '440112', '黄埔区', '234', 'H', '2'), ('2075', '440113', '番禺区', '234', 'F', '2'), ('2076', '440114', '花都区', '234', 'H', '2'), ('2077', '440115', '南沙区', '234', 'N', '2'), ('2078', '440116', '萝岗区', '234', 'L', '2'), ('2079', '440117', '从化区', '234', 'C', '2'), ('2080', '440118', '增城区', '234', 'Z', '2'), ('2081', '440203', '武江区', '235', 'W', '2'), ('2082', '440204', '浈江区', '235', 'Z', '2'), ('2083', '440205', '曲江区', '235', 'Q', '2'), ('2084', '440222', '始兴县', '235', 'S', '2'), ('2085', '440224', '仁化县', '235', 'R', '2'), ('2086', '440229', '翁源县', '235', 'W', '2'), ('2087', '440232', '乳源瑶族自治县', '235', 'R', '2'), ('2088', '440233', '新丰县', '235', 'X', '2'), ('2089', '440281', '乐昌市', '235', 'L', '2'), ('2090', '440282', '南雄市', '235', 'N', '2'), ('2091', '440303', '罗湖区', '236', 'L', '2'), ('2092', '440304', '福田区', '236', 'F', '2'), ('2093', '440306', '宝安区', '236', 'B', '2'), ('2094', '440307', '龙岗区', '236', 'L', '2'), ('2095', '440308', '盐田区', '236', 'Y', '2'), ('2096', '440402', '香洲区', '237', 'X', '2'), ('2097', '440403', '斗门区', '237', 'D', '2'), ('2098', '440404', '金湾区', '237', 'J', '2'), ('2099', '440507', '龙湖区', '238', 'L', '2'), ('2100', '440511', '金平区', '238', 'J', '2'), ('2101', '440512', '濠江区', '238', 'H', '2'), ('2102', '440513', '潮阳区', '238', 'C', '2'), ('2103', '440514', '潮南区', '238', 'C', '2'), ('2104', '440515', '澄海区', '238', 'C', '2'), ('2105', '440523', '南澳县', '238', 'N', '2'), ('2106', '440604', '禅城区', '239', 'C', '2'), ('2107', '440605', '南海区', '239', 'N', '2'), ('2108', '440606', '顺德区', '239', 'S', '2'), ('2109', '440607', '三水区', '239', 'S', '2'), ('2110', '440608', '高明区', '239', 'G', '2'), ('2111', '440703', '蓬江区', '240', 'P', '2'), ('2112', '440704', '江海区', '240', 'J', '2'), ('2113', '440705', '新会区', '240', 'X', '2'), ('2114', '440781', '台山市', '240', 'T', '2'), ('2115', '440783', '开平市', '240', 'K', '2'), ('2116', '440784', '鹤山市', '240', 'H', '2'), ('2117', '440785', '恩平市', '240', 'E', '2'), ('2118', '440802', '赤坎区', '241', 'C', '2'), ('2119', '440803', '霞山区', '241', 'X', '2');
INSERT INTO `sys_region` VALUES ('2120', '440804', '坡头区', '241', 'P', '2'), ('2121', '440811', '麻章区', '241', 'M', '2'), ('2122', '440823', '遂溪县', '241', 'S', '2'), ('2123', '440825', '徐闻县', '241', 'X', '2'), ('2124', '440881', '廉江市', '241', 'L', '2'), ('2125', '440882', '雷州市', '241', 'L', '2'), ('2126', '440883', '吴川市', '241', 'W', '2'), ('2127', '440902', '茂南区', '242', 'M', '2'), ('2128', '440904', '电白区', '242', 'D', '2'), ('2129', '440981', '高州市', '242', 'G', '2'), ('2130', '440982', '化州市', '242', 'H', '2'), ('2131', '440983', '信宜市', '242', 'X', '2'), ('2132', '441202', '端州区', '243', 'D', '2'), ('2133', '441203', '鼎湖区', '243', 'D', '2'), ('2134', '441223', '广宁县', '243', 'G', '2'), ('2135', '441224', '怀集县', '243', 'H', '2'), ('2136', '441225', '封开县', '243', 'F', '2'), ('2137', '441226', '德庆县', '243', 'D', '2'), ('2138', '441283', '高要市', '243', 'G', '2'), ('2139', '441284', '四会市', '243', 'S', '2'), ('2140', '441302', '惠城区', '244', 'H', '2'), ('2141', '441303', '惠阳区', '244', 'H', '2'), ('2142', '441322', '博罗县', '244', 'B', '2'), ('2143', '441323', '惠东县', '244', 'H', '2'), ('2144', '441324', '龙门县', '244', 'L', '2'), ('2145', '441402', '梅江区', '245', 'M', '2'), ('2146', '441403', '梅县区', '245', 'M', '2'), ('2147', '441422', '大埔县', '245', 'D', '2'), ('2148', '441423', '丰顺县', '245', 'F', '2'), ('2149', '441424', '五华县', '245', 'W', '2'), ('2150', '441426', '平远县', '245', 'P', '2'), ('2151', '441427', '蕉岭县', '245', 'J', '2'), ('2152', '441481', '兴宁市', '245', 'X', '2'), ('2153', '441521', '海丰县', '246', 'H', '2'), ('2154', '441523', '陆河县', '246', 'L', '2'), ('2155', '441581', '陆丰市', '246', 'L', '2'), ('2156', '441602', '源城区', '247', 'Y', '2'), ('2157', '441621', '紫金县', '247', 'Z', '2'), ('2158', '441622', '龙川县', '247', 'L', '2'), ('2159', '441623', '连平县', '247', 'L', '2'), ('2160', '441624', '和平县', '247', 'H', '2'), ('2161', '441625', '东源县', '247', 'D', '2'), ('2162', '441702', '江城区', '248', 'J', '2'), ('2163', '441721', '阳西县', '248', 'Y', '2'), ('2164', '441723', '阳东县', '248', 'Y', '2'), ('2165', '441781', '阳春市', '248', 'Y', '2'), ('2166', '441802', '清城区', '249', 'Q', '2'), ('2167', '441803', '清新区', '249', 'Q', '2'), ('2168', '441821', '佛冈县', '249', 'F', '2'), ('2169', '441823', '阳山县', '249', 'Y', '2'), ('2170', '441825', '连山壮族瑶族自治县', '249', 'L', '2'), ('2171', '441826', '连南瑶族自治县', '249', 'L', '2'), ('2172', '441881', '英德市', '249', 'Y', '2'), ('2173', '441882', '连州市', '249', 'L', '2'), ('2174', '445102', '湘桥区', '252', 'X', '2'), ('2175', '445103', '潮安区', '252', 'C', '2'), ('2176', '445122', '饶平县', '252', 'R', '2'), ('2177', '445202', '榕城区', '253', 'R', '2'), ('2178', '445203', '揭东区', '253', 'J', '2'), ('2179', '445222', '揭西县', '253', 'J', '2'), ('2180', '445224', '惠来县', '253', 'H', '2'), ('2181', '445281', '普宁市', '253', 'P', '2'), ('2182', '445302', '云城区', '254', 'Y', '2'), ('2183', '445303', '云安区', '254', 'Y', '2'), ('2184', '445321', '新兴县', '254', 'X', '2'), ('2185', '445322', '郁南县', '254', 'Y', '2'), ('2186', '445381', '罗定市', '254', 'L', '2'), ('2187', '450102', '兴宁区', '255', 'X', '2'), ('2188', '450103', '青秀区', '255', 'Q', '2'), ('2189', '450105', '江南区', '255', 'J', '2'), ('2190', '450107', '西乡塘区', '255', 'X', '2'), ('2191', '450108', '良庆区', '255', 'L', '2'), ('2192', '450109', '邕宁区', '255', 'Y', '2'), ('2193', '450122', '武鸣县', '255', 'W', '2'), ('2194', '450123', '隆安县', '255', 'L', '2'), ('2195', '450124', '马山县', '255', 'M', '2'), ('2196', '450125', '上林县', '255', 'S', '2'), ('2197', '450126', '宾阳县', '255', 'B', '2'), ('2198', '450127', '横县', '255', 'H', '2'), ('2199', '450202', '城中区', '256', 'C', '2'), ('2200', '450203', '鱼峰区', '256', 'Y', '2'), ('2201', '450204', '柳南区', '256', 'L', '2'), ('2202', '450205', '柳北区', '256', 'L', '2'), ('2203', '450221', '柳江县', '256', 'L', '2'), ('2204', '450222', '柳城县', '256', 'L', '2'), ('2205', '450223', '鹿寨县', '256', 'L', '2'), ('2206', '450224', '融安县', '256', 'R', '2'), ('2207', '450225', '融水苗族自治县', '256', 'R', '2'), ('2208', '450226', '三江侗族自治县', '256', 'S', '2'), ('2209', '450302', '秀峰区', '257', 'X', '2'), ('2210', '450303', '叠彩区', '257', 'D', '2'), ('2211', '450304', '象山区', '257', 'X', '2'), ('2212', '450305', '七星区', '257', 'Q', '2'), ('2213', '450311', '雁山区', '257', 'Y', '2'), ('2214', '450312', '临桂区', '257', 'L', '2'), ('2215', '450321', '阳朔县', '257', 'Y', '2'), ('2216', '450323', '灵川县', '257', 'L', '2'), ('2217', '450324', '全州县', '257', 'Q', '2'), ('2218', '450325', '兴安县', '257', 'X', '2'), ('2219', '450326', '永福县', '257', 'Y', '2');
INSERT INTO `sys_region` VALUES ('2220', '450327', '灌阳县', '257', 'G', '2'), ('2221', '450328', '龙胜各族自治县', '257', 'L', '2'), ('2222', '450329', '资源县', '257', 'Z', '2'), ('2223', '450330', '平乐县', '257', 'P', '2'), ('2224', '450331', '荔浦县', '257', 'L', '2'), ('2225', '450332', '恭城瑶族自治县', '257', 'G', '2'), ('2226', '450403', '万秀区', '258', 'W', '2'), ('2227', '450405', '长洲区', '258', 'C', '2'), ('2228', '450406', '龙圩区', '258', 'L', '2'), ('2229', '450421', '苍梧县', '258', 'C', '2'), ('2230', '450422', '藤县', '258', 'T', '2'), ('2231', '450423', '蒙山县', '258', 'M', '2'), ('2232', '450481', '岑溪市', '258', 'C', '2'), ('1029', '230833', '抚远县', '103', 'F', '2'), ('1030', '230881', '同江市', '103', 'T', '2'), ('1031', '230882', '富锦市', '103', 'F', '2'), ('1032', '230902', '新兴区', '104', 'X', '2'), ('1033', '230903', '桃山区', '104', 'T', '2'), ('1034', '230904', '茄子河区', '104', 'Q', '2'), ('1035', '230921', '勃利县', '104', 'B', '2'), ('1036', '231002', '东安区', '105', 'D', '2'), ('1037', '231003', '阳明区', '105', 'Y', '2'), ('1038', '231004', '爱民区', '105', 'A', '2'), ('1039', '231024', '东宁县', '105', 'D', '2'), ('1040', '231025', '林口县', '105', 'L', '2'), ('1041', '231081', '绥芬河市', '105', 'S', '2'), ('1042', '231083', '海林市', '105', 'H', '2'), ('1043', '231084', '宁安市', '105', 'N', '2'), ('1044', '231085', '穆棱市', '105', 'M', '2'), ('1045', '231102', '爱辉区', '106', 'A', '2'), ('1046', '231121', '嫩江县', '106', 'N', '2'), ('1047', '231123', '逊克县', '106', 'X', '2'), ('1048', '231124', '孙吴县', '106', 'S', '2'), ('1049', '231181', '北安市', '106', 'B', '2'), ('1050', '231182', '五大连池市', '106', 'W', '2'), ('1051', '231202', '北林区', '107', 'B', '2'), ('1052', '231221', '望奎县', '107', 'W', '2'), ('1053', '231222', '兰西县', '107', 'L', '2'), ('1054', '231223', '青冈县', '107', 'Q', '2'), ('1055', '231224', '庆安县', '107', 'Q', '2'), ('1056', '231225', '明水县', '107', 'M', '2'), ('1057', '231226', '绥棱县', '107', 'S', '2'), ('1058', '231281', '安达市', '107', 'A', '2'), ('1059', '231282', '肇东市', '107', 'Z', '2'), ('1060', '231283', '海伦市', '107', 'H', '2'), ('1061', '232721', '呼玛县', '108', 'H', '2'), ('1062', '232722', '塔河县', '108', 'T', '2'), ('1063', '232723', '漠河县', '108', 'M', '2'), ('1064', '310101', '黄浦区', '109', 'H', '2'), ('1065', '310104', '徐汇区', '109', 'X', '2'), ('1066', '310105', '长宁区', '109', 'C', '2'), ('1067', '310106', '静安区', '109', 'J', '2'), ('1068', '310107', '普陀区', '109', 'P', '2'), ('1069', '310108', '闸北区', '109', 'Z', '2'), ('1070', '310109', '虹口区', '109', 'H', '2'), ('1071', '310110', '杨浦区', '109', 'Y', '2'), ('1072', '310112', '闵行区', '109', 'M', '2'), ('1073', '310114', '嘉定区', '109', 'J', '2'), ('1074', '310115', '浦东新区', '109', 'P', '2'), ('1075', '310116', '金山区', '109', 'J', '2'), ('1076', '310117', '松江区', '109', 'S', '2'), ('1077', '310118', '青浦区', '109', 'Q', '2'), ('1078', '310120', '奉贤区', '109', 'F', '2'), ('1079', '310230', '崇明县', '110', 'C', '2'), ('1080', '320102', '玄武区', '111', 'X', '2'), ('1081', '320104', '秦淮区', '111', 'Q', '2'), ('1082', '320105', '建邺区', '111', 'J', '2'), ('1083', '320106', '鼓楼区', '111', 'G', '2'), ('1084', '320111', '浦口区', '111', 'P', '2'), ('1085', '320113', '栖霞区', '111', 'Q', '2'), ('1086', '320114', '雨花台区', '111', 'Y', '2'), ('1087', '320115', '江宁区', '111', 'J', '2'), ('1088', '320116', '六合区', '111', 'L', '2'), ('1089', '320117', '溧水区', '111', 'L', '2'), ('1090', '320118', '高淳区', '111', 'G', '2'), ('1091', '320202', '崇安区', '112', 'C', '2'), ('1092', '320203', '南长区', '112', 'N', '2'), ('1093', '320204', '北塘区', '112', 'B', '2'), ('1094', '320205', '锡山区', '112', 'X', '2'), ('1095', '320206', '惠山区', '112', 'H', '2'), ('1096', '320211', '滨湖区', '112', 'B', '2'), ('1097', '320281', '江阴市', '112', 'J', '2'), ('1098', '320282', '宜兴市', '112', 'Y', '2'), ('1099', '320303', '云龙区', '113', 'Y', '2'), ('1100', '320305', '贾汪区', '113', 'J', '2'), ('1101', '320311', '泉山区', '113', 'Q', '2'), ('1102', '320312', '铜山区', '113', 'T', '2'), ('1103', '320321', '丰县', '113', 'F', '2'), ('1104', '320322', '沛县', '113', 'P', '2'), ('1105', '320324', '睢宁县', '113', 'S', '2'), ('1106', '320381', '新沂市', '113', 'X', '2'), ('1107', '320382', '邳州市', '113', 'P', '2'), ('1108', '320402', '天宁区', '114', 'T', '2'), ('1109', '320404', '钟楼区', '114', 'Z', '2'), ('1110', '320405', '戚墅堰区', '114', 'Q', '2'), ('1111', '320411', '新北区', '114', 'X', '2'), ('1112', '320412', '武进区', '114', 'W', '2'), ('1113', '320481', '溧阳市', '114', 'L', '2'), ('1114', '320482', '金坛市', '114', 'J', '2'), ('1115', '320505', '虎丘区', '115', 'H', '2');
INSERT INTO `sys_region` VALUES ('1116', '320506', '吴中区', '115', 'W', '2'), ('1117', '320507', '相城区', '115', 'X', '2'), ('1118', '320508', '姑苏区', '115', 'G', '2'), ('1119', '320509', '吴江区', '115', 'W', '2'), ('1120', '320581', '常熟市', '115', 'C', '2'), ('1121', '320582', '张家港市', '115', 'Z', '2'), ('1122', '320583', '昆山市', '115', 'K', '2'), ('1123', '320585', '太仓市', '115', 'T', '2'), ('1124', '320602', '崇川区', '116', 'C', '2'), ('1125', '320611', '港闸区', '116', 'G', '2'), ('1126', '320612', '通州区', '116', 'T', '2'), ('1127', '320621', '海安县', '116', 'H', '2'), ('1128', '320623', '如东县', '116', 'R', '2'), ('1129', '320681', '启东市', '116', 'Q', '2'), ('1130', '320682', '如皋市', '116', 'R', '2'), ('1131', '320684', '海门市', '116', 'H', '2'), ('1132', '320703', '连云区', '117', 'L', '2'), ('1133', '320707', '赣榆区', '117', 'G', '2'), ('1134', '320722', '东海县', '117', 'D', '2'), ('1135', '320723', '灌云县', '117', 'G', '2'), ('1136', '320724', '灌南县', '117', 'G', '2'), ('1137', '320803', '淮安区', '118', 'H', '2'), ('1138', '320804', '淮阴区', '118', 'H', '2'), ('1139', '320811', '清浦区', '118', 'Q', '2'), ('1140', '320826', '涟水县', '118', 'L', '2'), ('1141', '320829', '洪泽县', '118', 'H', '2'), ('1142', '320830', '盱眙县', '118', 'X', '2'), ('1143', '320831', '金湖县', '118', 'J', '2'), ('1144', '320902', '亭湖区', '119', 'T', '2'), ('1145', '320903', '盐都区', '119', 'Y', '2'), ('1146', '320921', '响水县', '119', 'X', '2'), ('1147', '320922', '滨海县', '119', 'B', '2'), ('1148', '320923', '阜宁县', '119', 'F', '2'), ('1149', '320924', '射阳县', '119', 'S', '2'), ('1150', '320925', '建湖县', '119', 'J', '2'), ('1151', '320981', '东台市', '119', 'D', '2'), ('1152', '320982', '大丰市', '119', 'D', '2'), ('1153', '321002', '广陵区', '120', 'G', '2'), ('1154', '321003', '邗江区', '120', 'H', '2'), ('1155', '321012', '江都区', '120', 'J', '2'), ('1156', '321023', '宝应县', '120', 'B', '2'), ('1157', '321081', '仪征市', '120', 'Y', '2'), ('1158', '321084', '高邮市', '120', 'G', '2'), ('1159', '321102', '京口区', '121', 'J', '2'), ('1160', '321111', '润州区', '121', 'R', '2'), ('1161', '321112', '丹徒区', '121', 'D', '2'), ('1162', '321181', '丹阳市', '121', 'D', '2'), ('1163', '321182', '扬中市', '121', 'Y', '2'), ('1164', '321183', '句容市', '121', 'J', '2'), ('1165', '321202', '海陵区', '122', 'H', '2'), ('1166', '321203', '高港区', '122', 'G', '2'), ('1167', '321204', '姜堰区', '122', 'J', '2'), ('1168', '321281', '兴化市', '122', 'X', '2'), ('1169', '321282', '靖江市', '122', 'J', '2'), ('1170', '321283', '泰兴市', '122', 'T', '2'), ('1171', '321302', '宿城区', '123', 'S', '2'), ('1172', '321311', '宿豫区', '123', 'S', '2'), ('1173', '321322', '沭阳县', '123', 'S', '2'), ('1174', '321323', '泗阳县', '123', 'S', '2'), ('1175', '321324', '泗洪县', '123', 'S', '2'), ('1176', '330102', '上城区', '124', 'S', '2'), ('1177', '330103', '下城区', '124', 'X', '2'), ('1178', '330104', '江干区', '124', 'J', '2'), ('1179', '330105', '拱墅区', '124', 'G', '2'), ('1180', '330106', '西湖区', '124', 'X', '2'), ('1181', '330108', '滨江区', '124', 'B', '2'), ('1182', '330109', '萧山区', '124', 'X', '2'), ('1183', '330110', '余杭区', '124', 'Y', '2'), ('1184', '330122', '桐庐县', '124', 'T', '2'), ('1185', '330127', '淳安县', '124', 'C', '2'), ('1186', '330182', '建德市', '124', 'J', '2'), ('1187', '330183', '富阳市', '124', 'F', '2'), ('1188', '330185', '临安市', '124', 'L', '2'), ('1189', '330203', '海曙区', '125', 'H', '2'), ('1190', '330204', '江东区', '125', 'J', '2'), ('1191', '330205', '江北区', '125', 'J', '2'), ('1192', '330206', '北仑区', '125', 'B', '2'), ('1193', '330211', '镇海区', '125', 'Z', '2'), ('1194', '330212', '鄞州区', '125', 'Y', '2'), ('1195', '330225', '象山县', '125', 'X', '2'), ('1196', '330226', '宁海县', '125', 'N', '2'), ('1197', '330281', '余姚市', '125', 'Y', '2'), ('1198', '330282', '慈溪市', '125', 'C', '2'), ('1199', '330283', '奉化市', '125', 'F', '2'), ('1200', '330302', '鹿城区', '126', 'L', '2'), ('1201', '330303', '龙湾区', '126', 'L', '2'), ('1202', '330304', '瓯海区', '126', 'O', '2'), ('1203', '330322', '洞头县', '126', 'D', '2'), ('1204', '330324', '永嘉县', '126', 'Y', '2'), ('1205', '330326', '平阳县', '126', 'P', '2'), ('1206', '330327', '苍南县', '126', 'C', '2'), ('1207', '330328', '文成县', '126', 'W', '2'), ('1208', '330329', '泰顺县', '126', 'T', '2'), ('1209', '330381', '瑞安市', '126', 'R', '2'), ('1210', '330382', '乐清市', '126', 'L', '2'), ('1211', '330402', '南湖区', '127', 'N', '2'), ('1212', '330411', '秀洲区', '127', 'X', '2'), ('1213', '330421', '嘉善县', '127', 'J', '2'), ('1214', '330424', '海盐县', '127', 'H', '2'), ('1215', '330481', '海宁市', '127', 'H', '2');
INSERT INTO `sys_region` VALUES ('1216', '330482', '平湖市', '127', 'P', '2'), ('1217', '330483', '桐乡市', '127', 'T', '2'), ('1218', '330502', '吴兴区', '128', 'W', '2'), ('1219', '330503', '南浔区', '128', 'N', '2'), ('1220', '330521', '德清县', '128', 'D', '2'), ('1221', '330522', '长兴县', '128', 'C', '2'), ('1222', '330523', '安吉县', '128', 'A', '2'), ('1223', '330602', '越城区', '129', 'Y', '2'), ('1224', '330603', '柯桥区', '129', 'K', '2'), ('1225', '330604', '上虞区', '129', 'S', '2'), ('1226', '330624', '新昌县', '129', 'X', '2'), ('1227', '330681', '诸暨市', '129', 'Z', '2'), ('1228', '330683', '嵊州市', '129', 'S', '2'), ('1229', '330702', '婺城区', '130', 'W', '2'), ('1230', '330703', '金东区', '130', 'J', '2'), ('1231', '330723', '武义县', '130', 'W', '2'), ('1232', '330726', '浦江县', '130', 'P', '2'), ('1233', '330727', '磐安县', '130', 'P', '2'), ('1234', '330781', '兰溪市', '130', 'L', '2'), ('1235', '330782', '义乌市', '130', 'Y', '2'), ('1236', '330783', '东阳市', '130', 'D', '2'), ('1237', '330784', '永康市', '130', 'Y', '2'), ('1238', '330802', '柯城区', '131', 'K', '2'), ('1239', '330803', '衢江区', '131', 'Q', '2'), ('1240', '330822', '常山县', '131', 'C', '2'), ('1241', '330824', '开化县', '131', 'K', '2'), ('1242', '330825', '龙游县', '131', 'L', '2'), ('1243', '330881', '江山市', '131', 'J', '2'), ('1244', '330902', '定海区', '132', 'D', '2'), ('1245', '330921', '岱山县', '132', 'D', '2'), ('1246', '330922', '嵊泗县', '132', 'S', '2'), ('1247', '331002', '椒江区', '133', 'J', '2'), ('1248', '331003', '黄岩区', '133', 'H', '2'), ('1249', '331004', '路桥区', '133', 'L', '2'), ('1250', '331021', '玉环县', '133', 'Y', '2'), ('1251', '331022', '三门县', '133', 'S', '2'), ('1252', '331023', '天台县', '133', 'T', '2'), ('1253', '331024', '仙居县', '133', 'X', '2'), ('1254', '331081', '温岭市', '133', 'W', '2'), ('1255', '331082', '临海市', '133', 'L', '2'), ('1256', '331102', '莲都区', '134', 'L', '2'), ('1257', '331121', '青田县', '134', 'Q', '2'), ('1258', '331122', '缙云县', '134', 'J', '2'), ('1259', '331123', '遂昌县', '134', 'S', '2'), ('1260', '331124', '松阳县', '134', 'S', '2'), ('1261', '331125', '云和县', '134', 'Y', '2'), ('1262', '331126', '庆元县', '134', 'Q', '2'), ('1263', '331127', '景宁畲族自治县', '134', 'J', '2'), ('1264', '331181', '龙泉市', '134', 'L', '2'), ('1265', '340102', '瑶海区', '135', 'Y', '2'), ('1266', '340103', '庐阳区', '135', 'L', '2'), ('1267', '340104', '蜀山区', '135', 'S', '2'), ('1268', '340111', '包河区', '135', 'B', '2'), ('1269', '340121', '长丰县', '135', 'C', '2'), ('1270', '340122', '肥东县', '135', 'F', '2'), ('1271', '340123', '肥西县', '135', 'F', '2'), ('1272', '340124', '庐江县', '135', 'L', '2'), ('1273', '340181', '巢湖市', '135', 'C', '2'), ('1274', '340202', '镜湖区', '136', 'J', '2'), ('1275', '340203', '弋江区', '136', 'Y', '2'), ('1276', '340207', '鸠江区', '136', 'J', '2'), ('1277', '340208', '三山区', '136', 'S', '2'), ('1278', '340221', '芜湖县', '136', 'W', '2'), ('1279', '340222', '繁昌县', '136', 'F', '2'), ('1280', '340223', '南陵县', '136', 'N', '2'), ('1281', '340225', '无为县', '136', 'W', '2'), ('1282', '340302', '龙子湖区', '137', 'L', '2'), ('1283', '340303', '蚌山区', '137', 'B', '2'), ('1284', '340304', '禹会区', '137', 'Y', '2'), ('1285', '340311', '淮上区', '137', 'H', '2'), ('1286', '340321', '怀远县', '137', 'H', '2'), ('1287', '340322', '五河县', '137', 'W', '2'), ('1288', '340323', '固镇县', '137', 'G', '2'), ('1289', '340402', '大通区', '138', 'D', '2'), ('1290', '340403', '田家庵区', '138', 'T', '2'), ('1291', '340404', '谢家集区', '138', 'X', '2'), ('1292', '340405', '八公山区', '138', 'B', '2'), ('1293', '340406', '潘集区', '138', 'P', '2'), ('1294', '340421', '凤台县', '138', 'F', '2'), ('1295', '340503', '花山区', '139', 'H', '2'), ('1296', '340504', '雨山区', '139', 'Y', '2'), ('1297', '340506', '博望区', '139', 'B', '2'), ('1298', '340521', '当涂县', '139', 'D', '2'), ('1299', '340522', '含山县', '139', 'H', '2'), ('1300', '340523', '和县', '139', 'H', '2'), ('1301', '340602', '杜集区', '140', 'D', '2'), ('1302', '340603', '相山区', '140', 'X', '2'), ('1303', '340604', '烈山区', '140', 'L', '2'), ('1304', '340621', '濉溪县', '140', 'S', '2'), ('1305', '340702', '铜官山区', '141', 'T', '2'), ('1306', '340703', '狮子山区', '141', 'S', '2'), ('1307', '340721', '铜陵县', '141', 'T', '2'), ('1308', '340802', '迎江区', '142', 'Y', '2'), ('1309', '340803', '大观区', '142', 'D', '2'), ('1310', '340811', '宜秀区', '142', 'Y', '2'), ('1311', '340822', '怀宁县', '142', 'H', '2'), ('1312', '340823', '枞阳县', '142', 'C', '2'), ('1313', '340824', '潜山县', '142', 'Q', '2'), ('1314', '340825', '太湖县', '142', 'T', '2'), ('1315', '340826', '宿松县', '142', 'S', '2');
INSERT INTO `sys_region` VALUES ('1316', '340827', '望江县', '142', 'W', '2'), ('1317', '340828', '岳西县', '142', 'Y', '2'), ('1318', '340881', '桐城市', '142', 'T', '2'), ('1319', '341002', '屯溪区', '143', 'T', '2'), ('1320', '341003', '黄山区', '143', 'H', '2'), ('1321', '341004', '徽州区', '143', 'H', '2'), ('1322', '341021', '歙县', '143', 'X', '2'), ('1323', '341022', '休宁县', '143', 'X', '2'), ('1324', '341023', '黟县', '143', 'Y', '2'), ('1325', '341024', '祁门县', '143', 'Q', '2'), ('1326', '341102', '琅琊区', '144', 'L', '2'), ('1327', '341103', '南谯区', '144', 'N', '2'), ('1328', '341122', '来安县', '144', 'L', '2'), ('1329', '341124', '全椒县', '144', 'Q', '2'), ('1330', '341125', '定远县', '144', 'D', '2'), ('1331', '341126', '凤阳县', '144', 'F', '2'), ('1332', '341181', '天长市', '144', 'T', '2'), ('1333', '341182', '明光市', '144', 'M', '2'), ('1334', '341202', '颍州区', '145', 'Y', '2'), ('1335', '341203', '颍东区', '145', 'Y', '2'), ('1336', '341204', '颍泉区', '145', 'Y', '2'), ('1337', '341221', '临泉县', '145', 'L', '2'), ('1338', '341222', '太和县', '145', 'T', '2'), ('1339', '341225', '阜南县', '145', 'F', '2'), ('1340', '341226', '颍上县', '145', 'Y', '2'), ('1341', '341282', '界首市', '145', 'J', '2'), ('1342', '341302', '埇桥区', '146', 'Y', '2'), ('1343', '341321', '砀山县', '146', 'D', '2'), ('1344', '341322', '萧县', '146', 'X', '2'), ('1345', '341323', '灵璧县', '146', 'L', '2'), ('1346', '341324', '泗县', '146', 'S', '2'), ('1347', '341502', '金安区', '147', 'J', '2'), ('1348', '341503', '裕安区', '147', 'Y', '2'), ('1349', '341521', '寿县', '147', 'S', '2'), ('1350', '341522', '霍邱县', '147', 'H', '2'), ('1351', '341523', '舒城县', '147', 'S', '2'), ('1352', '341524', '金寨县', '147', 'J', '2'), ('1353', '341525', '霍山县', '147', 'H', '2'), ('1354', '341602', '谯城区', '148', 'Q', '2'), ('1355', '341621', '涡阳县', '148', 'W', '2'), ('1356', '341622', '蒙城县', '148', 'M', '2'), ('1357', '341623', '利辛县', '148', 'L', '2'), ('1358', '341702', '贵池区', '149', 'G', '2'), ('1359', '341721', '东至县', '149', 'D', '2'), ('1360', '341722', '石台县', '149', 'S', '2'), ('1361', '341723', '青阳县', '149', 'Q', '2'), ('1362', '341802', '宣州区', '150', 'X', '2'), ('1363', '341821', '郎溪县', '150', 'L', '2'), ('1364', '341822', '广德县', '150', 'G', '2'), ('1365', '341823', '泾县', '150', 'J', '2'), ('1366', '341824', '绩溪县', '150', 'J', '2'), ('1367', '341825', '旌德县', '150', 'J', '2'), ('1368', '341881', '宁国市', '150', 'N', '2'), ('1369', '350103', '台江区', '151', 'T', '2'), ('1370', '350104', '仓山区', '151', 'C', '2'), ('1371', '350105', '马尾区', '151', 'M', '2'), ('1372', '350111', '晋安区', '151', 'J', '2'), ('1373', '350121', '闽侯县', '151', 'M', '2'), ('1374', '350122', '连江县', '151', 'L', '2'), ('1375', '350123', '罗源县', '151', 'L', '2'), ('1376', '350124', '闽清县', '151', 'M', '2'), ('1377', '350125', '永泰县', '151', 'Y', '2'), ('1378', '350128', '平潭县', '151', 'P', '2'), ('1379', '350181', '福清市', '151', 'F', '2'), ('1380', '350182', '长乐市', '151', 'C', '2'), ('1381', '350203', '思明区', '152', 'S', '2'), ('1382', '350205', '海沧区', '152', 'H', '2'), ('1383', '350206', '湖里区', '152', 'H', '2'), ('1384', '350211', '集美区', '152', 'J', '2'), ('1385', '350212', '同安区', '152', 'T', '2'), ('1386', '350213', '翔安区', '152', 'X', '2'), ('1387', '350302', '城厢区', '153', 'C', '2'), ('1388', '350303', '涵江区', '153', 'H', '2'), ('1389', '350304', '荔城区', '153', 'L', '2'), ('1390', '350305', '秀屿区', '153', 'X', '2'), ('1391', '350322', '仙游县', '153', 'X', '2'), ('1392', '350402', '梅列区', '154', 'M', '2'), ('1393', '350403', '三元区', '154', 'S', '2'), ('1394', '350421', '明溪县', '154', 'M', '2'), ('1395', '350423', '清流县', '154', 'Q', '2'), ('1396', '350424', '宁化县', '154', 'N', '2'), ('1397', '350425', '大田县', '154', 'D', '2'), ('1398', '350426', '尤溪县', '154', 'Y', '2'), ('1399', '350427', '沙县', '154', 'S', '2'), ('1400', '350428', '将乐县', '154', 'J', '2'), ('1401', '350429', '泰宁县', '154', 'T', '2'), ('1402', '350430', '建宁县', '154', 'J', '2'), ('1403', '350481', '永安市', '154', 'Y', '2'), ('1404', '350502', '鲤城区', '155', 'L', '2'), ('1405', '350503', '丰泽区', '155', 'F', '2'), ('1406', '350504', '洛江区', '155', 'L', '2'), ('1407', '350505', '泉港区', '155', 'Q', '2'), ('1408', '350521', '惠安县', '155', 'H', '2'), ('1409', '350524', '安溪县', '155', 'A', '2'), ('1410', '350525', '永春县', '155', 'Y', '2'), ('1411', '350526', '德化县', '155', 'D', '2'), ('1412', '350527', '金门县', '155', 'J', '2'), ('1413', '350581', '石狮市', '155', 'S', '2'), ('1414', '350582', '晋江市', '155', 'J', '2'), ('1415', '350583', '南安市', '155', 'N', '2');
INSERT INTO `sys_region` VALUES ('1416', '350602', '芗城区', '156', 'X', '2'), ('1417', '350603', '龙文区', '156', 'L', '2'), ('1418', '350622', '云霄县', '156', 'Y', '2'), ('1419', '350623', '漳浦县', '156', 'Z', '2'), ('1420', '350624', '诏安县', '156', 'Z', '2'), ('1421', '350625', '长泰县', '156', 'C', '2'), ('1422', '350626', '东山县', '156', 'D', '2'), ('1423', '350627', '南靖县', '156', 'N', '2'), ('1424', '350628', '平和县', '156', 'P', '2'), ('1425', '350629', '华安县', '156', 'H', '2'), ('1426', '350681', '龙海市', '156', 'L', '2'), ('1427', '350702', '延平区', '157', 'Y', '2'), ('1428', '350721', '顺昌县', '157', 'S', '2'), ('1429', '350722', '浦城县', '157', 'P', '2'), ('1430', '350723', '光泽县', '157', 'G', '2'), ('1431', '350724', '松溪县', '157', 'S', '2'), ('1432', '350725', '政和县', '157', 'Z', '2'), ('1433', '350781', '邵武市', '157', 'S', '2'), ('1434', '350782', '武夷山市', '157', 'W', '2'), ('1435', '350783', '建瓯市', '157', 'J', '2'), ('1436', '350784', '建阳市', '157', 'J', '2'), ('1437', '350802', '新罗区', '158', 'X', '2'), ('1438', '350821', '长汀县', '158', 'C', '2'), ('1439', '350822', '永定县', '158', 'Y', '2'), ('1440', '350823', '上杭县', '158', 'S', '2'), ('1441', '350824', '武平县', '158', 'W', '2'), ('1442', '350825', '连城县', '158', 'L', '2'), ('1443', '350881', '漳平市', '158', 'Z', '2'), ('1444', '350902', '蕉城区', '159', 'J', '2'), ('1445', '350921', '霞浦县', '159', 'X', '2'), ('1446', '350922', '古田县', '159', 'G', '2'), ('1447', '350923', '屏南县', '159', 'P', '2'), ('1448', '350924', '寿宁县', '159', 'S', '2'), ('1449', '350925', '周宁县', '159', 'Z', '2'), ('1450', '350926', '柘荣县', '159', 'Z', '2'), ('1451', '350981', '福安市', '159', 'F', '2'), ('1452', '350982', '福鼎市', '159', 'F', '2'), ('1453', '360102', '东湖区', '160', 'D', '2'), ('1454', '360104', '青云谱区', '160', 'Q', '2'), ('1455', '360105', '湾里区', '160', 'W', '2'), ('1456', '360111', '青山湖区', '160', 'Q', '2'), ('1457', '360121', '南昌县', '160', 'N', '2'), ('1458', '360122', '新建县', '160', 'X', '2'), ('1459', '360123', '安义县', '160', 'A', '2'), ('1460', '360124', '进贤县', '160', 'J', '2'), ('1461', '360202', '昌江区', '161', 'C', '2'), ('1462', '360203', '珠山区', '161', 'Z', '2'), ('1463', '360222', '浮梁县', '161', 'F', '2'), ('1464', '360281', '乐平市', '161', 'L', '2'), ('1465', '360302', '安源区', '162', 'A', '2'), ('1466', '360313', '湘东区', '162', 'X', '2'), ('1467', '360321', '莲花县', '162', 'L', '2'), ('1468', '360322', '上栗县', '162', 'S', '2'), ('1469', '360323', '芦溪县', '162', 'L', '2'), ('1470', '360402', '庐山区', '163', 'L', '2'), ('1471', '360403', '浔阳区', '163', 'X', '2'), ('1472', '360421', '九江县', '163', 'J', '2'), ('1473', '360423', '武宁县', '163', 'W', '2'), ('1474', '360424', '修水县', '163', 'X', '2'), ('1475', '360425', '永修县', '163', 'Y', '2'), ('1476', '360426', '德安县', '163', 'D', '2'), ('1477', '360427', '星子县', '163', 'X', '2'), ('1478', '360428', '都昌县', '163', 'D', '2'), ('1479', '360429', '湖口县', '163', 'H', '2'), ('1480', '360430', '彭泽县', '163', 'P', '2'), ('1481', '360481', '瑞昌市', '163', 'R', '2'), ('1482', '360482', '共青城市', '163', 'G', '2'), ('1483', '360502', '渝水区', '164', 'Y', '2'), ('1484', '360521', '分宜县', '164', 'F', '2'), ('1485', '360602', '月湖区', '165', 'Y', '2'), ('1486', '360622', '余江县', '165', 'Y', '2'), ('1487', '360681', '贵溪市', '165', 'G', '2'), ('1488', '360702', '章贡区', '166', 'Z', '2'), ('1489', '360703', '南康区', '166', 'N', '2'), ('1490', '360721', '赣县', '166', 'G', '2'), ('1491', '360722', '信丰县', '166', 'X', '2'), ('1492', '360723', '大余县', '166', 'D', '2'), ('1493', '360724', '上犹县', '166', 'S', '2'), ('1494', '360725', '崇义县', '166', 'C', '2'), ('1495', '360726', '安远县', '166', 'A', '2'), ('1496', '360727', '龙南县', '166', 'L', '2'), ('1497', '360728', '定南县', '166', 'D', '2'), ('1498', '360729', '全南县', '166', 'Q', '2'), ('1499', '360730', '宁都县', '166', 'N', '2'), ('1500', '360731', '于都县', '166', 'Y', '2'), ('1501', '360732', '兴国县', '166', 'X', '2'), ('1502', '360733', '会昌县', '166', 'H', '2'), ('1503', '360734', '寻乌县', '166', 'X', '2'), ('1504', '360735', '石城县', '166', 'S', '2'), ('1505', '360781', '瑞金市', '166', 'R', '2'), ('1506', '360802', '吉州区', '167', 'J', '2'), ('1507', '360803', '青原区', '167', 'Q', '2'), ('1508', '360821', '吉安县', '167', 'J', '2'), ('1509', '360822', '吉水县', '167', 'J', '2'), ('1510', '360823', '峡江县', '167', 'X', '2'), ('1511', '360824', '新干县', '167', 'X', '2'), ('1512', '360825', '永丰县', '167', 'Y', '2'), ('1513', '360826', '泰和县', '167', 'T', '2'), ('1514', '360827', '遂川县', '167', 'S', '2'), ('1515', '360828', '万安县', '167', 'W', '2');
INSERT INTO `sys_region` VALUES ('1516', '360829', '安福县', '167', 'A', '2'), ('1517', '360830', '永新县', '167', 'Y', '2'), ('1518', '360881', '井冈山市', '167', 'J', '2'), ('1519', '360902', '袁州区', '168', 'Y', '2'), ('1520', '360921', '奉新县', '168', 'F', '2'), ('1521', '360922', '万载县', '168', 'W', '2'), ('1522', '360923', '上高县', '168', 'S', '2'), ('1523', '360924', '宜丰县', '168', 'Y', '2'), ('1524', '360925', '靖安县', '168', 'J', '2'), ('1525', '360926', '铜鼓县', '168', 'T', '2'), ('1526', '360981', '丰城市', '168', 'F', '2'), ('1527', '360982', '樟树市', '168', 'Z', '2'), ('1528', '360983', '高安市', '168', 'G', '2'), ('1529', '361002', '临川区', '169', 'L', '2'), ('1530', '361021', '南城县', '169', 'N', '2'), ('1531', '361022', '黎川县', '169', 'L', '2'), ('1532', '361023', '南丰县', '169', 'N', '2'), ('1533', '361024', '崇仁县', '169', 'C', '2'), ('1534', '361025', '乐安县', '169', 'L', '2'), ('1535', '361026', '宜黄县', '169', 'Y', '2'), ('1536', '361027', '金溪县', '169', 'J', '2'), ('1537', '361028', '资溪县', '169', 'Z', '2'), ('1538', '361029', '东乡县', '169', 'D', '2'), ('1539', '361030', '广昌县', '169', 'G', '2'), ('1540', '361102', '信州区', '170', 'X', '2'), ('1541', '361121', '上饶县', '170', 'S', '2'), ('1542', '361122', '广丰县', '170', 'G', '2'), ('1543', '361123', '玉山县', '170', 'Y', '2'), ('1544', '361124', '铅山县', '170', 'Q', '2'), ('1545', '361125', '横峰县', '170', 'H', '2'), ('1546', '361126', '弋阳县', '170', 'Y', '2'), ('1547', '361127', '余干县', '170', 'Y', '2'), ('1548', '361128', '鄱阳县', '170', 'P', '2'), ('1549', '361129', '万年县', '170', 'W', '2'), ('1550', '361130', '婺源县', '170', 'W', '2'), ('1551', '361181', '德兴市', '170', 'D', '2'), ('1552', '370102', '历下区', '171', 'L', '2'), ('1553', '370103', '市中区', '171', 'S', '2'), ('1554', '370104', '槐荫区', '171', 'H', '2'), ('1555', '370105', '天桥区', '171', 'T', '2'), ('1556', '370112', '历城区', '171', 'L', '2'), ('1557', '370113', '长清区', '171', 'C', '2'), ('1558', '370124', '平阴县', '171', 'P', '2'), ('1559', '370125', '济阳县', '171', 'J', '2'), ('1560', '370126', '商河县', '171', 'S', '2'), ('1561', '370181', '章丘市', '171', 'Z', '2'), ('1562', '370202', '市南区', '172', 'S', '2'), ('1563', '370203', '市北区', '172', 'S', '2'), ('1564', '370211', '黄岛区', '172', 'H', '2'), ('1565', '370212', '崂山区', '172', 'L', '2'), ('1566', '370213', '李沧区', '172', 'L', '2'), ('1567', '370214', '城阳区', '172', 'C', '2'), ('1568', '370281', '胶州市', '172', 'J', '2'), ('1569', '370282', '即墨市', '172', 'J', '2'), ('1570', '370283', '平度市', '172', 'P', '2'), ('1571', '370285', '莱西市', '172', 'L', '2'), ('1572', '370302', '淄川区', '173', 'Z', '2'), ('1573', '370303', '张店区', '173', 'Z', '2'), ('1574', '370304', '博山区', '173', 'B', '2'), ('1575', '370305', '临淄区', '173', 'L', '2'), ('1576', '370306', '周村区', '173', 'Z', '2'), ('1577', '370321', '桓台县', '173', 'H', '2'), ('1578', '370322', '高青县', '173', 'G', '2'), ('1579', '370323', '沂源县', '173', 'Y', '2'), ('1580', '370403', '薛城区', '174', 'X', '2'), ('1581', '370404', '峄城区', '174', 'Y', '2'), ('1582', '370405', '台儿庄区', '174', 'T', '2'), ('1583', '370406', '山亭区', '174', 'S', '2'), ('1584', '370481', '滕州市', '174', 'T', '2'), ('1585', '370502', '东营区', '175', 'D', '2'), ('1586', '370503', '河口区', '175', 'H', '2'), ('1587', '370521', '垦利县', '175', 'K', '2'), ('1588', '370522', '利津县', '175', 'L', '2'), ('1589', '370523', '广饶县', '175', 'G', '2'), ('1590', '370602', '芝罘区', '176', 'Z', '2'), ('1591', '370611', '福山区', '176', 'F', '2'), ('1592', '370612', '牟平区', '176', 'M', '2'), ('1593', '370613', '莱山区', '176', 'L', '2'), ('1594', '370634', '长岛县', '176', 'C', '2'), ('1595', '370681', '龙口市', '176', 'L', '2'), ('1596', '370682', '莱阳市', '176', 'L', '2'), ('1597', '370683', '莱州市', '176', 'L', '2'), ('1598', '370684', '蓬莱市', '176', 'P', '2'), ('1599', '370685', '招远市', '176', 'Z', '2'), ('1600', '370686', '栖霞市', '176', 'Q', '2'), ('1601', '370687', '海阳市', '176', 'H', '2'), ('1602', '370702', '潍城区', '177', 'W', '2'), ('1603', '370703', '寒亭区', '177', 'H', '2'), ('1604', '370704', '坊子区', '177', 'F', '2'), ('1605', '370705', '奎文区', '177', 'K', '2'), ('1606', '370724', '临朐县', '177', 'L', '2'), ('1607', '370725', '昌乐县', '177', 'C', '2'), ('1608', '370781', '青州市', '177', 'Q', '2'), ('1609', '370782', '诸城市', '177', 'Z', '2'), ('1610', '370783', '寿光市', '177', 'S', '2'), ('1611', '370784', '安丘市', '177', 'A', '2'), ('1612', '370785', '高密市', '177', 'G', '2'), ('1613', '370786', '昌邑市', '177', 'C', '2'), ('1614', '370811', '任城区', '178', 'R', '2'), ('1615', '370812', '兖州区', '178', 'Y', '2');
INSERT INTO `sys_region` VALUES ('1616', '370826', '微山县', '178', 'W', '2'), ('1617', '370827', '鱼台县', '178', 'Y', '2'), ('1618', '370828', '金乡县', '178', 'J', '2'), ('1619', '370829', '嘉祥县', '178', 'J', '2'), ('1620', '370830', '汶上县', '178', 'W', '2'), ('1621', '370831', '泗水县', '178', 'S', '2'), ('1622', '370832', '梁山县', '178', 'L', '2'), ('1623', '370881', '曲阜市', '178', 'Q', '2'), ('1624', '370883', '邹城市', '178', 'Z', '2'), ('1625', '370902', '泰山区', '179', 'T', '2'), ('1626', '370911', '岱岳区', '179', 'D', '2'), ('1627', '370921', '宁阳县', '179', 'N', '2'), ('1628', '370923', '东平县', '179', 'D', '2'), ('1629', '370982', '新泰市', '179', 'X', '2'), ('1630', '370983', '肥城市', '179', 'F', '2'), ('1631', '371002', '环翠区', '180', 'H', '2'), ('2621', '522725', '瓮安县', '304', 'W', '2'), ('2622', '522726', '独山县', '304', 'D', '2'), ('2623', '522727', '平塘县', '304', 'P', '2'), ('2624', '522728', '罗甸县', '304', 'L', '2'), ('2625', '522729', '长顺县', '304', 'C', '2'), ('2626', '522730', '龙里县', '304', 'L', '2'), ('2627', '522731', '惠水县', '304', 'H', '2'), ('2628', '522732', '三都水族自治县', '304', 'S', '2'), ('2629', '530102', '五华区', '305', 'W', '2'), ('2630', '530103', '盘龙区', '305', 'P', '2'), ('2631', '530111', '官渡区', '305', 'G', '2'), ('2632', '530112', '西山区', '305', 'X', '2'), ('2633', '530113', '东川区', '305', 'D', '2'), ('2634', '530114', '呈贡区', '305', 'C', '2'), ('2635', '530122', '晋宁县', '305', 'J', '2'), ('2636', '530124', '富民县', '305', 'F', '2'), ('2637', '530125', '宜良县', '305', 'Y', '2'), ('2638', '530126', '石林彝族自治县', '305', 'S', '2'), ('2639', '530127', '嵩明县', '305', 'S', '2'), ('2640', '530128', '禄劝彝族苗族自治县', '305', 'L', '2'), ('2641', '530129', '寻甸回族彝族自治县', '305', 'X', '2'), ('2642', '530181', '安宁市', '305', 'A', '2'), ('2643', '530302', '麒麟区', '306', 'Q', '2'), ('2644', '530321', '马龙县', '306', 'M', '2'), ('2645', '530322', '陆良县', '306', 'L', '2'), ('2646', '530323', '师宗县', '306', 'S', '2'), ('2647', '530324', '罗平县', '306', 'L', '2'), ('2648', '530325', '富源县', '306', 'F', '2'), ('2649', '530326', '会泽县', '306', 'H', '2'), ('2650', '530328', '沾益县', '306', 'Z', '2'), ('2651', '530381', '宣威市', '306', 'X', '2'), ('2652', '530402', '红塔区', '307', 'H', '2'), ('2653', '530421', '江川县', '307', 'J', '2'), ('2654', '530422', '澄江县', '307', 'C', '2'), ('2655', '530423', '通海县', '307', 'T', '2'), ('2656', '530424', '华宁县', '307', 'H', '2'), ('2657', '530425', '易门县', '307', 'Y', '2'), ('2658', '530426', '峨山彝族自治县', '307', 'E', '2'), ('2659', '530427', '新平彝族傣族自治县', '307', 'X', '2'), ('2660', '530428', '元江哈尼族彝族傣族自治县', '307', 'Y', '2'), ('2661', '530502', '隆阳区', '308', 'L', '2'), ('2662', '530521', '施甸县', '308', 'S', '2'), ('2663', '530522', '腾冲县', '308', 'T', '2'), ('2664', '530523', '龙陵县', '308', 'L', '2'), ('2665', '530524', '昌宁县', '308', 'C', '2'), ('2666', '530602', '昭阳区', '309', 'Z', '2'), ('2667', '530621', '鲁甸县', '309', 'L', '2'), ('2668', '530622', '巧家县', '309', 'Q', '2'), ('2669', '530623', '盐津县', '309', 'Y', '2'), ('2670', '530624', '大关县', '309', 'D', '2'), ('2671', '530625', '永善县', '309', 'Y', '2'), ('2672', '530626', '绥江县', '309', 'S', '2'), ('2673', '530627', '镇雄县', '309', 'Z', '2'), ('2674', '530628', '彝良县', '309', 'Y', '2'), ('2675', '530629', '威信县', '309', 'W', '2'), ('2676', '530630', '水富县', '309', 'S', '2'), ('2677', '530702', '古城区', '310', 'G', '2'), ('2678', '530721', '玉龙纳西族自治县', '310', 'Y', '2'), ('2679', '530722', '永胜县', '310', 'Y', '2'), ('2680', '530723', '华坪县', '310', 'H', '2'), ('2681', '530724', '宁蒗彝族自治县', '310', 'N', '2'), ('2682', '530802', '思茅区', '311', 'S', '2'), ('2683', '530821', '宁洱哈尼族彝族自治县', '311', 'N', '2'), ('2684', '530822', '墨江哈尼族自治县', '311', 'M', '2'), ('2685', '530823', '景东彝族自治县', '311', 'J', '2'), ('2686', '530824', '景谷傣族彝族自治县', '311', 'J', '2'), ('2687', '530825', '镇沅彝族哈尼族拉祜族自治县', '311', 'Z', '2'), ('2688', '530826', '江城哈尼族彝族自治县', '311', 'J', '2'), ('2689', '530827', '孟连傣族拉祜族佤族自治县', '311', 'M', '2'), ('2690', '530828', '澜沧拉祜族自治县', '311', 'L', '2'), ('2691', '530829', '西盟佤族自治县', '311', 'X', '2'), ('2692', '530902', '临翔区', '312', 'L', '2'), ('2693', '530921', '凤庆县', '312', 'F', '2'), ('2694', '530922', '云县', '312', 'Y', '2'), ('2695', '530923', '永德县', '312', 'Y', '2'), ('2696', '530924', '镇康县', '312', 'Z', '2'), ('2697', '530925', '双江拉祜族佤族布朗族傣族自治县', '312', 'S', '2'), ('2698', '530926', '耿马傣族佤族自治县', '312', 'G', '2'), ('2699', '530927', '沧源佤族自治县', '312', 'C', '2'), ('2700', '532301', '楚雄市', '313', 'C', '2'), ('2701', '532322', '双柏县', '313', 'S', '2'), ('2702', '532323', '牟定县', '313', 'M', '2'), ('2703', '532324', '南华县', '313', 'N', '2'), ('2704', '532325', '姚安县', '313', 'Y', '2');
INSERT INTO `sys_region` VALUES ('2705', '532326', '大姚县', '313', 'D', '2'), ('2706', '532327', '永仁县', '313', 'Y', '2'), ('2707', '532328', '元谋县', '313', 'Y', '2'), ('2708', '532329', '武定县', '313', 'W', '2'), ('2709', '532331', '禄丰县', '313', 'L', '2'), ('2710', '532501', '个旧市', '314', 'G', '2'), ('2711', '532502', '开远市', '314', 'K', '2'), ('2712', '532503', '蒙自市', '314', 'M', '2'), ('2713', '532504', '弥勒市', '314', 'M', '2'), ('2714', '532523', '屏边苗族自治县', '314', 'P', '2'), ('2715', '532524', '建水县', '314', 'J', '2'), ('2716', '532525', '石屏县', '314', 'S', '2'), ('2717', '532527', '泸西县', '314', 'L', '2'), ('2718', '532528', '元阳县', '314', 'Y', '2'), ('2719', '532529', '红河县', '314', 'H', '2'), ('2720', '532530', '金平苗族瑶族傣族自治县', '314', 'J', '2'), ('2721', '532531', '绿春县', '314', 'L', '2'), ('2722', '532532', '河口瑶族自治县', '314', 'H', '2'), ('2723', '532601', '文山市', '315', 'W', '2'), ('2724', '532622', '砚山县', '315', 'Y', '2'), ('2725', '532623', '西畴县', '315', 'X', '2'), ('2726', '532624', '麻栗坡县', '315', 'M', '2'), ('2727', '532625', '马关县', '315', 'M', '2'), ('2728', '532626', '丘北县', '315', 'Q', '2'), ('2729', '532627', '广南县', '315', 'G', '2'), ('2730', '532628', '富宁县', '315', 'F', '2'), ('2731', '532801', '景洪市', '316', 'J', '2'), ('2732', '532822', '勐海县', '316', 'M', '2'), ('2733', '532823', '勐腊县', '316', 'M', '2'), ('2734', '532901', '大理市', '317', 'D', '2'), ('2735', '532922', '漾濞彝族自治县', '317', 'Y', '2'), ('2736', '532923', '祥云县', '317', 'X', '2'), ('2737', '532924', '宾川县', '317', 'B', '2'), ('2738', '532925', '弥渡县', '317', 'M', '2'), ('2739', '532926', '南涧彝族自治县', '317', 'N', '2'), ('2740', '532927', '巍山彝族回族自治县', '317', 'W', '2'), ('2741', '532928', '永平县', '317', 'Y', '2'), ('2742', '532929', '云龙县', '317', 'Y', '2'), ('2743', '532930', '洱源县', '317', 'E', '2'), ('2744', '532931', '剑川县', '317', 'J', '2'), ('2745', '532932', '鹤庆县', '317', 'H', '2'), ('2746', '533102', '瑞丽市', '318', 'R', '2'), ('2747', '533103', '芒市', '318', 'M', '2'), ('2748', '533122', '梁河县', '318', 'L', '2'), ('2749', '533123', '盈江县', '318', 'Y', '2'), ('2750', '533124', '陇川县', '318', 'L', '2'), ('2751', '533321', '泸水县', '319', 'L', '2'), ('2752', '533323', '福贡县', '319', 'F', '2'), ('2753', '533324', '贡山独龙族怒族自治县', '319', 'G', '2'), ('2754', '533325', '兰坪白族普米族自治县', '319', 'L', '2'), ('2755', '533421', '香格里拉县', '320', 'X', '2'), ('2756', '533422', '德钦县', '320', 'D', '2'), ('2757', '533423', '维西傈僳族自治县', '320', 'W', '2'), ('2758', '540102', '城关区', '321', 'C', '2'), ('2759', '540121', '林周县', '321', 'L', '2'), ('2760', '540122', '当雄县', '321', 'D', '2'), ('2761', '540123', '尼木县', '321', 'N', '2'), ('2762', '540124', '曲水县', '321', 'Q', '2'), ('2763', '540125', '堆龙德庆县', '321', 'D', '2'), ('2764', '540126', '达孜县', '321', 'D', '2'), ('2765', '540127', '墨竹工卡县', '321', 'M', '2'), ('2766', '540202', '桑珠孜区', '322', 'S', '2'), ('2767', '540221', '南木林县', '322', 'N', '2'), ('2768', '540222', '江孜县', '322', 'J', '2'), ('2769', '540223', '定日县', '322', 'D', '2'), ('2770', '540224', '萨迦县', '322', 'S', '2'), ('2771', '540225', '拉孜县', '322', 'L', '2'), ('2772', '540226', '昂仁县', '322', 'A', '2'), ('2773', '540227', '谢通门县', '322', 'X', '2'), ('2774', '540228', '白朗县', '322', 'B', '2'), ('2775', '540229', '仁布县', '322', 'R', '2'), ('2776', '540230', '康马县', '322', 'K', '2'), ('2777', '540231', '定结县', '322', 'D', '2'), ('2778', '540232', '仲巴县', '322', 'Z', '2'), ('2779', '540233', '亚东县', '322', 'Y', '2'), ('2780', '540234', '吉隆县', '322', 'J', '2'), ('2781', '540235', '聂拉木县', '322', 'N', '2'), ('2782', '540236', '萨嘎县', '322', 'S', '2'), ('2783', '540237', '岗巴县', '322', 'G', '2'), ('2784', '542121', '昌都县', '323', 'C', '2'), ('2785', '542122', '江达县', '323', 'J', '2'), ('2786', '542123', '贡觉县', '323', 'G', '2'), ('2787', '542124', '类乌齐县', '323', 'L', '2'), ('2788', '542125', '丁青县', '323', 'D', '2'), ('2789', '542126', '察雅县', '323', 'C', '2'), ('2790', '542127', '八宿县', '323', 'B', '2'), ('2791', '542128', '左贡县', '323', 'Z', '2'), ('2792', '542129', '芒康县', '323', 'M', '2'), ('2793', '542132', '洛隆县', '323', 'L', '2'), ('2794', '542133', '边坝县', '323', 'B', '2'), ('2795', '542221', '乃东县', '324', 'N', '2'), ('2796', '542222', '扎囊县', '324', 'Z', '2'), ('2797', '542223', '贡嘎县', '324', 'G', '2'), ('2798', '542224', '桑日县', '324', 'S', '2'), ('2799', '542225', '琼结县', '324', 'Q', '2'), ('2800', '542226', '曲松县', '324', 'Q', '2'), ('2801', '542227', '措美县', '324', 'C', '2'), ('2802', '542228', '洛扎县', '324', 'L', '2'), ('2803', '542229', '加查县', '324', 'J', '2'), ('2804', '542231', '隆子县', '324', 'L', '2');
INSERT INTO `sys_region` VALUES ('2805', '542232', '错那县', '324', 'C', '2'), ('2806', '542233', '浪卡子县', '324', 'L', '2'), ('2807', '542421', '那曲县', '325', 'N', '2'), ('2808', '542422', '嘉黎县', '325', 'J', '2'), ('2809', '542423', '比如县', '325', 'B', '2'), ('2810', '542424', '聂荣县', '325', 'N', '2'), ('2811', '542425', '安多县', '325', 'A', '2'), ('2812', '542426', '申扎县', '325', 'S', '2'), ('2813', '542427', '索县', '325', 'S', '2'), ('2814', '542428', '班戈县', '325', 'B', '2'), ('2815', '542429', '巴青县', '325', 'B', '2'), ('2816', '542430', '尼玛县', '325', 'N', '2'), ('2817', '542431', '双湖县', '325', 'S', '2'), ('2818', '542521', '普兰县', '326', 'P', '2'), ('2819', '542522', '札达县', '326', 'Z', '2'), ('2820', '542523', '噶尔县', '326', 'G', '2'), ('2821', '542524', '日土县', '326', 'R', '2'), ('2822', '542525', '革吉县', '326', 'G', '2'), ('2823', '542526', '改则县', '326', 'G', '2'), ('2824', '542527', '措勤县', '326', 'C', '2'), ('2825', '542621', '林芝县', '327', 'L', '2'), ('2826', '542622', '工布江达县', '327', 'G', '2'), ('2827', '542623', '米林县', '327', 'M', '2'), ('2828', '542624', '墨脱县', '327', 'M', '2'), ('2829', '542625', '波密县', '327', 'B', '2'), ('2830', '542626', '察隅县', '327', 'C', '2'), ('2831', '542627', '朗县', '327', 'L', '2'), ('2832', '610103', '碑林区', '328', 'B', '2'), ('2833', '610104', '莲湖区', '328', 'L', '2'), ('2834', '610111', '灞桥区', '328', 'B', '2'), ('2835', '610112', '未央区', '328', 'W', '2'), ('2836', '610113', '雁塔区', '328', 'Y', '2'), ('2837', '610114', '阎良区', '328', 'Y', '2'), ('2838', '610115', '临潼区', '328', 'L', '2'), ('2839', '610122', '蓝田县', '328', 'L', '2'), ('2840', '610124', '周至县', '328', 'Z', '2'), ('2841', '610125', '户县', '328', 'H', '2'), ('2842', '610126', '高陵县', '328', 'G', '2'), ('2843', '610202', '王益区', '329', 'W', '2'), ('2844', '610203', '印台区', '329', 'Y', '2'), ('2845', '610204', '耀州区', '329', 'Y', '2'), ('2846', '610222', '宜君县', '329', 'Y', '2'), ('2847', '610302', '渭滨区', '330', 'W', '2'), ('2848', '610303', '金台区', '330', 'J', '2'), ('2849', '610304', '陈仓区', '330', 'C', '2'), ('2850', '610322', '凤翔县', '330', 'F', '2'), ('2851', '610323', '岐山县', '330', 'Q', '2'), ('2852', '610324', '扶风县', '330', 'F', '2'), ('2853', '610326', '眉县', '330', 'M', '2'), ('2854', '610327', '陇县', '330', 'L', '2'), ('2855', '610328', '千阳县', '330', 'Q', '2'), ('2856', '610329', '麟游县', '330', 'L', '2'), ('2857', '610330', '凤县', '330', 'F', '2'), ('2858', '610331', '太白县', '330', 'T', '2'), ('2859', '610402', '秦都区', '331', 'Q', '2'), ('2860', '610403', '杨陵区', '331', 'Y', '2'), ('2861', '610404', '渭城区', '331', 'W', '2'), ('2862', '610422', '三原县', '331', 'S', '2'), ('2863', '610423', '泾阳县', '331', 'J', '2'), ('2864', '610424', '乾县', '331', 'Q', '2'), ('2865', '610425', '礼泉县', '331', 'L', '2'), ('2866', '610426', '永寿县', '331', 'Y', '2'), ('2867', '610427', '彬县', '331', 'B', '2'), ('2868', '610428', '长武县', '331', 'C', '2'), ('2869', '610429', '旬邑县', '331', 'X', '2'), ('2870', '610430', '淳化县', '331', 'C', '2'), ('2871', '610431', '武功县', '331', 'W', '2'), ('2872', '610481', '兴平市', '331', 'X', '2'), ('2873', '610502', '临渭区', '332', 'L', '2'), ('2874', '610521', '华县', '332', 'H', '2'), ('2875', '610522', '潼关县', '332', 'T', '2'), ('2876', '610523', '大荔县', '332', 'D', '2'), ('2877', '610524', '合阳县', '332', 'H', '2'), ('2878', '610525', '澄城县', '332', 'C', '2'), ('2879', '610526', '蒲城县', '332', 'P', '2'), ('2880', '610527', '白水县', '332', 'B', '2'), ('2881', '610528', '富平县', '332', 'F', '2'), ('2882', '610581', '韩城市', '332', 'H', '2'), ('2883', '610582', '华阴市', '332', 'H', '2'), ('2884', '610602', '宝塔区', '333', 'B', '2'), ('2885', '610621', '延长县', '333', 'Y', '2'), ('2886', '610622', '延川县', '333', 'Y', '2'), ('2887', '610623', '子长县', '333', 'Z', '2'), ('2888', '610624', '安塞县', '333', 'A', '2'), ('2889', '610625', '志丹县', '333', 'Z', '2'), ('2890', '610626', '吴起县', '333', 'W', '2'), ('2891', '610627', '甘泉县', '333', 'G', '2'), ('2892', '610628', '富县', '333', 'F', '2'), ('2893', '610629', '洛川县', '333', 'L', '2'), ('2894', '610630', '宜川县', '333', 'Y', '2'), ('2895', '610631', '黄龙县', '333', 'H', '2'), ('2896', '610632', '黄陵县', '333', 'H', '2'), ('2897', '610702', '汉台区', '334', 'H', '2'), ('2898', '610721', '南郑县', '334', 'N', '2'), ('2899', '610722', '城固县', '334', 'C', '2'), ('2900', '610723', '洋县', '334', 'Y', '2'), ('2901', '610724', '西乡县', '334', 'X', '2'), ('2902', '610725', '勉县', '334', 'M', '2'), ('2903', '610726', '宁强县', '334', 'N', '2'), ('2904', '610727', '略阳县', '334', 'L', '2');
INSERT INTO `sys_region` VALUES ('2905', '610728', '镇巴县', '334', 'Z', '2'), ('2906', '610729', '留坝县', '334', 'L', '2'), ('2907', '610730', '佛坪县', '334', 'F', '2'), ('2908', '610802', '榆阳区', '335', 'Y', '2'), ('2909', '610821', '神木县', '335', 'S', '2'), ('2910', '610822', '府谷县', '335', 'F', '2'), ('2911', '610823', '横山县', '335', 'H', '2'), ('2912', '610824', '靖边县', '335', 'J', '2'), ('2913', '610825', '定边县', '335', 'D', '2'), ('2914', '610826', '绥德县', '335', 'S', '2'), ('2915', '610827', '米脂县', '335', 'M', '2'), ('2916', '610828', '佳县', '335', 'J', '2'), ('2917', '610829', '吴堡县', '335', 'W', '2'), ('2918', '610830', '清涧县', '335', 'Q', '2'), ('2919', '610831', '子洲县', '335', 'Z', '2'), ('2920', '610902', '汉滨区', '336', 'H', '2'), ('2921', '610921', '汉阴县', '336', 'H', '2'), ('2922', '610922', '石泉县', '336', 'S', '2'), ('2923', '610923', '宁陕县', '336', 'N', '2'), ('2924', '610924', '紫阳县', '336', 'Z', '2'), ('2925', '610925', '岚皋县', '336', 'L', '2'), ('2926', '610926', '平利县', '336', 'P', '2'), ('2927', '610927', '镇坪县', '336', 'Z', '2'), ('2928', '610928', '旬阳县', '336', 'X', '2'), ('2929', '610929', '白河县', '336', 'B', '2'), ('2930', '611002', '商州区', '337', 'S', '2'), ('2931', '611021', '洛南县', '337', 'L', '2'), ('2932', '611022', '丹凤县', '337', 'D', '2'), ('2933', '611023', '商南县', '337', 'S', '2'), ('2934', '611024', '山阳县', '337', 'S', '2'), ('2935', '611025', '镇安县', '337', 'Z', '2'), ('2936', '611026', '柞水县', '337', 'Z', '2'), ('2937', '620103', '七里河区', '338', 'Q', '2'), ('2938', '620104', '西固区', '338', 'X', '2'), ('2939', '620105', '安宁区', '338', 'A', '2'), ('2940', '620111', '红古区', '338', 'H', '2'), ('2941', '620121', '永登县', '338', 'Y', '2'), ('2942', '620122', '皋兰县', '338', 'G', '2'), ('2943', '620123', '榆中县', '338', 'Y', '2'), ('2944', '620302', '金川区', '340', 'J', '2'), ('2945', '620321', '永昌县', '340', 'Y', '2'), ('2946', '620402', '白银区', '341', 'B', '2'), ('2947', '620403', '平川区', '341', 'P', '2'), ('2948', '620421', '靖远县', '341', 'J', '2'), ('2949', '620422', '会宁县', '341', 'H', '2'), ('2950', '620423', '景泰县', '341', 'J', '2'), ('2951', '620502', '秦州区', '342', 'Q', '2'), ('2952', '620503', '麦积区', '342', 'M', '2'), ('2953', '620521', '清水县', '342', 'Q', '2'), ('2954', '620522', '秦安县', '342', 'Q', '2'), ('2955', '620523', '甘谷县', '342', 'G', '2'), ('2956', '620524', '武山县', '342', 'W', '2'), ('2957', '620525', '张家川回族自治县', '342', 'Z', '2'), ('2958', '620602', '凉州区', '343', 'L', '2'), ('2959', '620621', '民勤县', '343', 'M', '2'), ('2960', '620622', '古浪县', '343', 'G', '2'), ('2961', '620623', '天祝藏族自治县', '343', 'T', '2'), ('2962', '620702', '甘州区', '344', 'G', '2'), ('2963', '620721', '肃南裕固族自治县', '344', 'S', '2'), ('2964', '620722', '民乐县', '344', 'M', '2'), ('2965', '620723', '临泽县', '344', 'L', '2'), ('2966', '620724', '高台县', '344', 'G', '2'), ('2967', '620725', '山丹县', '344', 'S', '2'), ('2968', '620802', '崆峒区', '345', 'K', '2'), ('2969', '620821', '泾川县', '345', 'J', '2'), ('2970', '620822', '灵台县', '345', 'L', '2'), ('2971', '620823', '崇信县', '345', 'C', '2'), ('2972', '620824', '华亭县', '345', 'H', '2'), ('2973', '620825', '庄浪县', '345', 'Z', '2'), ('2974', '620826', '静宁县', '345', 'J', '2'), ('2975', '620902', '肃州区', '346', 'S', '2'), ('2976', '620921', '金塔县', '346', 'J', '2'), ('2977', '620922', '瓜州县', '346', 'G', '2'), ('2978', '620923', '肃北蒙古族自治县', '346', 'S', '2'), ('2979', '620924', '阿克塞哈萨克族自治县', '346', 'A', '2'), ('2980', '620981', '玉门市', '346', 'Y', '2'), ('2981', '620982', '敦煌市', '346', 'D', '2'), ('2982', '621002', '西峰区', '347', 'X', '2'), ('2983', '621021', '庆城县', '347', 'Q', '2'), ('2984', '621022', '环县', '347', 'H', '2'), ('2985', '621023', '华池县', '347', 'H', '2'), ('2986', '621024', '合水县', '347', 'H', '2'), ('2987', '621025', '正宁县', '347', 'Z', '2'), ('2988', '621026', '宁县', '347', 'N', '2'), ('2989', '621027', '镇原县', '347', 'Z', '2'), ('2990', '621102', '安定区', '348', 'A', '2'), ('2991', '621121', '通渭县', '348', 'T', '2'), ('2992', '621122', '陇西县', '348', 'L', '2'), ('2993', '621123', '渭源县', '348', 'W', '2'), ('2994', '621124', '临洮县', '348', 'L', '2'), ('2995', '621125', '漳县', '348', 'Z', '2'), ('2996', '621126', '岷县', '348', 'M', '2'), ('2997', '621202', '武都区', '349', 'W', '2'), ('2998', '621221', '成县', '349', 'C', '2'), ('2999', '621222', '文县', '349', 'W', '2'), ('3000', '621223', '宕昌县', '349', 'D', '2'), ('3001', '621224', '康县', '349', 'K', '2'), ('3002', '621225', '西和县', '349', 'X', '2'), ('3003', '621226', '礼县', '349', 'L', '2'), ('3004', '621227', '徽县', '349', 'H', '2');
INSERT INTO `sys_region` VALUES ('3005', '621228', '两当县', '349', 'L', '2'), ('3006', '622901', '临夏市', '350', 'L', '2'), ('3007', '622921', '临夏县', '350', 'L', '2'), ('3008', '622922', '康乐县', '350', 'K', '2'), ('3009', '622923', '永靖县', '350', 'Y', '2'), ('3010', '622924', '广河县', '350', 'G', '2'), ('3011', '622925', '和政县', '350', 'H', '2'), ('3012', '622926', '东乡族自治县', '350', 'D', '2'), ('3013', '622927', '积石山保安族东乡族撒拉族自治县', '350', 'J', '2'), ('3014', '623001', '合作市', '351', 'H', '2'), ('3015', '623021', '临潭县', '351', 'L', '2'), ('3016', '623022', '卓尼县', '351', 'Z', '2'), ('3017', '623023', '舟曲县', '351', 'Z', '2'), ('3018', '623024', '迭部县', '351', 'D', '2'), ('3019', '623025', '玛曲县', '351', 'M', '2'), ('3020', '623026', '碌曲县', '351', 'L', '2'), ('3021', '623027', '夏河县', '351', 'X', '2'), ('3022', '630102', '城东区', '352', 'C', '2'), ('3023', '630104', '城西区', '352', 'C', '2'), ('3024', '630105', '城北区', '352', 'C', '2'), ('3025', '630121', '大通回族土族自治县', '352', 'D', '2'), ('3026', '630122', '湟中县', '352', 'H', '2'), ('3027', '630123', '湟源县', '352', 'H', '2'), ('3028', '630202', '乐都区', '353', 'L', '2'), ('3029', '630221', '平安县', '353', 'P', '2'), ('3030', '630222', '民和回族土族自治县', '353', 'M', '2'), ('3031', '630223', '互助土族自治县', '353', 'H', '2'), ('3032', '630224', '化隆回族自治县', '353', 'H', '2'), ('3033', '630225', '循化撒拉族自治县', '353', 'X', '2'), ('3034', '632221', '门源回族自治县', '354', 'M', '2'), ('3035', '632222', '祁连县', '354', 'Q', '2'), ('3036', '632223', '海晏县', '354', 'H', '2'), ('3037', '632224', '刚察县', '354', 'G', '2'), ('3038', '632321', '同仁县', '355', 'T', '2'), ('3039', '632322', '尖扎县', '355', 'J', '2'), ('3040', '632323', '泽库县', '355', 'Z', '2'), ('3041', '632324', '河南蒙古族自治县', '355', 'H', '2'), ('3042', '632521', '共和县', '356', 'G', '2'), ('3043', '632522', '同德县', '356', 'T', '2'), ('3044', '632523', '贵德县', '356', 'G', '2'), ('3045', '632524', '兴海县', '356', 'X', '2'), ('3046', '632525', '贵南县', '356', 'G', '2'), ('3047', '632621', '玛沁县', '357', 'M', '2'), ('3048', '632622', '班玛县', '357', 'B', '2'), ('3049', '632623', '甘德县', '357', 'G', '2'), ('3050', '632624', '达日县', '357', 'D', '2'), ('3051', '632625', '久治县', '357', 'J', '2'), ('3052', '632626', '玛多县', '357', 'M', '2'), ('3053', '632701', '玉树市', '358', 'Y', '2'), ('3054', '632722', '杂多县', '358', 'Z', '2'), ('3055', '632723', '称多县', '358', 'C', '2'), ('3056', '632724', '治多县', '358', 'Z', '2'), ('3057', '632725', '囊谦县', '358', 'N', '2'), ('3058', '632726', '曲麻莱县', '358', 'Q', '2'), ('3059', '632801', '格尔木市', '359', 'G', '2'), ('3060', '632802', '德令哈市', '359', 'D', '2'), ('3061', '632821', '乌兰县', '359', 'W', '2'), ('3062', '632822', '都兰县', '359', 'D', '2'), ('3063', '632823', '天峻县', '359', 'T', '2'), ('3064', '640104', '兴庆区', '360', 'X', '2'), ('3065', '640105', '西夏区', '360', 'X', '2'), ('3066', '640106', '金凤区', '360', 'J', '2'), ('3067', '640121', '永宁县', '360', 'Y', '2'), ('3068', '640122', '贺兰县', '360', 'H', '2'), ('3069', '640181', '灵武市', '360', 'L', '2'), ('3070', '640202', '大武口区', '361', 'D', '2'), ('3071', '640205', '惠农区', '361', 'H', '2'), ('3072', '640221', '平罗县', '361', 'P', '2'), ('3073', '640302', '利通区', '362', 'L', '2'), ('3074', '640303', '红寺堡区', '362', 'H', '2'), ('3075', '640323', '盐池县', '362', 'Y', '2'), ('3076', '640324', '同心县', '362', 'T', '2'), ('3077', '640381', '青铜峡市', '362', 'Q', '2'), ('3078', '640402', '原州区', '363', 'Y', '2'), ('3079', '640422', '西吉县', '363', 'X', '2'), ('3080', '640423', '隆德县', '363', 'L', '2'), ('3081', '640424', '泾源县', '363', 'J', '2'), ('3082', '640425', '彭阳县', '363', 'P', '2'), ('3083', '640502', '沙坡头区', '364', 'S', '2'), ('3084', '640521', '中宁县', '364', 'Z', '2'), ('3085', '640522', '海原县', '364', 'H', '2'), ('3086', '650102', '天山区', '365', 'T', '2'), ('3087', '650103', '沙依巴克区', '365', 'S', '2'), ('3088', '650105', '水磨沟区', '365', 'S', '2'), ('3089', '650106', '头屯河区', '365', 'T', '2'), ('3090', '650107', '达坂城区', '365', 'D', '2'), ('3091', '650109', '米东区', '365', 'M', '2'), ('3092', '650121', '乌鲁木齐县', '365', 'W', '2'), ('3093', '650202', '独山子区', '366', 'D', '2'), ('3094', '650203', '克拉玛依区', '366', 'K', '2'), ('3095', '650204', '白碱滩区', '366', 'B', '2'), ('3096', '650205', '乌尔禾区', '366', 'W', '2'), ('3097', '652101', '吐鲁番市', '367', 'T', '2'), ('3098', '652122', '鄯善县', '367', 'S', '2'), ('3099', '652123', '托克逊县', '367', 'T', '2'), ('3100', '652201', '哈密市', '368', 'H', '2'), ('3101', '652222', '巴里坤哈萨克自治县', '368', 'B', '2'), ('3102', '652223', '伊吾县', '368', 'Y', '2'), ('3103', '652301', '昌吉市', '369', 'C', '2'), ('3104', '652302', '阜康市', '369', 'F', '2');
INSERT INTO `sys_region` VALUES ('3105', '652323', '呼图壁县', '369', 'H', '2'), ('3106', '652324', '玛纳斯县', '369', 'M', '2'), ('3107', '652325', '奇台县', '369', 'Q', '2'), ('3108', '652327', '吉木萨尔县', '369', 'J', '2'), ('3109', '652328', '木垒哈萨克自治县', '369', 'M', '2'), ('3110', '652701', '博乐市', '370', 'B', '2'), ('3111', '652702', '阿拉山口市', '370', 'A', '2'), ('3112', '652722', '精河县', '370', 'J', '2'), ('3113', '652723', '温泉县', '370', 'W', '2'), ('3114', '652801', '库尔勒市', '371', 'K', '2'), ('3115', '652822', '轮台县', '371', 'L', '2'), ('3116', '652823', '尉犁县', '371', 'W', '2'), ('3117', '652824', '若羌县', '371', 'R', '2'), ('3118', '652825', '且末县', '371', 'Q', '2'), ('3119', '652826', '焉耆回族自治县', '371', 'Y', '2'), ('3120', '652827', '和静县', '371', 'H', '2'), ('3121', '652828', '和硕县', '371', 'H', '2'), ('3122', '652829', '博湖县', '371', 'B', '2'), ('3123', '652901', '阿克苏市', '372', 'A', '2'), ('3124', '652922', '温宿县', '372', 'W', '2'), ('3125', '652923', '库车县', '372', 'K', '2'), ('3126', '652924', '沙雅县', '372', 'S', '2'), ('3127', '652925', '新和县', '372', 'X', '2'), ('3128', '652926', '拜城县', '372', 'B', '2'), ('3129', '652927', '乌什县', '372', 'W', '2'), ('3130', '652928', '阿瓦提县', '372', 'A', '2'), ('3131', '652929', '柯坪县', '372', 'K', '2'), ('3132', '653001', '阿图什市', '373', 'A', '2'), ('3133', '653022', '阿克陶县', '373', 'A', '2'), ('3134', '653023', '阿合奇县', '373', 'A', '2'), ('3135', '653024', '乌恰县', '373', 'W', '2'), ('3136', '653101', '喀什市', '374', 'K', '2'), ('3137', '653121', '疏附县', '374', 'S', '2'), ('3138', '653122', '疏勒县', '374', 'S', '2'), ('3139', '653123', '英吉沙县', '374', 'Y', '2'), ('3140', '653124', '泽普县', '374', 'Z', '2'), ('3141', '653125', '莎车县', '374', 'S', '2'), ('3142', '653126', '叶城县', '374', 'Y', '2'), ('3143', '653127', '麦盖提县', '374', 'M', '2'), ('3144', '653128', '岳普湖县', '374', 'Y', '2'), ('3145', '653129', '伽师县', '374', 'G', '2'), ('3146', '653130', '巴楚县', '374', 'B', '2'), ('3147', '653131', '塔什库尔干塔吉克自治县', '374', 'T', '2'), ('3148', '653201', '和田市', '375', 'H', '2'), ('3149', '653221', '和田县', '375', 'H', '2'), ('3150', '653222', '墨玉县', '375', 'M', '2'), ('3151', '653223', '皮山县', '375', 'P', '2'), ('3152', '653224', '洛浦县', '375', 'L', '2'), ('3153', '653225', '策勒县', '375', 'C', '2'), ('3154', '653226', '于田县', '375', 'Y', '2'), ('3155', '653227', '民丰县', '375', 'M', '2'), ('3156', '654002', '伊宁市', '376', 'Y', '2'), ('3157', '654003', '奎屯市', '376', 'K', '2'), ('3158', '654021', '伊宁县', '376', 'Y', '2'), ('3159', '654022', '察布查尔锡伯自治县', '376', 'C', '2'), ('3160', '654023', '霍城县', '376', 'H', '2'), ('3161', '654024', '巩留县', '376', 'G', '2'), ('3162', '654025', '新源县', '376', 'X', '2'), ('3163', '654026', '昭苏县', '376', 'Z', '2'), ('3164', '654027', '特克斯县', '376', 'T', '2'), ('3165', '654028', '尼勒克县', '376', 'N', '2'), ('3166', '654201', '塔城市', '377', 'T', '2'), ('3167', '654202', '乌苏市', '377', 'W', '2'), ('3168', '654221', '额敏县', '377', 'E', '2'), ('3169', '654223', '沙湾县', '377', 'S', '2'), ('3170', '654224', '托里县', '377', 'T', '2'), ('3171', '654225', '裕民县', '377', 'Y', '2'), ('3172', '654226', '和布克赛尔蒙古自治县', '377', 'H', '2'), ('3173', '654301', '阿勒泰市', '378', 'A', '2'), ('3174', '654321', '布尔津县', '378', 'B', '2'), ('3175', '654322', '富蕴县', '378', 'F', '2'), ('3176', '654323', '福海县', '378', 'F', '2'), ('3177', '654324', '哈巴河县', '378', 'H', '2'), ('3178', '654325', '青河县', '378', 'Q', '2'), ('3179', '654326', '吉木乃县', '378', 'J', '2'), ('3180', '659001', '石河子市', '379', 'S', '2'), ('3181', '659002', '阿拉尔市', '379', 'A', '2'), ('3182', '659003', '图木舒克市', '379', 'T', '2'), ('3183', '659004', '五家渠市', '379', 'W', '2'), ('3184', '440305', '南山区', '236', 'N', '2'), ('3185', '441502', '城区', '246', 'C', '2');
COMMIT;

-- ----------------------------
-- Table structure for `sys_role`
-- ----------------------------
DROP TABLE IF EXISTS `sys_role`;
CREATE TABLE `sys_role` (
`role_id`  varchar(50) NOT NULL ,
`role_name`  text NULL ,
`mark`  varchar(50) NULL ,
`org_id`  varchar(50) NULL ,
`deleted`  char(1) NULL ,
`is_action`  char(1) NULL ,
PRIMARY KEY (`role_id`)
)

;

-- ----------------------------
-- Records of SYS_ROLE
-- ----------------------------
BEGIN;
INSERT INTO `sys_role` VALUES ('bb1cff19-4f53-47e0-85e8-4112a5be6a87', 'admin12', '1212', null, 'Y', 'N'), ('9420e12c-3003-441a-be79-d2d6f61e5478', '系统管理人员', '不可删除', null, 'N', 'Y'), ('0664ef6a-bfa6-4a66-b876-63defcd388cd', '普通人员', '普通人员', null, 'N', 'Y'), ('198c544e-6794-4d4d-b94f-ef5f17d1901f', 'aa', '12', null, 'Y', 'Y'), ('a1a1fb5b-12ee-4558-b822-5b58d26b205b', '存储', 'qw', null, 'Y', 'Y'), ('3b882e08-78c5-4f20-943c-b9e36c691f01', '12', '12', null, 'Y', 'Y'), ('b505dd9d-9809-4129-917f-1526436ddf75', '测试1', null, null, 'Y', 'Y'), ('1c154cd4-4efd-482e-a039-05d5a98ec899', '测试2', null, null, 'Y', 'Y'), ('e7e2bbe9-d63d-4fe0-88b1-e99fabdd31bc', '1212', '12', null, 'Y', 'Y'), ('120a4f70-1be6-4888-9c66-edaf8979f906', 'TT', null, null, 'Y', 'N'), ('25535eae-c976-4ada-9040-e9602a67b463', '新的', '？asdfasdf', null, 'Y', 'Y'), ('f4749e47-7bd0-4a8a-a412-38c800daaa62', 'abc', '2', null, 'Y', 'N'), ('2ea5b10d-d0db-46e8-8d60-0df175cb39f3', '开发人员', null, null, 'N', 'Y'), ('2c401418-9098-4e74-b0e2-a9458200c2b8', 'AAA', '嗷嗷', null, 'Y', 'Y'), ('b462b6b4-9312-41cf-bede-9b815833483d', '12', null, null, 'Y', 'Y'), ('f8363c80-7384-4935-bcbe-f65311e4b4b8', 'ttas222', '阿斯顿发2', null, 'Y', 'N'), ('815f9d61-38bd-4ee9-a603-011f3864ac9f', '开发人员', '开发人员', null, 'Y', 'Y'), ('62227c4f-b6e1-4eb1-800d-557c363008bb', '测试角色', '无意义', null, 'Y', 'Y');
COMMIT;

-- ----------------------------
-- Table structure for `sys_role_module`
-- ----------------------------
DROP TABLE IF EXISTS `sys_role_module`;
CREATE TABLE `sys_role_module` (
`role_id`  varchar(50) NULL ,
`module_id`  varchar(50) NULL 
)

;

-- ----------------------------
-- Records of SYS_ROLE_MODULE
-- ----------------------------
BEGIN;
INSERT INTO `sys_role_module` VALUES ('815f9d61-38bd-4ee9-a603-011f3864ac9f', '20'), ('815f9d61-38bd-4ee9-a603-011f3864ac9f', '29'), ('b505dd9d-9809-4129-917f-1526436ddf75', '27'), ('b505dd9d-9809-4129-917f-1526436ddf75', '62'), ('b505dd9d-9809-4129-917f-1526436ddf75', '4'), ('b505dd9d-9809-4129-917f-1526436ddf75', '63'), ('b505dd9d-9809-4129-917f-1526436ddf75', '65'), ('b505dd9d-9809-4129-917f-1526436ddf75', '66'), ('b505dd9d-9809-4129-917f-1526436ddf75', '67'), ('b505dd9d-9809-4129-917f-1526436ddf75', '68'), ('b505dd9d-9809-4129-917f-1526436ddf75', '69'), ('815f9d61-38bd-4ee9-a603-011f3864ac9f', '31'), ('815f9d61-38bd-4ee9-a603-011f3864ac9f', '36'), ('815f9d61-38bd-4ee9-a603-011f3864ac9f', '44'), ('815f9d61-38bd-4ee9-a603-011f3864ac9f', '46'), ('815f9d61-38bd-4ee9-a603-011f3864ac9f', '8'), ('815f9d61-38bd-4ee9-a603-011f3864ac9f', '16'), ('815f9d61-38bd-4ee9-a603-011f3864ac9f', '56'), ('9420e12c-3003-441a-be79-d2d6f61e5478', '114'), ('9420e12c-3003-441a-be79-d2d6f61e5478', '116'), ('9420e12c-3003-441a-be79-d2d6f61e5478', '117'), ('9420e12c-3003-441a-be79-d2d6f61e5478', '118'), ('9420e12c-3003-441a-be79-d2d6f61e5478', '119'), ('9420e12c-3003-441a-be79-d2d6f61e5478', '120'), ('9420e12c-3003-441a-be79-d2d6f61e5478', '121'), ('9420e12c-3003-441a-be79-d2d6f61e5478', '122'), ('9420e12c-3003-441a-be79-d2d6f61e5478', '123'), ('9420e12c-3003-441a-be79-d2d6f61e5478', '124'), ('9420e12c-3003-441a-be79-d2d6f61e5478', '125'), ('9420e12c-3003-441a-be79-d2d6f61e5478', '147'), ('9420e12c-3003-441a-be79-d2d6f61e5478', '148'), ('9420e12c-3003-441a-be79-d2d6f61e5478', '149'), ('9420e12c-3003-441a-be79-d2d6f61e5478', '150'), ('9420e12c-3003-441a-be79-d2d6f61e5478', '151'), ('9420e12c-3003-441a-be79-d2d6f61e5478', '152'), ('9420e12c-3003-441a-be79-d2d6f61e5478', '153'), ('9420e12c-3003-441a-be79-d2d6f61e5478', '163'), ('9420e12c-3003-441a-be79-d2d6f61e5478', '164'), ('9420e12c-3003-441a-be79-d2d6f61e5478', '71'), ('9420e12c-3003-441a-be79-d2d6f61e5478', '72'), ('9420e12c-3003-441a-be79-d2d6f61e5478', '165'), ('9420e12c-3003-441a-be79-d2d6f61e5478', '166'), ('9420e12c-3003-441a-be79-d2d6f61e5478', '167'), ('9420e12c-3003-441a-be79-d2d6f61e5478', '169'), ('9420e12c-3003-441a-be79-d2d6f61e5478', '171'), ('9420e12c-3003-441a-be79-d2d6f61e5478', '99'), ('9420e12c-3003-441a-be79-d2d6f61e5478', '100'), ('9420e12c-3003-441a-be79-d2d6f61e5478', '101'), ('9420e12c-3003-441a-be79-d2d6f61e5478', '56'), ('9420e12c-3003-441a-be79-d2d6f61e5478', '16'), ('9420e12c-3003-441a-be79-d2d6f61e5478', '92'), ('815f9d61-38bd-4ee9-a603-011f3864ac9f', '4'), ('815f9d61-38bd-4ee9-a603-011f3864ac9f', '22'), ('9420e12c-3003-441a-be79-d2d6f61e5478', '157'), ('815f9d61-38bd-4ee9-a603-011f3864ac9f', '27'), ('9420e12c-3003-441a-be79-d2d6f61e5478', '22'), ('9420e12c-3003-441a-be79-d2d6f61e5478', '93'), ('9420e12c-3003-441a-be79-d2d6f61e5478', '98'), ('9420e12c-3003-441a-be79-d2d6f61e5478', '85'), ('9420e12c-3003-441a-be79-d2d6f61e5478', '66'), ('815f9d61-38bd-4ee9-a603-011f3864ac9f', '3'), ('815f9d61-38bd-4ee9-a603-011f3864ac9f', '42'), ('815f9d61-38bd-4ee9-a603-011f3864ac9f', '43'), ('815f9d61-38bd-4ee9-a603-011f3864ac9f', '58'), ('815f9d61-38bd-4ee9-a603-011f3864ac9f', '59'), ('9420e12c-3003-441a-be79-d2d6f61e5478', '69'), ('9420e12c-3003-441a-be79-d2d6f61e5478', '63'), ('9420e12c-3003-441a-be79-d2d6f61e5478', '27'), ('9420e12c-3003-441a-be79-d2d6f61e5478', '68'), ('9420e12c-3003-441a-be79-d2d6f61e5478', '67'), ('9420e12c-3003-441a-be79-d2d6f61e5478', '57'), ('9420e12c-3003-441a-be79-d2d6f61e5478', '70'), ('9420e12c-3003-441a-be79-d2d6f61e5478', '156'), ('9420e12c-3003-441a-be79-d2d6f61e5478', '52'), ('9420e12c-3003-441a-be79-d2d6f61e5478', '34'), ('9420e12c-3003-441a-be79-d2d6f61e5478', '35'), ('9420e12c-3003-441a-be79-d2d6f61e5478', '133'), ('9420e12c-3003-441a-be79-d2d6f61e5478', '134'), ('9420e12c-3003-441a-be79-d2d6f61e5478', '135'), ('9420e12c-3003-441a-be79-d2d6f61e5478', '136'), ('9420e12c-3003-441a-be79-d2d6f61e5478', '96'), ('9420e12c-3003-441a-be79-d2d6f61e5478', '154'), ('9420e12c-3003-441a-be79-d2d6f61e5478', '155'), ('9420e12c-3003-441a-be79-d2d6f61e5478', '90'), ('9420e12c-3003-441a-be79-d2d6f61e5478', '91'), ('9420e12c-3003-441a-be79-d2d6f61e5478', '143'), ('9420e12c-3003-441a-be79-d2d6f61e5478', '78'), ('9420e12c-3003-441a-be79-d2d6f61e5478', '87'), ('9420e12c-3003-441a-be79-d2d6f61e5478', '17'), ('9420e12c-3003-441a-be79-d2d6f61e5478', '88'), ('9420e12c-3003-441a-be79-d2d6f61e5478', '112'), ('9420e12c-3003-441a-be79-d2d6f61e5478', '111'), ('9420e12c-3003-441a-be79-d2d6f61e5478', '110'), ('9420e12c-3003-441a-be79-d2d6f61e5478', '109'), ('9420e12c-3003-441a-be79-d2d6f61e5478', '108'), ('9420e12c-3003-441a-be79-d2d6f61e5478', '107'), ('9420e12c-3003-441a-be79-d2d6f61e5478', '106'), ('9420e12c-3003-441a-be79-d2d6f61e5478', '77'), ('9420e12c-3003-441a-be79-d2d6f61e5478', '65'), ('9420e12c-3003-441a-be79-d2d6f61e5478', '86');
INSERT INTO `sys_role_module` VALUES ('9420e12c-3003-441a-be79-d2d6f61e5478', '137'), ('9420e12c-3003-441a-be79-d2d6f61e5478', '128'), ('9420e12c-3003-441a-be79-d2d6f61e5478', '62'), ('9420e12c-3003-441a-be79-d2d6f61e5478', '4'), ('9420e12c-3003-441a-be79-d2d6f61e5478', '127'), ('9420e12c-3003-441a-be79-d2d6f61e5478', '104'), ('9420e12c-3003-441a-be79-d2d6f61e5478', '105'), ('9420e12c-3003-441a-be79-d2d6f61e5478', '146'), ('9420e12c-3003-441a-be79-d2d6f61e5478', '141'), ('9420e12c-3003-441a-be79-d2d6f61e5478', '139'), ('9420e12c-3003-441a-be79-d2d6f61e5478', '113'), ('9420e12c-3003-441a-be79-d2d6f61e5478', '76'), ('9420e12c-3003-441a-be79-d2d6f61e5478', '142'), ('9420e12c-3003-441a-be79-d2d6f61e5478', '89'), ('9420e12c-3003-441a-be79-d2d6f61e5478', '2'), ('9420e12c-3003-441a-be79-d2d6f61e5478', '129'), ('9420e12c-3003-441a-be79-d2d6f61e5478', '131'), ('9420e12c-3003-441a-be79-d2d6f61e5478', '3'), ('9420e12c-3003-441a-be79-d2d6f61e5478', '140'), ('9420e12c-3003-441a-be79-d2d6f61e5478', '126'), ('2ea5b10d-d0db-46e8-8d60-0df175cb39f3', '2'), ('2ea5b10d-d0db-46e8-8d60-0df175cb39f3', '3'), ('2ea5b10d-d0db-46e8-8d60-0df175cb39f3', '16'), ('2ea5b10d-d0db-46e8-8d60-0df175cb39f3', '17'), ('2ea5b10d-d0db-46e8-8d60-0df175cb39f3', '22'), ('2ea5b10d-d0db-46e8-8d60-0df175cb39f3', '56'), ('2ea5b10d-d0db-46e8-8d60-0df175cb39f3', '57'), ('2ea5b10d-d0db-46e8-8d60-0df175cb39f3', '70'), ('2ea5b10d-d0db-46e8-8d60-0df175cb39f3', '76'), ('2ea5b10d-d0db-46e8-8d60-0df175cb39f3', '77'), ('2ea5b10d-d0db-46e8-8d60-0df175cb39f3', '78'), ('2ea5b10d-d0db-46e8-8d60-0df175cb39f3', '86'), ('2ea5b10d-d0db-46e8-8d60-0df175cb39f3', '87'), ('2ea5b10d-d0db-46e8-8d60-0df175cb39f3', '88'), ('2ea5b10d-d0db-46e8-8d60-0df175cb39f3', '89'), ('2ea5b10d-d0db-46e8-8d60-0df175cb39f3', '90'), ('2ea5b10d-d0db-46e8-8d60-0df175cb39f3', '91'), ('2ea5b10d-d0db-46e8-8d60-0df175cb39f3', '96'), ('2ea5b10d-d0db-46e8-8d60-0df175cb39f3', '113'), ('9420e12c-3003-441a-be79-d2d6f61e5478', '33'), ('9420e12c-3003-441a-be79-d2d6f61e5478', '103'), ('9420e12c-3003-441a-be79-d2d6f61e5478', '102'), ('2ea5b10d-d0db-46e8-8d60-0df175cb39f3', '126'), ('2ea5b10d-d0db-46e8-8d60-0df175cb39f3', '127'), ('2ea5b10d-d0db-46e8-8d60-0df175cb39f3', '128'), ('2ea5b10d-d0db-46e8-8d60-0df175cb39f3', '129'), ('2ea5b10d-d0db-46e8-8d60-0df175cb39f3', '130'), ('2ea5b10d-d0db-46e8-8d60-0df175cb39f3', '131'), ('2ea5b10d-d0db-46e8-8d60-0df175cb39f3', '133'), ('2ea5b10d-d0db-46e8-8d60-0df175cb39f3', '134'), ('2ea5b10d-d0db-46e8-8d60-0df175cb39f3', '135'), ('2ea5b10d-d0db-46e8-8d60-0df175cb39f3', '136'), ('2ea5b10d-d0db-46e8-8d60-0df175cb39f3', '137'), ('2ea5b10d-d0db-46e8-8d60-0df175cb39f3', '138'), ('2ea5b10d-d0db-46e8-8d60-0df175cb39f3', '139'), ('2ea5b10d-d0db-46e8-8d60-0df175cb39f3', '140'), ('2ea5b10d-d0db-46e8-8d60-0df175cb39f3', '141'), ('2ea5b10d-d0db-46e8-8d60-0df175cb39f3', '142'), ('2ea5b10d-d0db-46e8-8d60-0df175cb39f3', '143'), ('2ea5b10d-d0db-46e8-8d60-0df175cb39f3', '146'), ('2ea5b10d-d0db-46e8-8d60-0df175cb39f3', '154'), ('2ea5b10d-d0db-46e8-8d60-0df175cb39f3', '155'), ('2ea5b10d-d0db-46e8-8d60-0df175cb39f3', '156'), ('2ea5b10d-d0db-46e8-8d60-0df175cb39f3', '157'), ('9420e12c-3003-441a-be79-d2d6f61e5478', '173'), ('9420e12c-3003-441a-be79-d2d6f61e5478', '174'), ('815f9d61-38bd-4ee9-a603-011f3864ac9f', '21'), ('815f9d61-38bd-4ee9-a603-011f3864ac9f', '2'), ('815f9d61-38bd-4ee9-a603-011f3864ac9f', '17'), ('815f9d61-38bd-4ee9-a603-011f3864ac9f', '33'), ('815f9d61-38bd-4ee9-a603-011f3864ac9f', '41'), ('815f9d61-38bd-4ee9-a603-011f3864ac9f', '47'), ('815f9d61-38bd-4ee9-a603-011f3864ac9f', '57'), ('2ea5b10d-d0db-46e8-8d60-0df175cb39f3', '4'), ('2ea5b10d-d0db-46e8-8d60-0df175cb39f3', '27'), ('2ea5b10d-d0db-46e8-8d60-0df175cb39f3', '33'), ('2ea5b10d-d0db-46e8-8d60-0df175cb39f3', '34'), ('2ea5b10d-d0db-46e8-8d60-0df175cb39f3', '35'), ('2ea5b10d-d0db-46e8-8d60-0df175cb39f3', '52'), ('2ea5b10d-d0db-46e8-8d60-0df175cb39f3', '62'), ('2ea5b10d-d0db-46e8-8d60-0df175cb39f3', '63'), ('2ea5b10d-d0db-46e8-8d60-0df175cb39f3', '65'), ('2ea5b10d-d0db-46e8-8d60-0df175cb39f3', '66'), ('2ea5b10d-d0db-46e8-8d60-0df175cb39f3', '67'), ('2ea5b10d-d0db-46e8-8d60-0df175cb39f3', '68'), ('2ea5b10d-d0db-46e8-8d60-0df175cb39f3', '69'), ('2ea5b10d-d0db-46e8-8d60-0df175cb39f3', '71'), ('2ea5b10d-d0db-46e8-8d60-0df175cb39f3', '72'), ('2ea5b10d-d0db-46e8-8d60-0df175cb39f3', '84'), ('2ea5b10d-d0db-46e8-8d60-0df175cb39f3', '85'), ('2ea5b10d-d0db-46e8-8d60-0df175cb39f3', '95'), ('2ea5b10d-d0db-46e8-8d60-0df175cb39f3', '99'), ('2ea5b10d-d0db-46e8-8d60-0df175cb39f3', '100'), ('2ea5b10d-d0db-46e8-8d60-0df175cb39f3', '101'), ('2ea5b10d-d0db-46e8-8d60-0df175cb39f3', '102'), ('2ea5b10d-d0db-46e8-8d60-0df175cb39f3', '103'), ('2ea5b10d-d0db-46e8-8d60-0df175cb39f3', '104'), ('2ea5b10d-d0db-46e8-8d60-0df175cb39f3', '105'), ('2ea5b10d-d0db-46e8-8d60-0df175cb39f3', '106'), ('2ea5b10d-d0db-46e8-8d60-0df175cb39f3', '107');
INSERT INTO `sys_role_module` VALUES ('2ea5b10d-d0db-46e8-8d60-0df175cb39f3', '108'), ('2ea5b10d-d0db-46e8-8d60-0df175cb39f3', '109'), ('2ea5b10d-d0db-46e8-8d60-0df175cb39f3', '110'), ('2ea5b10d-d0db-46e8-8d60-0df175cb39f3', '111'), ('2ea5b10d-d0db-46e8-8d60-0df175cb39f3', '112'), ('a1a1fb5b-12ee-4558-b822-5b58d26b205b', '79'), ('815f9d61-38bd-4ee9-a603-011f3864ac9f', '49'), ('a1a1fb5b-12ee-4558-b822-5b58d26b205b', '80'), ('9420e12c-3003-441a-be79-d2d6f61e5478', '79'), ('9420e12c-3003-441a-be79-d2d6f61e5478', '144'), ('9420e12c-3003-441a-be79-d2d6f61e5478', '145'), ('815f9d61-38bd-4ee9-a603-011f3864ac9f', '18'), ('815f9d61-38bd-4ee9-a603-011f3864ac9f', '34'), ('f4749e47-7bd0-4a8a-a412-38c800daaa62', '2'), ('f4749e47-7bd0-4a8a-a412-38c800daaa62', '8'), ('f4749e47-7bd0-4a8a-a412-38c800daaa62', '11'), ('f4749e47-7bd0-4a8a-a412-38c800daaa62', '18'), ('f4749e47-7bd0-4a8a-a412-38c800daaa62', '19'), ('f4749e47-7bd0-4a8a-a412-38c800daaa62', '20'), ('f4749e47-7bd0-4a8a-a412-38c800daaa62', '21'), ('f4749e47-7bd0-4a8a-a412-38c800daaa62', '22'), ('f4749e47-7bd0-4a8a-a412-38c800daaa62', '31'), ('f4749e47-7bd0-4a8a-a412-38c800daaa62', '33'), ('f4749e47-7bd0-4a8a-a412-38c800daaa62', '34'), ('f4749e47-7bd0-4a8a-a412-38c800daaa62', '35'), ('f4749e47-7bd0-4a8a-a412-38c800daaa62', '47'), ('f4749e47-7bd0-4a8a-a412-38c800daaa62', '49'), ('f4749e47-7bd0-4a8a-a412-38c800daaa62', '52'), ('f4749e47-7bd0-4a8a-a412-38c800daaa62', '57'), ('f4749e47-7bd0-4a8a-a412-38c800daaa62', '70'), ('f4749e47-7bd0-4a8a-a412-38c800daaa62', '71'), ('f4749e47-7bd0-4a8a-a412-38c800daaa62', '72'), ('0664ef6a-bfa6-4a66-b876-63defcd388cd', '67'), ('815f9d61-38bd-4ee9-a603-011f3864ac9f', '30'), ('815f9d61-38bd-4ee9-a603-011f3864ac9f', '35'), ('0664ef6a-bfa6-4a66-b876-63defcd388cd', '27'), ('815f9d61-38bd-4ee9-a603-011f3864ac9f', '45'), ('815f9d61-38bd-4ee9-a603-011f3864ac9f', '52'), ('0664ef6a-bfa6-4a66-b876-63defcd388cd', '68'), ('815f9d61-38bd-4ee9-a603-011f3864ac9f', '11'), ('815f9d61-38bd-4ee9-a603-011f3864ac9f', '19'), ('0664ef6a-bfa6-4a66-b876-63defcd388cd', '99'), ('0664ef6a-bfa6-4a66-b876-63defcd388cd', '100'), ('0664ef6a-bfa6-4a66-b876-63defcd388cd', '101'), ('0664ef6a-bfa6-4a66-b876-63defcd388cd', '17'), ('0664ef6a-bfa6-4a66-b876-63defcd388cd', '16'), ('0664ef6a-bfa6-4a66-b876-63defcd388cd', '133'), ('0664ef6a-bfa6-4a66-b876-63defcd388cd', '134'), ('0664ef6a-bfa6-4a66-b876-63defcd388cd', '135'), ('0664ef6a-bfa6-4a66-b876-63defcd388cd', '136'), ('0664ef6a-bfa6-4a66-b876-63defcd388cd', '96'), ('0664ef6a-bfa6-4a66-b876-63defcd388cd', '90'), ('0664ef6a-bfa6-4a66-b876-63defcd388cd', '91'), ('0664ef6a-bfa6-4a66-b876-63defcd388cd', '78'), ('0664ef6a-bfa6-4a66-b876-63defcd388cd', '87'), ('0664ef6a-bfa6-4a66-b876-63defcd388cd', '88'), ('0664ef6a-bfa6-4a66-b876-63defcd388cd', '86'), ('0664ef6a-bfa6-4a66-b876-63defcd388cd', '129');
COMMIT;

-- ----------------------------
-- Table structure for `sys_role_module_bak`
-- ----------------------------
DROP TABLE IF EXISTS `sys_role_module_bak`;
CREATE TABLE `sys_role_module_bak` (
`role_id`  varchar(50) NULL ,
`module_id`  decimal(5,0) NULL 
)

;

-- ----------------------------
-- Records of SYS_ROLE_MODULE_BAK
-- ----------------------------
BEGIN;
INSERT INTO `sys_role_module_bak` VALUES ('815f9d61-38bd-4ee9-a603-011f3864ac9f', '20'), ('815f9d61-38bd-4ee9-a603-011f3864ac9f', '29'), ('b505dd9d-9809-4129-917f-1526436ddf75', '27'), ('b505dd9d-9809-4129-917f-1526436ddf75', '62'), ('b505dd9d-9809-4129-917f-1526436ddf75', '4'), ('b505dd9d-9809-4129-917f-1526436ddf75', '63'), ('b505dd9d-9809-4129-917f-1526436ddf75', '65'), ('b505dd9d-9809-4129-917f-1526436ddf75', '66'), ('b505dd9d-9809-4129-917f-1526436ddf75', '67'), ('b505dd9d-9809-4129-917f-1526436ddf75', '68'), ('b505dd9d-9809-4129-917f-1526436ddf75', '69'), ('815f9d61-38bd-4ee9-a603-011f3864ac9f', '31'), ('815f9d61-38bd-4ee9-a603-011f3864ac9f', '36'), ('815f9d61-38bd-4ee9-a603-011f3864ac9f', '44'), ('815f9d61-38bd-4ee9-a603-011f3864ac9f', '46'), ('815f9d61-38bd-4ee9-a603-011f3864ac9f', '8'), ('815f9d61-38bd-4ee9-a603-011f3864ac9f', '16'), ('815f9d61-38bd-4ee9-a603-011f3864ac9f', '56'), ('9420e12c-3003-441a-be79-d2d6f61e5478', '114'), ('9420e12c-3003-441a-be79-d2d6f61e5478', '116'), ('9420e12c-3003-441a-be79-d2d6f61e5478', '117'), ('9420e12c-3003-441a-be79-d2d6f61e5478', '118'), ('9420e12c-3003-441a-be79-d2d6f61e5478', '119'), ('9420e12c-3003-441a-be79-d2d6f61e5478', '120'), ('9420e12c-3003-441a-be79-d2d6f61e5478', '121'), ('9420e12c-3003-441a-be79-d2d6f61e5478', '122'), ('9420e12c-3003-441a-be79-d2d6f61e5478', '123'), ('9420e12c-3003-441a-be79-d2d6f61e5478', '124'), ('9420e12c-3003-441a-be79-d2d6f61e5478', '125'), ('9420e12c-3003-441a-be79-d2d6f61e5478', '147'), ('9420e12c-3003-441a-be79-d2d6f61e5478', '148'), ('9420e12c-3003-441a-be79-d2d6f61e5478', '149'), ('9420e12c-3003-441a-be79-d2d6f61e5478', '150'), ('9420e12c-3003-441a-be79-d2d6f61e5478', '151'), ('9420e12c-3003-441a-be79-d2d6f61e5478', '152'), ('9420e12c-3003-441a-be79-d2d6f61e5478', '153'), ('9420e12c-3003-441a-be79-d2d6f61e5478', '163'), ('9420e12c-3003-441a-be79-d2d6f61e5478', '164'), ('9420e12c-3003-441a-be79-d2d6f61e5478', '71'), ('9420e12c-3003-441a-be79-d2d6f61e5478', '72'), ('9420e12c-3003-441a-be79-d2d6f61e5478', '165'), ('9420e12c-3003-441a-be79-d2d6f61e5478', '166'), ('9420e12c-3003-441a-be79-d2d6f61e5478', '167'), ('9420e12c-3003-441a-be79-d2d6f61e5478', '169'), ('9420e12c-3003-441a-be79-d2d6f61e5478', '171'), ('9420e12c-3003-441a-be79-d2d6f61e5478', '99'), ('9420e12c-3003-441a-be79-d2d6f61e5478', '100'), ('9420e12c-3003-441a-be79-d2d6f61e5478', '101'), ('9420e12c-3003-441a-be79-d2d6f61e5478', '56'), ('9420e12c-3003-441a-be79-d2d6f61e5478', '16'), ('9420e12c-3003-441a-be79-d2d6f61e5478', '92'), ('815f9d61-38bd-4ee9-a603-011f3864ac9f', '4'), ('815f9d61-38bd-4ee9-a603-011f3864ac9f', '22'), ('9420e12c-3003-441a-be79-d2d6f61e5478', '157'), ('815f9d61-38bd-4ee9-a603-011f3864ac9f', '27'), ('9420e12c-3003-441a-be79-d2d6f61e5478', '22'), ('9420e12c-3003-441a-be79-d2d6f61e5478', '93'), ('9420e12c-3003-441a-be79-d2d6f61e5478', '98'), ('9420e12c-3003-441a-be79-d2d6f61e5478', '85'), ('9420e12c-3003-441a-be79-d2d6f61e5478', '66'), ('815f9d61-38bd-4ee9-a603-011f3864ac9f', '3'), ('815f9d61-38bd-4ee9-a603-011f3864ac9f', '42'), ('815f9d61-38bd-4ee9-a603-011f3864ac9f', '43'), ('815f9d61-38bd-4ee9-a603-011f3864ac9f', '58'), ('815f9d61-38bd-4ee9-a603-011f3864ac9f', '59'), ('9420e12c-3003-441a-be79-d2d6f61e5478', '69'), ('9420e12c-3003-441a-be79-d2d6f61e5478', '63'), ('9420e12c-3003-441a-be79-d2d6f61e5478', '27'), ('9420e12c-3003-441a-be79-d2d6f61e5478', '68'), ('9420e12c-3003-441a-be79-d2d6f61e5478', '67'), ('9420e12c-3003-441a-be79-d2d6f61e5478', '57'), ('9420e12c-3003-441a-be79-d2d6f61e5478', '70'), ('9420e12c-3003-441a-be79-d2d6f61e5478', '156'), ('9420e12c-3003-441a-be79-d2d6f61e5478', '52'), ('9420e12c-3003-441a-be79-d2d6f61e5478', '34'), ('9420e12c-3003-441a-be79-d2d6f61e5478', '35'), ('9420e12c-3003-441a-be79-d2d6f61e5478', '133'), ('9420e12c-3003-441a-be79-d2d6f61e5478', '134'), ('9420e12c-3003-441a-be79-d2d6f61e5478', '135'), ('9420e12c-3003-441a-be79-d2d6f61e5478', '136'), ('9420e12c-3003-441a-be79-d2d6f61e5478', '96'), ('9420e12c-3003-441a-be79-d2d6f61e5478', '154'), ('9420e12c-3003-441a-be79-d2d6f61e5478', '155'), ('9420e12c-3003-441a-be79-d2d6f61e5478', '90'), ('9420e12c-3003-441a-be79-d2d6f61e5478', '91'), ('9420e12c-3003-441a-be79-d2d6f61e5478', '143'), ('9420e12c-3003-441a-be79-d2d6f61e5478', '78'), ('9420e12c-3003-441a-be79-d2d6f61e5478', '87'), ('9420e12c-3003-441a-be79-d2d6f61e5478', '17'), ('9420e12c-3003-441a-be79-d2d6f61e5478', '88'), ('9420e12c-3003-441a-be79-d2d6f61e5478', '112'), ('9420e12c-3003-441a-be79-d2d6f61e5478', '111'), ('9420e12c-3003-441a-be79-d2d6f61e5478', '110'), ('9420e12c-3003-441a-be79-d2d6f61e5478', '109'), ('9420e12c-3003-441a-be79-d2d6f61e5478', '108'), ('9420e12c-3003-441a-be79-d2d6f61e5478', '107'), ('9420e12c-3003-441a-be79-d2d6f61e5478', '106'), ('9420e12c-3003-441a-be79-d2d6f61e5478', '77'), ('9420e12c-3003-441a-be79-d2d6f61e5478', '65'), ('9420e12c-3003-441a-be79-d2d6f61e5478', '86');
INSERT INTO `sys_role_module_bak` VALUES ('9420e12c-3003-441a-be79-d2d6f61e5478', '137'), ('9420e12c-3003-441a-be79-d2d6f61e5478', '128'), ('9420e12c-3003-441a-be79-d2d6f61e5478', '62'), ('9420e12c-3003-441a-be79-d2d6f61e5478', '4'), ('9420e12c-3003-441a-be79-d2d6f61e5478', '127'), ('9420e12c-3003-441a-be79-d2d6f61e5478', '104'), ('9420e12c-3003-441a-be79-d2d6f61e5478', '105'), ('9420e12c-3003-441a-be79-d2d6f61e5478', '146'), ('9420e12c-3003-441a-be79-d2d6f61e5478', '141'), ('9420e12c-3003-441a-be79-d2d6f61e5478', '139'), ('9420e12c-3003-441a-be79-d2d6f61e5478', '113'), ('9420e12c-3003-441a-be79-d2d6f61e5478', '76'), ('9420e12c-3003-441a-be79-d2d6f61e5478', '142'), ('9420e12c-3003-441a-be79-d2d6f61e5478', '89'), ('9420e12c-3003-441a-be79-d2d6f61e5478', '2'), ('9420e12c-3003-441a-be79-d2d6f61e5478', '129'), ('9420e12c-3003-441a-be79-d2d6f61e5478', '131'), ('9420e12c-3003-441a-be79-d2d6f61e5478', '3'), ('9420e12c-3003-441a-be79-d2d6f61e5478', '140'), ('9420e12c-3003-441a-be79-d2d6f61e5478', '126'), ('9420e12c-3003-441a-be79-d2d6f61e5478', '33'), ('9420e12c-3003-441a-be79-d2d6f61e5478', '103'), ('9420e12c-3003-441a-be79-d2d6f61e5478', '102'), ('815f9d61-38bd-4ee9-a603-011f3864ac9f', '21'), ('815f9d61-38bd-4ee9-a603-011f3864ac9f', '2'), ('815f9d61-38bd-4ee9-a603-011f3864ac9f', '17'), ('815f9d61-38bd-4ee9-a603-011f3864ac9f', '33'), ('815f9d61-38bd-4ee9-a603-011f3864ac9f', '41'), ('815f9d61-38bd-4ee9-a603-011f3864ac9f', '47'), ('815f9d61-38bd-4ee9-a603-011f3864ac9f', '57'), ('2ea5b10d-d0db-46e8-8d60-0df175cb39f3', '2'), ('2ea5b10d-d0db-46e8-8d60-0df175cb39f3', '3'), ('2ea5b10d-d0db-46e8-8d60-0df175cb39f3', '4'), ('2ea5b10d-d0db-46e8-8d60-0df175cb39f3', '16'), ('2ea5b10d-d0db-46e8-8d60-0df175cb39f3', '17'), ('2ea5b10d-d0db-46e8-8d60-0df175cb39f3', '22'), ('2ea5b10d-d0db-46e8-8d60-0df175cb39f3', '27'), ('2ea5b10d-d0db-46e8-8d60-0df175cb39f3', '33'), ('2ea5b10d-d0db-46e8-8d60-0df175cb39f3', '34'), ('2ea5b10d-d0db-46e8-8d60-0df175cb39f3', '35'), ('2ea5b10d-d0db-46e8-8d60-0df175cb39f3', '52'), ('2ea5b10d-d0db-46e8-8d60-0df175cb39f3', '56'), ('2ea5b10d-d0db-46e8-8d60-0df175cb39f3', '57'), ('2ea5b10d-d0db-46e8-8d60-0df175cb39f3', '62'), ('2ea5b10d-d0db-46e8-8d60-0df175cb39f3', '63'), ('2ea5b10d-d0db-46e8-8d60-0df175cb39f3', '65'), ('2ea5b10d-d0db-46e8-8d60-0df175cb39f3', '66'), ('2ea5b10d-d0db-46e8-8d60-0df175cb39f3', '67'), ('2ea5b10d-d0db-46e8-8d60-0df175cb39f3', '68'), ('2ea5b10d-d0db-46e8-8d60-0df175cb39f3', '69'), ('2ea5b10d-d0db-46e8-8d60-0df175cb39f3', '70'), ('2ea5b10d-d0db-46e8-8d60-0df175cb39f3', '71'), ('2ea5b10d-d0db-46e8-8d60-0df175cb39f3', '72'), ('2ea5b10d-d0db-46e8-8d60-0df175cb39f3', '76'), ('2ea5b10d-d0db-46e8-8d60-0df175cb39f3', '77'), ('2ea5b10d-d0db-46e8-8d60-0df175cb39f3', '78'), ('2ea5b10d-d0db-46e8-8d60-0df175cb39f3', '84'), ('2ea5b10d-d0db-46e8-8d60-0df175cb39f3', '85'), ('2ea5b10d-d0db-46e8-8d60-0df175cb39f3', '86'), ('2ea5b10d-d0db-46e8-8d60-0df175cb39f3', '87'), ('2ea5b10d-d0db-46e8-8d60-0df175cb39f3', '88'), ('2ea5b10d-d0db-46e8-8d60-0df175cb39f3', '89'), ('2ea5b10d-d0db-46e8-8d60-0df175cb39f3', '90'), ('2ea5b10d-d0db-46e8-8d60-0df175cb39f3', '91'), ('2ea5b10d-d0db-46e8-8d60-0df175cb39f3', '95'), ('2ea5b10d-d0db-46e8-8d60-0df175cb39f3', '96'), ('2ea5b10d-d0db-46e8-8d60-0df175cb39f3', '99'), ('2ea5b10d-d0db-46e8-8d60-0df175cb39f3', '100'), ('2ea5b10d-d0db-46e8-8d60-0df175cb39f3', '101'), ('2ea5b10d-d0db-46e8-8d60-0df175cb39f3', '102'), ('2ea5b10d-d0db-46e8-8d60-0df175cb39f3', '103'), ('2ea5b10d-d0db-46e8-8d60-0df175cb39f3', '104'), ('2ea5b10d-d0db-46e8-8d60-0df175cb39f3', '105'), ('2ea5b10d-d0db-46e8-8d60-0df175cb39f3', '106'), ('2ea5b10d-d0db-46e8-8d60-0df175cb39f3', '107'), ('2ea5b10d-d0db-46e8-8d60-0df175cb39f3', '108'), ('2ea5b10d-d0db-46e8-8d60-0df175cb39f3', '109'), ('2ea5b10d-d0db-46e8-8d60-0df175cb39f3', '110'), ('2ea5b10d-d0db-46e8-8d60-0df175cb39f3', '111'), ('2ea5b10d-d0db-46e8-8d60-0df175cb39f3', '112'), ('a1a1fb5b-12ee-4558-b822-5b58d26b205b', '79'), ('815f9d61-38bd-4ee9-a603-011f3864ac9f', '49'), ('a1a1fb5b-12ee-4558-b822-5b58d26b205b', '80'), ('9420e12c-3003-441a-be79-d2d6f61e5478', '79'), ('9420e12c-3003-441a-be79-d2d6f61e5478', '144'), ('9420e12c-3003-441a-be79-d2d6f61e5478', '145'), ('815f9d61-38bd-4ee9-a603-011f3864ac9f', '18'), ('815f9d61-38bd-4ee9-a603-011f3864ac9f', '34'), ('f4749e47-7bd0-4a8a-a412-38c800daaa62', '2'), ('f4749e47-7bd0-4a8a-a412-38c800daaa62', '8'), ('f4749e47-7bd0-4a8a-a412-38c800daaa62', '11'), ('f4749e47-7bd0-4a8a-a412-38c800daaa62', '18'), ('f4749e47-7bd0-4a8a-a412-38c800daaa62', '19'), ('f4749e47-7bd0-4a8a-a412-38c800daaa62', '20'), ('f4749e47-7bd0-4a8a-a412-38c800daaa62', '21'), ('f4749e47-7bd0-4a8a-a412-38c800daaa62', '22'), ('f4749e47-7bd0-4a8a-a412-38c800daaa62', '31'), ('f4749e47-7bd0-4a8a-a412-38c800daaa62', '33'), ('f4749e47-7bd0-4a8a-a412-38c800daaa62', '34'), ('f4749e47-7bd0-4a8a-a412-38c800daaa62', '35');
INSERT INTO `sys_role_module_bak` VALUES ('f4749e47-7bd0-4a8a-a412-38c800daaa62', '47'), ('f4749e47-7bd0-4a8a-a412-38c800daaa62', '49'), ('f4749e47-7bd0-4a8a-a412-38c800daaa62', '52'), ('f4749e47-7bd0-4a8a-a412-38c800daaa62', '57'), ('f4749e47-7bd0-4a8a-a412-38c800daaa62', '70'), ('f4749e47-7bd0-4a8a-a412-38c800daaa62', '71'), ('f4749e47-7bd0-4a8a-a412-38c800daaa62', '72'), ('0664ef6a-bfa6-4a66-b876-63defcd388cd', '67'), ('815f9d61-38bd-4ee9-a603-011f3864ac9f', '30'), ('815f9d61-38bd-4ee9-a603-011f3864ac9f', '35'), ('0664ef6a-bfa6-4a66-b876-63defcd388cd', '27'), ('815f9d61-38bd-4ee9-a603-011f3864ac9f', '45'), ('815f9d61-38bd-4ee9-a603-011f3864ac9f', '52'), ('0664ef6a-bfa6-4a66-b876-63defcd388cd', '68'), ('815f9d61-38bd-4ee9-a603-011f3864ac9f', '11'), ('815f9d61-38bd-4ee9-a603-011f3864ac9f', '19'), ('0664ef6a-bfa6-4a66-b876-63defcd388cd', '99'), ('0664ef6a-bfa6-4a66-b876-63defcd388cd', '100'), ('0664ef6a-bfa6-4a66-b876-63defcd388cd', '101'), ('0664ef6a-bfa6-4a66-b876-63defcd388cd', '17'), ('0664ef6a-bfa6-4a66-b876-63defcd388cd', '16'), ('0664ef6a-bfa6-4a66-b876-63defcd388cd', '133'), ('0664ef6a-bfa6-4a66-b876-63defcd388cd', '134'), ('0664ef6a-bfa6-4a66-b876-63defcd388cd', '135'), ('0664ef6a-bfa6-4a66-b876-63defcd388cd', '136'), ('0664ef6a-bfa6-4a66-b876-63defcd388cd', '96'), ('0664ef6a-bfa6-4a66-b876-63defcd388cd', '90'), ('0664ef6a-bfa6-4a66-b876-63defcd388cd', '91'), ('0664ef6a-bfa6-4a66-b876-63defcd388cd', '78'), ('0664ef6a-bfa6-4a66-b876-63defcd388cd', '87'), ('0664ef6a-bfa6-4a66-b876-63defcd388cd', '88'), ('0664ef6a-bfa6-4a66-b876-63defcd388cd', '86'), ('0664ef6a-bfa6-4a66-b876-63defcd388cd', '129');
COMMIT;

-- ----------------------------
-- Table structure for `sys_session`
-- ----------------------------
DROP TABLE IF EXISTS `sys_session`;
CREATE TABLE `sys_session` (
`token`  text NULL ,
`lastaccess`  datetime NULL ,
`expire`  decimal(10,0) NULL ,
`cookie`  varchar(200) NOT NULL ,
`dtsession`  text NULL ,
`id`  text NULL ,
`user_id`  varchar(50) NULL ,
`start_time`  varchar(200) NULL ,
`login_time`  datetime NULL ,
`ip`  varchar(100) NULL ,
`agent`  text NULL ,
`client`  varchar(100) NULL ,
PRIMARY KEY (`cookie`)
)

;

-- ----------------------------
-- Records of SYS_SESSION
-- ----------------------------
BEGIN;
INSERT INTO `sys_session` VALUES ('a4b85113-eaf8-4945-ad7a-b3ef4641dc83', '2018-02-02 15:11:57', null, 'a4b85113-eaf8-4945-ad7a-b3ef4641dc83', 'rO0ABXNyACpvcmcuYXBhY2hlLnNoaXJvLnNlc3Npb24ubWd0LlNpbXBsZVNlc3Npb26dHKG41YxibgMAAHhwdwIA23QAJGE0Yjg1MTEzLWVhZjgtNDk0NS1hZDdhLWIzZWY0NjQxZGM4M3NyAA5qYXZhLnV0aWwuRGF0ZWhqgQFLWXQZAwAAeHB3CAAAAWFVW4R/eHNxAH4AA3cIAAABYVVbhpJ4dxMAAAAGCPPQAAAJMTI3LjAuMC4xc3IAEWphdmEudXRpbC5IYXNoTWFwBQfawcMWYNEDAAJGAApsb2FkRmFjdG9ySQAJdGhyZXNob2xkeHA/QAAAAAAADHcIAAAAEAAAAAl0AAtzZXNzaW9uRmxhZ3NyABFqYXZhLmxhbmcuQm9vbGVhbs0gcoDVnPruAgABWgAFdmFsdWV4cAF0AAd1c2VyX2lkdAADc3lzdAAUamF2YW1lbG9keS51c2VyQWdlbnR0AHhNb3ppbGxhLzUuMCAoTWFjaW50b3NoOyBJbnRlbCBNYWMgT1MgWCAxMF8xM18zKSBBcHBsZVdlYktpdC81MzcuMzYgKEtIVE1MLCBsaWtlIEdlY2tvKSBDaHJvbWUvNjMuMC4zMjM5Ljg0IFNhZmFyaS81MzcuMzZ0AFBvcmcuYXBhY2hlLnNoaXJvLnN1YmplY3Quc3VwcG9ydC5EZWZhdWx0U3ViamVjdENvbnRleHRfQVVUSEVOVElDQVRFRF9TRVNTSU9OX0tFWXEAfgAKdAAVamF2YW1lbG9keS5yZW1vdGVBZGRydAAJMTI3LjAuMC4xdAASamF2YW1lbG9keS5jb3VudHJ5dAACQ050AE1vcmcuYXBhY2hlLnNoaXJvLnN1YmplY3Quc3VwcG9ydC5EZWZhdWx0U3ViamVjdENvbnRleHRfUFJJTkNJUEFMU19TRVNTSU9OX0tFWXNyADJvcmcuYXBhY2hlLnNoaXJvLnN1YmplY3QuU2ltcGxlUHJpbmNpcGFsQ29sbGVjdGlvbqh/WCXGowhKAwABTAAPcmVhbG1QcmluY2lwYWxzdAAPTGphdmEvdXRpbC9NYXA7eHBzcgAXamF2YS51dGlsLkxpbmtlZEhhc2hNYXA0wE5cEGzA+wIAAVoAC2FjY2Vzc09yZGVyeHEAfgAGP0AAAAAAAAx3CAAAABAAAAABdAAgY29tLmR0LmNvcmUuc2hpcm8uU2hpcm9EYlJlYWxtXzBzcgAXamF2YS51dGlsLkxpbmtlZEhhc2hTZXTYbNdald0qHgIAAHhyABFqYXZhLnV0aWwuSGFzaFNldLpEhZWWuLc0AwAAeHB3DAAAABA/QAAAAAAAAXNyABtjb20uZHQuY29yZS5zaGlyby5TaGlyb1VzZXIAAAAAAAAAAQIABUwAB2FjY291bnR0ABJMamF2YS9sYW5nL1N0cmluZztMAAJpZHEAfgAfTAAEbmFtZXEAfgAfTAAIcm9sZUxpc3R0ABBMamF2YS91dGlsL0xpc3Q7TAAJcm9sZU5hbWVzcQB+ACB4cHQAA3N5c3EAfgAMcQB+ACJzcgATamF2YS51dGlsLkFycmF5TGlzdHiB0h2Zx2GdAwABSQAEc2l6ZXhwAAAAAXcEAAAAAXQAJDk0MjBlMTJjLTMwMDMtNDQxYS1iZTc5LWQyZDZmNjFlNTQ3OHhzcQB+ACMAAAABdwQAAAABdAAS57O757uf566h55CG5Lq65ZGYeHh4AHcBAXEAfgAZeHQACXNoaXJvVXNlcnEAfgAhdAAVamF2YW1lbG9keS5yZW1vdGVVc2VydAAkY29tLmR0LmNvcmUuc2hpcm8uU2hpcm9Vc2VyQDRmZjc2ZjBieHg=', 'fe6ba96d9b28b7e207d32ae6161703fa', 'sys', '2018-02-02 15:11:56', '2018-02-02 15:11:56', '127.0.0.1', 'Mozilla/5.0 (Macintosh; Intel Mac OS X 10_13_3) AppleWebKit/537.36 (KHTML, like Gecko) Chrome/63.0.3239.84 Safari/537.36', 'web'), ('5bdd6630-4ac9-4186-8319-771644dc698b', '2018-02-05 09:20:47', null, '5bdd6630-4ac9-4186-8319-771644dc698b', 'rO0ABXNyACpvcmcuYXBhY2hlLnNoaXJvLnNlc3Npb24ubWd0LlNpbXBsZVNlc3Npb26dHKG41YxibgMAAHhwdwIA23QAJDViZGQ2NjMwLTRhYzktNDE4Ni04MzE5LTc3MTY0NGRjNjk4YnNyAA5qYXZhLnV0aWwuRGF0ZWhqgQFLWXQZAwAAeHB3CAAAAWFUm/bjeHNxAH4AA3cIAAABYWONGj94dxcAAAAGCPPQAAANMTkyLjE2OC4xMC4xMXNyABFqYXZhLnV0aWwuSGFzaE1hcAUH2sHDFmDRAwACRgAKbG9hZEZhY3RvckkACXRocmVzaG9sZHhwP0AAAAAAAAx3CAAAABAAAAAKdAALc2Vzc2lvbkZsYWdzcgARamF2YS5sYW5nLkJvb2xlYW7NIHKA1Zz67gIAAVoABXZhbHVleHABdAAOY3VycmVudE1hY2hpbmVzcgAkY29tLmR0Lm1vZHVsZS5vbS50ZXJtLmVudGl0eS5NYWNoaW5lAAAAAAAAAAECAAdMAAhob3N0bmFtZXQAEkxqYXZhL2xhbmcvU3RyaW5nO0wAAmlkdAATTGphdmEvbGFuZy9JbnRlZ2VyO0wABG5hbWVxAH4ADUwACHBhc3N3b3JkcQB+AA1MAARwb3J0cQB+AA5MAAR1c2VydAAgTGNvbS9kdC9tb2R1bGUvYmFzZS9lbnRpdHkvVXNlcjtMAAh1c2VybmFtZXEAfgANeHB0AA0xOTIuMTY4LjY2LjM5cHQABTE4My4xdAAKU052aW5jZW50OXNyABFqYXZhLmxhbmcuSW50ZWdlchLioKT3gYc4AgABSQAFdmFsdWV4cgAQamF2YS5sYW5nLk51bWJlcoaslR0LlOCLAgAAeHAAAAAWcHQABHJvb3R0AAd1c2VyX2lkdAADc3lzdAAUamF2YW1lbG9keS51c2VyQWdlbnR0AHhNb3ppbGxhLzUuMCAoTWFjaW50b3NoOyBJbnRlbCBNYWMgT1MgWCAxMF8xM18zKSBBcHBsZVdlYktpdC81MzcuMzYgKEtIVE1MLCBsaWtlIEdlY2tvKSBDaHJvbWUvNjMuMC4zMjM5Ljg0IFNhZmFyaS81MzcuMzZ0AFBvcmcuYXBhY2hlLnNoaXJvLnN1YmplY3Quc3VwcG9ydC5EZWZhdWx0U3ViamVjdENvbnRleHRfQVVUSEVOVElDQVRFRF9TRVNTSU9OX0tFWXEAfgAKdAAVamF2YW1lbG9keS5yZW1vdGVBZGRydAANMTkyLjE2OC4xMC4xMXQAEmphdmFtZWxvZHkuY291bnRyeXQAAkNOdABNb3JnLmFwYWNoZS5zaGlyby5zdWJqZWN0LnN1cHBvcnQuRGVmYXVsdFN1YmplY3RDb250ZXh0X1BSSU5DSVBBTFNfU0VTU0lPTl9LRVlzcgAyb3JnLmFwYWNoZS5zaGlyby5zdWJqZWN0LlNpbXBsZVByaW5jaXBhbENvbGxlY3Rpb26of1glxqMISgMAAUwAD3JlYWxtUHJpbmNpcGFsc3QAD0xqYXZhL3V0aWwvTWFwO3hwc3IAF2phdmEudXRpbC5MaW5rZWRIYXNoTWFwNMBOXBBswPsCAAFaAAthY2Nlc3NPcmRlcnhxAH4ABj9AAAAAAAAMdwgAAAAQAAAAAXQAIGNvbS5kdC5jb3JlLnNoaXJvLlNoaXJvRGJSZWFsbV8wc3IAF2phdmEudXRpbC5MaW5rZWRIYXNoU2V02GzXWpXdKh4CAAB4cgARamF2YS51dGlsLkhhc2hTZXS6RIWVlri3NAMAAHhwdwwAAAAQP0AAAAAAAAFzcgAbY29tLmR0LmNvcmUuc2hpcm8uU2hpcm9Vc2VyAAAAAAAAAAECAAVMAAdhY2NvdW50cQB+AA1MAAJpZHEAfgANTAAEbmFtZXEAfgANTAAIcm9sZUxpc3R0ABBMamF2YS91dGlsL0xpc3Q7TAAJcm9sZU5hbWVzcQB+ACx4cHQAA3N5c3EAfgAZcQB+AC5zcgATamF2YS51dGlsLkFycmF5TGlzdHiB0h2Zx2GdAwABSQAEc2l6ZXhwAAAAAXcEAAAAAXQAJDk0MjBlMTJjLTMwMDMtNDQxYS1iZTc5LWQyZDZmNjFlNTQ3OHhzcQB+AC8AAAABdwQAAAABdAAS57O757uf566h55CG5Lq65ZGYeHh4AHcBAXEAfgAmeHQACXNoaXJvVXNlcnEAfgAtdAAVamF2YW1lbG9keS5yZW1vdGVVc2VydAAkY29tLmR0LmNvcmUuc2hpcm8uU2hpcm9Vc2VyQDc2MmY4NTM1eHg=', '6796f05b4bf8fc97fb77a118453e466d', 'sys', '2018-02-02 11:42:42', '2018-02-02 11:42:43', '192.168.10.11', 'Mozilla/5.0 (Macintosh; Intel Mac OS X 10_13_3) AppleWebKit/537.36 (KHTML, like Gecko) Chrome/63.0.3239.84 Safari/537.36', 'web'), ('43b2ab3a-4172-439f-846e-c36a744662b9', '2018-02-05 09:50:04', null, '43b2ab3a-4172-439f-846e-c36a744662b9', 'rO0ABXNyACpvcmcuYXBhY2hlLnNoaXJvLnNlc3Npb24ubWd0LlNpbXBsZVNlc3Npb26dHKG41YxibgMAAHhwdwIA23QAJDQzYjJhYjNhLTQxNzItNDM5Zi04NDZlLWMzNmE3NDQ2NjJiOXNyAA5qYXZhLnV0aWwuRGF0ZWhqgQFLWXQZAwAAeHB3CAAAAWFVW4WVeHNxAH4AA3cIAAABYWOn6i54dxMAAAAGCPPQAAAJMTI3LjAuMC4xc3IAEWphdmEudXRpbC5IYXNoTWFwBQfawcMWYNEDAAJGAApsb2FkRmFjdG9ySQAJdGhyZXNob2xkeHA/QAAAAAAADHcIAAAAEAAAAAl0AAtzZXNzaW9uRmxhZ3NyABFqYXZhLmxhbmcuQm9vbGVhbs0gcoDVnPruAgABWgAFdmFsdWV4cAF0AAd1c2VyX2lkdAADc3lzdAAUamF2YW1lbG9keS51c2VyQWdlbnR0AHhNb3ppbGxhLzUuMCAoTWFjaW50b3NoOyBJbnRlbCBNYWMgT1MgWCAxMF8xM18zKSBBcHBsZVdlYktpdC81MzcuMzYgKEtIVE1MLCBsaWtlIEdlY2tvKSBDaHJvbWUvNjMuMC4zMjM5Ljg0IFNhZmFyaS81MzcuMzZ0AFBvcmcuYXBhY2hlLnNoaXJvLnN1YmplY3Quc3VwcG9ydC5EZWZhdWx0U3ViamVjdENvbnRleHRfQVVUSEVOVElDQVRFRF9TRVNTSU9OX0tFWXEAfgAKdAAVamF2YW1lbG9keS5yZW1vdGVBZGRydAAJMTI3LjAuMC4xdAASamF2YW1lbG9keS5jb3VudHJ5dAACQ050AE1vcmcuYXBhY2hlLnNoaXJvLnN1YmplY3Quc3VwcG9ydC5EZWZhdWx0U3ViamVjdENvbnRleHRfUFJJTkNJUEFMU19TRVNTSU9OX0tFWXNyADJvcmcuYXBhY2hlLnNoaXJvLnN1YmplY3QuU2ltcGxlUHJpbmNpcGFsQ29sbGVjdGlvbqh/WCXGowhKAwABTAAPcmVhbG1QcmluY2lwYWxzdAAPTGphdmEvdXRpbC9NYXA7eHBzcgAXamF2YS51dGlsLkxpbmtlZEhhc2hNYXA0wE5cEGzA+wIAAVoAC2FjY2Vzc09yZGVyeHEAfgAGP0AAAAAAAAx3CAAAABAAAAABdAAgY29tLmR0LmNvcmUuc2hpcm8uU2hpcm9EYlJlYWxtXzBzcgAXamF2YS51dGlsLkxpbmtlZEhhc2hTZXTYbNdald0qHgIAAHhyABFqYXZhLnV0aWwuSGFzaFNldLpEhZWWuLc0AwAAeHB3DAAAAAI/QAAAAAAAAXNyABtjb20uZHQuY29yZS5zaGlyby5TaGlyb1VzZXIAAAAAAAAAAQIABUwAB2FjY291bnR0ABJMamF2YS9sYW5nL1N0cmluZztMAAJpZHEAfgAfTAAEbmFtZXEAfgAfTAAIcm9sZUxpc3R0ABBMamF2YS91dGlsL0xpc3Q7TAAJcm9sZU5hbWVzcQB+ACB4cHQAA3N5c3QAA3N5c3EAfgAic3IAE2phdmEudXRpbC5BcnJheUxpc3R4gdIdmcdhnQMAAUkABHNpemV4cAAAAAF3BAAAAAF0ACQ5NDIwZTEyYy0zMDAzLTQ0MWEtYmU3OS1kMmQ2ZjYxZTU0Nzh4c3EAfgAkAAAAAXcEAAAAAXQAEuezu+e7n+euoeeQhuS6uuWRmHh4eAB3AQFxAH4AGXh0AAlzaGlyb1VzZXJzcQB+AB50AANzeXNxAH4ADHEAfgArc3EAfgAkAAAAAXcEAAAAAXQAJDk0MjBlMTJjLTMwMDMtNDQxYS1iZTc5LWQyZDZmNjFlNTQ3OHhzcQB+ACQAAAABdwQAAAABdAAS57O757uf566h55CG5Lq65ZGYeHQAFWphdmFtZWxvZHkucmVtb3RlVXNlcnQAJGNvbS5kdC5jb3JlLnNoaXJvLlNoaXJvVXNlckA0ZmY3NmYwYnh4', 'faf3af566f2405ff56dd478eac73e918', 'sys', '2018-02-02 15:11:56', '2018-02-02 15:11:57', '127.0.0.1', 'Mozilla/5.0 (Macintosh; Intel Mac OS X 10_13_3) AppleWebKit/537.36 (KHTML, like Gecko) Chrome/63.0.3239.84 Safari/537.36', 'web'), ('19637590-1d64-4dc6-9d78-2b706f690c39', '2018-03-16 16:17:30', null, '19637590-1d64-4dc6-9d78-2b706f690c39', 'rO0ABXNyACpvcmcuYXBhY2hlLnNoaXJvLnNlc3Npb24ubWd0LlNpbXBsZVNlc3Npb26dHKG41YxibgMAAHhwdwIA23QAJDE5NjM3NTkwLTFkNjQtNGRjNi05ZDc4LTJiNzA2ZjY5MGMzOXNyAA5qYXZhLnV0aWwuRGF0ZWhqgQFLWXQZAwAAeHB3CAAAAWIi7jSPeHNxAH4AA3cIAAABYi3irlF4dxMAAAAGCPPQAAAJMTI3LjAuMC4xc3IAEWphdmEudXRpbC5IYXNoTWFwBQfawcMWYNEDAAJGAApsb2FkRmFjdG9ySQAJdGhyZXNob2xkeHA/QAAAAAAADHcIAAAAEAAAAAl0AAtzZXNzaW9uRmxhZ3NyABFqYXZhLmxhbmcuQm9vbGVhbs0gcoDVnPruAgABWgAFdmFsdWV4cAF0AAd1c2VyX2lkdAADc3lzdAAUamF2YW1lbG9keS51c2VyQWdlbnR0AHJNb3ppbGxhLzUuMCAoV2luZG93cyBOVCA2LjE7IFdpbjY0OyB4NjQpIEFwcGxlV2ViS2l0LzUzNy4zNiAoS0hUTUwsIGxpa2UgR2Vja28pIENocm9tZS82NC4wLjMyODIuMTg2IFNhZmFyaS81MzcuMzZ0AFBvcmcuYXBhY2hlLnNoaXJvLnN1YmplY3Quc3VwcG9ydC5EZWZhdWx0U3ViamVjdENvbnRleHRfQVVUSEVOVElDQVRFRF9TRVNTSU9OX0tFWXEAfgAKdAAVamF2YW1lbG9keS5yZW1vdGVBZGRydAAJMTI3LjAuMC4xdAASamF2YW1lbG9keS5jb3VudHJ5dAACQ050AE1vcmcuYXBhY2hlLnNoaXJvLnN1YmplY3Quc3VwcG9ydC5EZWZhdWx0U3ViamVjdENvbnRleHRfUFJJTkNJUEFMU19TRVNTSU9OX0tFWXNyADJvcmcuYXBhY2hlLnNoaXJvLnN1YmplY3QuU2ltcGxlUHJpbmNpcGFsQ29sbGVjdGlvbqh/WCXGowhKAwABTAAPcmVhbG1QcmluY2lwYWxzdAAPTGphdmEvdXRpbC9NYXA7eHBzcgAXamF2YS51dGlsLkxpbmtlZEhhc2hNYXA0wE5cEGzA+wIAAVoAC2FjY2Vzc09yZGVyeHEAfgAGP0AAAAAAAAx3CAAAABAAAAABdAAgY29tLmR0LmNvcmUuc2hpcm8uU2hpcm9EYlJlYWxtXzBzcgAXamF2YS51dGlsLkxpbmtlZEhhc2hTZXTYbNdald0qHgIAAHhyABFqYXZhLnV0aWwuSGFzaFNldLpEhZWWuLc0AwAAeHB3DAAAAAI/QAAAAAAAAXNyABtjb20uZHQuY29yZS5zaGlyby5TaGlyb1VzZXIAAAAAAAAAAQIABUwAB2FjY291bnR0ABJMamF2YS9sYW5nL1N0cmluZztMAAJpZHEAfgAfTAAEbmFtZXEAfgAfTAAIcm9sZUxpc3R0ABBMamF2YS91dGlsL0xpc3Q7TAAJcm9sZU5hbWVzcQB+ACB4cHQAA3N5c3QAA3N5c3EAfgAic3IAE2phdmEudXRpbC5BcnJheUxpc3R4gdIdmcdhnQMAAUkABHNpemV4cAAAAAF3BAAAAAF0ACQ5NDIwZTEyYy0zMDAzLTQ0MWEtYmU3OS1kMmQ2ZjYxZTU0Nzh4c3EAfgAkAAAAAXcEAAAAAXQAEuezu+e7n+euoeeQhuS6uuWRmHh4eAB3AQFxAH4AGXh0AAlzaGlyb1VzZXJzcQB+AB50AANzeXNxAH4ADHEAfgArc3EAfgAkAAAAAXcEAAAAAXQAJDk0MjBlMTJjLTMwMDMtNDQxYS1iZTc5LWQyZDZmNjFlNTQ3OHhzcQB+ACQAAAABdwQAAAABdAAS57O757uf566h55CG5Lq65ZGYeHQAFWphdmFtZWxvZHkucmVtb3RlVXNlcnQAJGNvbS5kdC5jb3JlLnNoaXJvLlNoaXJvVXNlckAyNzZkZmFhMHh4', '08d7ccf72a93984976c795496745fea9', 'sys', '2018-03-14 13:14:19', '2018-03-14 13:14:16', '127.0.0.1', 'Mozilla/5.0 (Windows NT 6.1; Win64; x64) AppleWebKit/537.36 (KHTML, like Gecko) Chrome/64.0.3282.186 Safari/537.36', 'web'), ('ebe2dfd3-4b89-4436-8f68-1d24556446dc', '2018-03-11 15:27:25', null, 'ebe2dfd3-4b89-4436-8f68-1d24556446dc', 'rO0ABXNyACpvcmcuYXBhY2hlLnNoaXJvLnNlc3Npb24ubWd0LlNpbXBsZVNlc3Npb26dHKG41YxibgMAAHhwdwIA23QAJGViZTJkZmQzLTRiODktNDQzNi04ZjY4LTFkMjQ1NTY0NDZkY3NyAA5qYXZhLnV0aWwuRGF0ZWhqgQFLWXQZAwAAeHB3CAAAAWIT9JcXeHNxAH4AA3cIAAABYhP0/kB4dxcAAAAGCPPQAAANMTkyLjE2OC4xMC4xMXNyABFqYXZhLnV0aWwuSGFzaE1hcAUH2sHDFmDRAwACRgAKbG9hZEZhY3RvckkACXRocmVzaG9sZHhwP0AAAAAAAAx3CAAAABAAAAAKdAALc2Vzc2lvbkZsYWdzcgARamF2YS5sYW5nLkJvb2xlYW7NIHKA1Zz67gIAAVoABXZhbHVleHABdAARc2hpcm9TYXZlZFJlcXVlc3RzcgAmb3JnLmFwYWNoZS5zaGlyby53ZWIudXRpbC5TYXZlZFJlcXVlc3SvzjyteYLKugIAA0wABm1ldGhvZHQAEkxqYXZhL2xhbmcvU3RyaW5nO0wAC3F1ZXJ5U3RyaW5ncQB+AA1MAApyZXF1ZXN0VVJJcQB+AA14cHQAA0dFVHB0AA8vZHQvZHQvY29uc29sZS90AAd1c2VyX2lkdAAgMDFlNzUwM2YwMDcxNGFlOTg0ZDgwNDFhMjU0ZDQzYTh0ABRqYXZhbWVsb2R5LnVzZXJBZ2VudHQA+k1vemlsbGEvNS4wIChMaW51eDsgQW5kcm9pZCA4LjA7IEFMUC1BTDAwIEJ1aWxkL0hVQVdFSUFMUC1BTDAwOyB3dikgQXBwbGVXZWJLaXQvNTM3LjM2IChLSFRNTCwgbGlrZSBHZWNrbykgVmVyc2lvbi80LjAgQ2hyb21lLzU3LjAuMjk4Ny4xMzIgTVFRQnJvd3Nlci82LjIgVEJTLzA0MzkwOSBNb2JpbGUgU2FmYXJpLzUzNy4zNiBNaWNyb01lc3Nlbmdlci82LjYuNS4xMjgwKDB4MjYwNjA1MzIpIE5ldFR5cGUvNEcgTGFuZ3VhZ2UvemhfQ050AFBvcmcuYXBhY2hlLnNoaXJvLnN1YmplY3Quc3VwcG9ydC5EZWZhdWx0U3ViamVjdENvbnRleHRfQVVUSEVOVElDQVRFRF9TRVNTSU9OX0tFWXEAfgAKdAAVamF2YW1lbG9keS5yZW1vdGVBZGRydAAqMTkyLjE2OC4xMC4xMSBmb3J3YXJkZWQgZm9yIDExMi4xNy4yMzkuMTkwdAASamF2YW1lbG9keS5jb3VudHJ5dAACQ050AE1vcmcuYXBhY2hlLnNoaXJvLnN1YmplY3Quc3VwcG9ydC5EZWZhdWx0U3ViamVjdENvbnRleHRfUFJJTkNJUEFMU19TRVNTSU9OX0tFWXNyADJvcmcuYXBhY2hlLnNoaXJvLnN1YmplY3QuU2ltcGxlUHJpbmNpcGFsQ29sbGVjdGlvbqh/WCXGowhKAwABTAAPcmVhbG1QcmluY2lwYWxzdAAPTGphdmEvdXRpbC9NYXA7eHBzcgAXamF2YS51dGlsLkxpbmtlZEhhc2hNYXA0wE5cEGzA+wIAAVoAC2FjY2Vzc09yZGVyeHEAfgAGP0AAAAAAAAx3CAAAABAAAAABdAAgY29tLmR0LmNvcmUuc2hpcm8uU2hpcm9EYlJlYWxtXzBzcgAXamF2YS51dGlsLkxpbmtlZEhhc2hTZXTYbNdald0qHgIAAHhyABFqYXZhLnV0aWwuSGFzaFNldLpEhZWWuLc0AwAAeHB3DAAAABA/QAAAAAAAAXNyABtjb20uZHQuY29yZS5zaGlyby5TaGlyb1VzZXIAAAAAAAAAAQIABUwAB2FjY291bnRxAH4ADUwAAmlkcQB+AA1MAARuYW1lcQB+AA1MAAhyb2xlTGlzdHQAEExqYXZhL3V0aWwvTGlzdDtMAAlyb2xlTmFtZXNxAH4AJXhwdAAFYWRtaW5xAH4AEnEAfgAnc3IAE2phdmEudXRpbC5BcnJheUxpc3R4gdIdmcdhnQMAAUkABHNpemV4cAAAAAF3BAAAAAF0ACQ5NDIwZTEyYy0zMDAzLTQ0MWEtYmU3OS1kMmQ2ZjYxZTU0Nzh4c3EAfgAoAAAAAXcEAAAAAXQAEuezu+e7n+euoeeQhuS6uuWRmHh4eAB3AQFxAH4AH3h0AAlzaGlyb1VzZXJxAH4AJnQAFWphdmFtZWxvZHkucmVtb3RlVXNlcnQAJGNvbS5kdC5jb3JlLnNoaXJvLlNoaXJvVXNlckAzODg1ODg2NHh4', 'f1f13023f4861e0d326ee63456c9c36e', '01e7503f00714ae984d8041a254d43a8', '2018-03-11 15:26:59', '2018-03-11 15:27:21', '112.17.239.190', 'Mozilla/5.0 (Linux; Android 8.0; ALP-AL00 Build/HUAWEIALP-AL00; wv) AppleWebKit/537.36 (KHTML, like Gecko) Version/4.0 Chrome/57.0.2987.132 MQQBrowser/6.2 TBS/043909 Mobile Safari/537.36 MicroMessenger/6.6.5.1280(0x26060532) NetType/4G Language/zh_CN', 'web'), ('9601c53a-08de-47eb-a4a0-761c62c9dffa', '2018-02-24 21:18:50', null, '9601c53a-08de-47eb-a4a0-761c62c9dffa', 'rO0ABXNyACpvcmcuYXBhY2hlLnNoaXJvLnNlc3Npb24ubWd0LlNpbXBsZVNlc3Npb26dHKG41YxibgMAAHhwdwIA23QAJDk2MDFjNTNhLTA4ZGUtNDdlYi1hNGEwLTc2MWM2MmM5ZGZmYXNyAA5qYXZhLnV0aWwuRGF0ZWhqgQFLWXQZAwAAeHB3CAAAAWHH91POeHEAfgAEdxcAAAAGCPPQAAANMTkyLjE2OC4xMC4xMXNyABFqYXZhLnV0aWwuSGFzaE1hcAUH2sHDFmDRAwACRgAKbG9hZEZhY3RvckkACXRocmVzaG9sZHhwP0AAAAAAAAx3CAAAABAAAAAIdAAHdXNlcl9pZHQAIGY3ZTlkZTM3NGNhMjRmNDFiNWY5Zjc0Mjg5ODRlNmM0dAAUamF2YW1lbG9keS51c2VyQWdlbnR0ACN3ZWNoYXRkZXZ0b29scyBhcHBzZXJ2aWNlIHBvcnQvOTk3NHQAUG9yZy5hcGFjaGUuc2hpcm8uc3ViamVjdC5zdXBwb3J0LkRlZmF1bHRTdWJqZWN0Q29udGV4dF9BVVRIRU5USUNBVEVEX1NFU1NJT05fS0VZc3IAEWphdmEubGFuZy5Cb29sZWFuzSBygNWc+u4CAAFaAAV2YWx1ZXhwAXQAFWphdmFtZWxvZHkucmVtb3RlQWRkcnQAKzE5Mi4xNjguMTAuMTEgZm9yd2FyZGVkIGZvciAxMTMuMjE0LjIwOC4xNTl0ABJqYXZhbWVsb2R5LmNvdW50cnl0AAJDTnQATW9yZy5hcGFjaGUuc2hpcm8uc3ViamVjdC5zdXBwb3J0LkRlZmF1bHRTdWJqZWN0Q29udGV4dF9QUklOQ0lQQUxTX1NFU1NJT05fS0VZc3IAMm9yZy5hcGFjaGUuc2hpcm8uc3ViamVjdC5TaW1wbGVQcmluY2lwYWxDb2xsZWN0aW9uqH9YJcajCEoDAAFMAA9yZWFsbVByaW5jaXBhbHN0AA9MamF2YS91dGlsL01hcDt4cHNyABdqYXZhLnV0aWwuTGlua2VkSGFzaE1hcDTATlwQbMD7AgABWgALYWNjZXNzT3JkZXJ4cQB+AAU/QAAAAAAADHcIAAAAEAAAAAF0ACBjb20uZHQuY29yZS5zaGlyby5TaGlyb0RiUmVhbG1fMHNyABdqYXZhLnV0aWwuTGlua2VkSGFzaFNldNhs11qV3SoeAgAAeHIAEWphdmEudXRpbC5IYXNoU2V0ukSFlZa4tzQDAAB4cHcMAAAAED9AAAAAAAABc3IAG2NvbS5kdC5jb3JlLnNoaXJvLlNoaXJvVXNlcgAAAAAAAAABAgAFTAAHYWNjb3VudHQAEkxqYXZhL2xhbmcvU3RyaW5nO0wAAmlkcQB+AB1MAARuYW1lcQB+AB1MAAhyb2xlTGlzdHQAEExqYXZhL3V0aWwvTGlzdDtMAAlyb2xlTmFtZXNxAH4AHnhwdAAgMzBmZTdiOWIzYTM1MjA2ZjJkMzIzZjQxYTE4N2U1ZDFxAH4ACHEAfgAgc3IAE2phdmEudXRpbC5BcnJheUxpc3R4gdIdmcdhnQMAAUkABHNpemV4cAAAAAB3BAAAAAB4c3EAfgAhAAAAAHcEAAAAAHh4eAB3AQFxAH4AF3h0AAlzaGlyb1VzZXJxAH4AH3QAFWphdmFtZWxvZHkucmVtb3RlVXNlcnQAJGNvbS5kdC5jb3JlLnNoaXJvLlNoaXJvVXNlckA2ZGQ0NjRhYnh4', '602e8301fb8c92e5c41ac554588d8976', 'f7e9de374ca24f41b5f9f7428984e6c4', '2018-02-24 21:18:50', '2018-02-24 21:18:50', '113.214.208.159', 'wechatdevtools appservice port/9974', 'xcx'), ('fa88cd20-7cc7-4e7b-9b0c-5be3939b27c4', '2018-02-24 21:21:59', null, 'fa88cd20-7cc7-4e7b-9b0c-5be3939b27c4', 'rO0ABXNyACpvcmcuYXBhY2hlLnNoaXJvLnNlc3Npb24ubWd0LlNpbXBsZVNlc3Npb26dHKG41YxibgMAAHhwdwIA23QAJGZhODhjZDIwLTdjYzctNGU3Yi05YjBjLTViZTM5MzliMjdjNHNyAA5qYXZhLnV0aWwuRGF0ZWhqgQFLWXQZAwAAeHB3CAAAAWHH+jcWeHEAfgAEdxcAAAAGCPPQAAANMTkyLjE2OC4xMC4xMXNyABFqYXZhLnV0aWwuSGFzaE1hcAUH2sHDFmDRAwACRgAKbG9hZEZhY3RvckkACXRocmVzaG9sZHhwP0AAAAAAAAx3CAAAABAAAAAIdAAHdXNlcl9pZHQAIGY3ZTlkZTM3NGNhMjRmNDFiNWY5Zjc0Mjg5ODRlNmM0dAAUamF2YW1lbG9keS51c2VyQWdlbnR0ACN3ZWNoYXRkZXZ0b29scyBhcHBzZXJ2aWNlIHBvcnQvOTk3NHQAUG9yZy5hcGFjaGUuc2hpcm8uc3ViamVjdC5zdXBwb3J0LkRlZmF1bHRTdWJqZWN0Q29udGV4dF9BVVRIRU5USUNBVEVEX1NFU1NJT05fS0VZc3IAEWphdmEubGFuZy5Cb29sZWFuzSBygNWc+u4CAAFaAAV2YWx1ZXhwAXQAFWphdmFtZWxvZHkucmVtb3RlQWRkcnQAKzE5Mi4xNjguMTAuMTEgZm9yd2FyZGVkIGZvciAxMTMuMjE0LjIwOC4xNTl0ABJqYXZhbWVsb2R5LmNvdW50cnl0AAJDTnQATW9yZy5hcGFjaGUuc2hpcm8uc3ViamVjdC5zdXBwb3J0LkRlZmF1bHRTdWJqZWN0Q29udGV4dF9QUklOQ0lQQUxTX1NFU1NJT05fS0VZc3IAMm9yZy5hcGFjaGUuc2hpcm8uc3ViamVjdC5TaW1wbGVQcmluY2lwYWxDb2xsZWN0aW9uqH9YJcajCEoDAAFMAA9yZWFsbVByaW5jaXBhbHN0AA9MamF2YS91dGlsL01hcDt4cHNyABdqYXZhLnV0aWwuTGlua2VkSGFzaE1hcDTATlwQbMD7AgABWgALYWNjZXNzT3JkZXJ4cQB+AAU/QAAAAAAADHcIAAAAEAAAAAF0ACBjb20uZHQuY29yZS5zaGlyby5TaGlyb0RiUmVhbG1fMHNyABdqYXZhLnV0aWwuTGlua2VkSGFzaFNldNhs11qV3SoeAgAAeHIAEWphdmEudXRpbC5IYXNoU2V0ukSFlZa4tzQDAAB4cHcMAAAAED9AAAAAAAABc3IAG2NvbS5kdC5jb3JlLnNoaXJvLlNoaXJvVXNlcgAAAAAAAAABAgAFTAAHYWNjb3VudHQAEkxqYXZhL2xhbmcvU3RyaW5nO0wAAmlkcQB+AB1MAARuYW1lcQB+AB1MAAhyb2xlTGlzdHQAEExqYXZhL3V0aWwvTGlzdDtMAAlyb2xlTmFtZXNxAH4AHnhwdAAgMzBmZTdiOWIzYTM1MjA2ZjJkMzIzZjQxYTE4N2U1ZDFxAH4ACHEAfgAgc3IAE2phdmEudXRpbC5BcnJheUxpc3R4gdIdmcdhnQMAAUkABHNpemV4cAAAAAB3BAAAAAB4c3EAfgAhAAAAAHcEAAAAAHh4eAB3AQFxAH4AF3h0AAlzaGlyb1VzZXJxAH4AH3QAFWphdmFtZWxvZHkucmVtb3RlVXNlcnQAJGNvbS5kdC5jb3JlLnNoaXJvLlNoaXJvVXNlckA2ZGQ0NjRhYnh4', '23cd7908bdd96220c7fa1dc29c739039', 'f7e9de374ca24f41b5f9f7428984e6c4', '2018-02-24 21:21:59', '2018-02-24 21:21:59', '113.214.208.159', 'wechatdevtools appservice port/9974', 'xcx'), ('c22d31ae-416a-499c-9f31-e04c8e9dbfb9', '2018-03-10 18:11:57', null, 'c22d31ae-416a-499c-9f31-e04c8e9dbfb9', 'rO0ABXNyACpvcmcuYXBhY2hlLnNoaXJvLnNlc3Npb24ubWd0LlNpbXBsZVNlc3Npb26dHKG41YxibgMAAHhwdwIA23QAJGMyMmQzMWFlLTQxNmEtNDk5Yy05ZjMxLWUwNGM4ZTlkYmZiOXNyAA5qYXZhLnV0aWwuRGF0ZWhqgQFLWXQZAwAAeHB3CAAAAWHKJEtReHNxAH4AA3cIAAABYg9lRA14dxcAAAAGCPPQAAANMTkyLjE2OC4xMC4xMXNyABFqYXZhLnV0aWwuSGFzaE1hcAUH2sHDFmDRAwACRgAKbG9hZEZhY3RvckkACXRocmVzaG9sZHhwP0AAAAAAAAx3CAAAABAAAAAJdAALc2Vzc2lvbkZsYWdzcgARamF2YS5sYW5nLkJvb2xlYW7NIHKA1Zz67gIAAVoABXZhbHVleHABdAAHdXNlcl9pZHQAA3N5c3QAFGphdmFtZWxvZHkudXNlckFnZW50dAB4TW96aWxsYS81LjAgKE1hY2ludG9zaDsgSW50ZWwgTWFjIE9TIFggMTBfMTNfMykgQXBwbGVXZWJLaXQvNTM3LjM2IChLSFRNTCwgbGlrZSBHZWNrbykgQ2hyb21lLzYzLjAuMzIzOS44NCBTYWZhcmkvNTM3LjM2dABQb3JnLmFwYWNoZS5zaGlyby5zdWJqZWN0LnN1cHBvcnQuRGVmYXVsdFN1YmplY3RDb250ZXh0X0FVVEhFTlRJQ0FURURfU0VTU0lPTl9LRVlxAH4ACnQAFWphdmFtZWxvZHkucmVtb3RlQWRkcnQADTE5Mi4xNjguMTAuMTF0ABJqYXZhbWVsb2R5LmNvdW50cnl0AAJDTnQATW9yZy5hcGFjaGUuc2hpcm8uc3ViamVjdC5zdXBwb3J0LkRlZmF1bHRTdWJqZWN0Q29udGV4dF9QUklOQ0lQQUxTX1NFU1NJT05fS0VZc3IAMm9yZy5hcGFjaGUuc2hpcm8uc3ViamVjdC5TaW1wbGVQcmluY2lwYWxDb2xsZWN0aW9uqH9YJcajCEoDAAFMAA9yZWFsbVByaW5jaXBhbHN0AA9MamF2YS91dGlsL01hcDt4cHNyABdqYXZhLnV0aWwuTGlua2VkSGFzaE1hcDTATlwQbMD7AgABWgALYWNjZXNzT3JkZXJ4cQB+AAY/QAAAAAAADHcIAAAAEAAAAAF0ACBjb20uZHQuY29yZS5zaGlyby5TaGlyb0RiUmVhbG1fMHNyABdqYXZhLnV0aWwuTGlua2VkSGFzaFNldNhs11qV3SoeAgAAeHIAEWphdmEudXRpbC5IYXNoU2V0ukSFlZa4tzQDAAB4cHcMAAAAAj9AAAAAAAABc3IAG2NvbS5kdC5jb3JlLnNoaXJvLlNoaXJvVXNlcgAAAAAAAAABAgAFTAAHYWNjb3VudHQAEkxqYXZhL2xhbmcvU3RyaW5nO0wAAmlkcQB+AB9MAARuYW1lcQB+AB9MAAhyb2xlTGlzdHQAEExqYXZhL3V0aWwvTGlzdDtMAAlyb2xlTmFtZXNxAH4AIHhwdAADc3lzdAADc3lzcQB+ACJzcgATamF2YS51dGlsLkFycmF5TGlzdHiB0h2Zx2GdAwABSQAEc2l6ZXhwAAAAAXcEAAAAAXQAJDk0MjBlMTJjLTMwMDMtNDQxYS1iZTc5LWQyZDZmNjFlNTQ3OHhzcQB+ACQAAAABdwQAAAABdAAS57O757uf566h55CG5Lq65ZGYeHh4AHcBAXEAfgAZeHQACXNoaXJvVXNlcnNxAH4AHnQAA3N5c3EAfgAMcQB+ACtzcQB+ACQAAAABdwQAAAABdAAkOTQyMGUxMmMtMzAwMy00NDFhLWJlNzktZDJkNmY2MWU1NDc4eHNxAH4AJAAAAAF3BAAAAAF0ABLns7vnu5/nrqHnkIbkurrlkZh4dAAVamF2YW1lbG9keS5yZW1vdGVVc2VydAAkY29tLmR0LmNvcmUuc2hpcm8uU2hpcm9Vc2VyQDI0ZjM3ZGRmeHg=', '20ca5bafd32bc437212aa0158536203e', 'sys', '2018-02-25 07:27:11', '2018-02-25 07:27:12', '192.168.10.11', 'Mozilla/5.0 (Macintosh; Intel Mac OS X 10_13_3) AppleWebKit/537.36 (KHTML, like Gecko) Chrome/63.0.3239.84 Safari/537.36', 'web'), ('06890f6f-bab8-4b88-a72a-95464367ce8c', '2018-02-28 12:38:51', null, '06890f6f-bab8-4b88-a72a-95464367ce8c', 'rO0ABXNyACpvcmcuYXBhY2hlLnNoaXJvLnNlc3Npb24ubWd0LlNpbXBsZVNlc3Npb26dHKG41YxibgMAAHhwdwIA23QAJDA2ODkwZjZmLWJhYjgtNGI4OC1hNzJhLTk1NDY0MzY3Y2U4Y3NyAA5qYXZhLnV0aWwuRGF0ZWhqgQFLWXQZAwAAeHB3CAAAAWFUmRkIeHNxAH4AA3cIAAABYdq0tx14dxcAAAAGCPPQAAANNjAuMTkwLjMxLjE2NHNyABFqYXZhLnV0aWwuSGFzaE1hcAUH2sHDFmDRAwACRgAKbG9hZEZhY3RvckkACXRocmVzaG9sZHhwP0AAAAAAAAx3CAAAABAAAAAKdAALc2Vzc2lvbkZsYWdzcgARamF2YS5sYW5nLkJvb2xlYW7NIHKA1Zz67gIAAVoABXZhbHVleHABdAAOY3VycmVudE1hY2hpbmVzcgAkY29tLmR0Lm1vZHVsZS5vbS50ZXJtLmVudGl0eS5NYWNoaW5lAAAAAAAAAAECAAdMAAhob3N0bmFtZXQAEkxqYXZhL2xhbmcvU3RyaW5nO0wAAmlkdAATTGphdmEvbGFuZy9JbnRlZ2VyO0wABG5hbWVxAH4ADUwACHBhc3N3b3JkcQB+AA1MAARwb3J0cQB+AA5MAAR1c2VydAAgTGNvbS9kdC9tb2R1bGUvYmFzZS9lbnRpdHkvVXNlcjtMAAh1c2VybmFtZXEAfgANeHB0AA0xOTIuMTY4LjY2LjM5cHQABTE4My4xdAAKU052aW5jZW50OXNyABFqYXZhLmxhbmcuSW50ZWdlchLioKT3gYc4AgABSQAFdmFsdWV4cgAQamF2YS5sYW5nLk51bWJlcoaslR0LlOCLAgAAeHAAAAAWcHQABHJvb3R0AAd1c2VyX2lkdAADc3lzdAAUamF2YW1lbG9keS51c2VyQWdlbnR0AHJNb3ppbGxhLzUuMCAoV2luZG93cyBOVCA2LjE7IFdpbjY0OyB4NjQpIEFwcGxlV2ViS2l0LzUzNy4zNiAoS0hUTUwsIGxpa2UgR2Vja28pIENocm9tZS82My4wLjMyMzkuMTMyIFNhZmFyaS81MzcuMzZ0AFBvcmcuYXBhY2hlLnNoaXJvLnN1YmplY3Quc3VwcG9ydC5EZWZhdWx0U3ViamVjdENvbnRleHRfQVVUSEVOVElDQVRFRF9TRVNTSU9OX0tFWXEAfgAKdAAVamF2YW1lbG9keS5yZW1vdGVBZGRydAANNjAuMTkwLjMxLjE2NHQAEmphdmFtZWxvZHkuY291bnRyeXQAAkNOdABNb3JnLmFwYWNoZS5zaGlyby5zdWJqZWN0LnN1cHBvcnQuRGVmYXVsdFN1YmplY3RDb250ZXh0X1BSSU5DSVBBTFNfU0VTU0lPTl9LRVlzcgAyb3JnLmFwYWNoZS5zaGlyby5zdWJqZWN0LlNpbXBsZVByaW5jaXBhbENvbGxlY3Rpb26of1glxqMISgMAAUwAD3JlYWxtUHJpbmNpcGFsc3QAD0xqYXZhL3V0aWwvTWFwO3hwc3IAF2phdmEudXRpbC5MaW5rZWRIYXNoTWFwNMBOXBBswPsCAAFaAAthY2Nlc3NPcmRlcnhxAH4ABj9AAAAAAAAMdwgAAAAQAAAAAXQAIGNvbS5kdC5jb3JlLnNoaXJvLlNoaXJvRGJSZWFsbV8wc3IAF2phdmEudXRpbC5MaW5rZWRIYXNoU2V02GzXWpXdKh4CAAB4cgARamF2YS51dGlsLkhhc2hTZXS6RIWVlri3NAMAAHhwdwwAAAAQP0AAAAAAAAFzcgAbY29tLmR0LmNvcmUuc2hpcm8uU2hpcm9Vc2VyAAAAAAAAAAECAAVMAAdhY2NvdW50cQB+AA1MAAJpZHEAfgANTAAEbmFtZXEAfgANTAAIcm9sZUxpc3R0ABBMamF2YS91dGlsL0xpc3Q7TAAJcm9sZU5hbWVzcQB+ACx4cHQAA3N5c3EAfgAZcQB+AC5zcgATamF2YS51dGlsLkFycmF5TGlzdHiB0h2Zx2GdAwABSQAEc2l6ZXhwAAAAAXcEAAAAAXQAJDk0MjBlMTJjLTMwMDMtNDQxYS1iZTc5LWQyZDZmNjFlNTQ3OHhzcQB+AC8AAAABdwQAAAABdAAS57O757uf566h55CG5Lq65ZGYeHh4AHcBAXEAfgAmeHQACXNoaXJvVXNlcnEAfgAtdAAVamF2YW1lbG9keS5yZW1vdGVVc2VydAAkY29tLmR0LmNvcmUuc2hpcm8uU2hpcm9Vc2VyQDc2MmY4NTM1eHg=', '7f583b4ff030e3e2243e9bcb582898a1', 'sys', '2018-02-02 11:39:35', '2018-02-02 11:39:35', '60.190.31.164', 'Mozilla/5.0 (Windows NT 6.1; Win64; x64) AppleWebKit/537.36 (KHTML, like Gecko) Chrome/63.0.3239.132 Safari/537.36', 'web'), ('14456ed1-5222-4588-8128-21d5ce4a6b5a', '2018-02-08 14:01:29', null, '14456ed1-5222-4588-8128-21d5ce4a6b5a', 'rO0ABXNyACpvcmcuYXBhY2hlLnNoaXJvLnNlc3Npb24ubWd0LlNpbXBsZVNlc3Npb26dHKG41YxibgMAAHhwdwIA23QAJDE0NDU2ZWQxLTUyMjItNDU4OC04MTI4LTIxZDVjZTRhNmI1YXNyAA5qYXZhLnV0aWwuRGF0ZWhqgQFLWXQZAwAAeHB3CAAAAWF0ANbBeHNxAH4AA3cIAAABYXQBKrd4dxcAAAAGCPPQAAANMTkyLjE2OC4xMC4xMXNyABFqYXZhLnV0aWwuSGFzaE1hcAUH2sHDFmDRAwACRgAKbG9hZEZhY3RvckkACXRocmVzaG9sZHhwP0AAAAAAAAx3CAAAABAAAAAIdAAHdXNlcl9pZHQAIGY3ZTlkZTM3NGNhMjRmNDFiNWY5Zjc0Mjg5ODRlNmM0dAAUamF2YW1lbG9keS51c2VyQWdlbnR0AT5Nb3ppbGxhLzUuMCAoTGludXg7IEFuZHJvaWQgOC4wOyBBTFAtQUwwMCBCdWlsZC9IVUFXRUlBTFAtQUwwMDsgd3YpIEFwcGxlV2ViS2l0LzUzNy4zNiAoS0hUTUwsIGxpa2UgR2Vja28pIFZlcnNpb24vNC4wIENocm9tZS81Ny4wLjI5ODcuMTMyIE1RUUJyb3dzZXIvNi4yIFRCUy8wNDM5MDYgTW9iaWxlIFNhZmFyaS81MzcuMzYgTWljcm9NZXNzZW5nZXIvNi42LjIuMTI0MCgweDI2MDYwMjM2KSBOZXRUeXBlL1dJRkkgTGFuZ3VhZ2UvemhfQ04gTWljcm9NZXNzZW5nZXIvNi42LjIuMTI0MCgweDI2MDYwMjM2KSBOZXRUeXBlL1dJRkkgTGFuZ3VhZ2UvemhfQ050AFBvcmcuYXBhY2hlLnNoaXJvLnN1YmplY3Quc3VwcG9ydC5EZWZhdWx0U3ViamVjdENvbnRleHRfQVVUSEVOVElDQVRFRF9TRVNTSU9OX0tFWXNyABFqYXZhLmxhbmcuQm9vbGVhbs0gcoDVnPruAgABWgAFdmFsdWV4cAF0ABVqYXZhbWVsb2R5LnJlbW90ZUFkZHJ0ACcxOTIuMTY4LjEwLjExIGZvcndhcmRlZCBmb3IgNjAuMTkwLjcuODR0ABJqYXZhbWVsb2R5LmNvdW50cnl0AAJDTnQATW9yZy5hcGFjaGUuc2hpcm8uc3ViamVjdC5zdXBwb3J0LkRlZmF1bHRTdWJqZWN0Q29udGV4dF9QUklOQ0lQQUxTX1NFU1NJT05fS0VZc3IAMm9yZy5hcGFjaGUuc2hpcm8uc3ViamVjdC5TaW1wbGVQcmluY2lwYWxDb2xsZWN0aW9uqH9YJcajCEoDAAFMAA9yZWFsbVByaW5jaXBhbHN0AA9MamF2YS91dGlsL01hcDt4cHNyABdqYXZhLnV0aWwuTGlua2VkSGFzaE1hcDTATlwQbMD7AgABWgALYWNjZXNzT3JkZXJ4cQB+AAY/QAAAAAAADHcIAAAAEAAAAAF0ACBjb20uZHQuY29yZS5zaGlyby5TaGlyb0RiUmVhbG1fMHNyABdqYXZhLnV0aWwuTGlua2VkSGFzaFNldNhs11qV3SoeAgAAeHIAEWphdmEudXRpbC5IYXNoU2V0ukSFlZa4tzQDAAB4cHcMAAAAED9AAAAAAAABc3IAG2NvbS5kdC5jb3JlLnNoaXJvLlNoaXJvVXNlcgAAAAAAAAABAgAFTAAHYWNjb3VudHQAEkxqYXZhL2xhbmcvU3RyaW5nO0wAAmlkcQB+AB5MAARuYW1lcQB+AB5MAAhyb2xlTGlzdHQAEExqYXZhL3V0aWwvTGlzdDtMAAlyb2xlTmFtZXNxAH4AH3hwdAAgMzBmZTdiOWIzYTM1MjA2ZjJkMzIzZjQxYTE4N2U1ZDFxAH4ACXEAfgAhc3IAE2phdmEudXRpbC5BcnJheUxpc3R4gdIdmcdhnQMAAUkABHNpemV4cAAAAAB3BAAAAAB4c3EAfgAiAAAAAHcEAAAAAHh4eAB3AQFxAH4AGHh0AAlzaGlyb1VzZXJxAH4AIHQAFWphdmFtZWxvZHkucmVtb3RlVXNlcnQAI2NvbS5kdC5jb3JlLnNoaXJvLlNoaXJvVXNlckBkZWQ1NmQxeHg=', '22906d587e7c22706757492d37355cd7', 'f7e9de374ca24f41b5f9f7428984e6c4', '2018-02-08 14:01:07', '2018-02-08 14:01:07', '60.190.7.84', 'Mozilla/5.0 (Linux; Android 8.0; ALP-AL00 Build/HUAWEIALP-AL00; wv) AppleWebKit/537.36 (KHTML, like Gecko) Version/4.0 Chrome/57.0.2987.132 MQQBrowser/6.2 TBS/043906 Mobile Safari/537.36 MicroMessenger/6.6.2.1240(0x26060236) NetType/WIFI Language/zh_CN MicroMessenger/6.6.2.1240(0x26060236) NetType/WIFI Language/zh_CN', 'xcx'), ('1ded138e-20b0-40fd-9209-cff09470622f', '2018-02-08 18:35:59', null, '1ded138e-20b0-40fd-9209-cff09470622f', 'rO0ABXNyACpvcmcuYXBhY2hlLnNoaXJvLnNlc3Npb24ubWd0LlNpbXBsZVNlc3Npb26dHKG41YxibgMAAHhwdwIA23QAJDFkZWQxMzhlLTIwYjAtNDBmZC05MjA5LWNmZjA5NDcwNjIyZnNyAA5qYXZhLnV0aWwuRGF0ZWhqgQFLWXQZAwAAeHB3CAAAAWF0+gyWeHNxAH4AA3cIAAABYXT8eu94dxgAAAAGCPPQAAAOMjIyLjIwOS44My4xMjJzcgARamF2YS51dGlsLkhhc2hNYXAFB9rBwxZg0QMAAkYACmxvYWRGYWN0b3JJAAl0aHJlc2hvbGR4cD9AAAAAAAAMdwgAAAAQAAAACXQAC3Nlc3Npb25GbGFnc3IAEWphdmEubGFuZy5Cb29sZWFuzSBygNWc+u4CAAFaAAV2YWx1ZXhwAXQAB3VzZXJfaWR0ACAwMWU3NTAzZjAwNzE0YWU5ODRkODA0MWEyNTRkNDNhOHQAFGphdmFtZWxvZHkudXNlckFnZW50dABzTW96aWxsYS81LjAgKFdpbmRvd3MgTlQgMTAuMDsgV2luNjQ7IHg2NCkgQXBwbGVXZWJLaXQvNTM3LjM2IChLSFRNTCwgbGlrZSBHZWNrbykgQ2hyb21lLzYwLjAuMzExMi4xMTMgU2FmYXJpLzUzNy4zNnQAUG9yZy5hcGFjaGUuc2hpcm8uc3ViamVjdC5zdXBwb3J0LkRlZmF1bHRTdWJqZWN0Q29udGV4dF9BVVRIRU5USUNBVEVEX1NFU1NJT05fS0VZcQB+AAp0ABVqYXZhbWVsb2R5LnJlbW90ZUFkZHJ0AA4yMjIuMjA5LjgzLjEyMnQAEmphdmFtZWxvZHkuY291bnRyeXQAAkNOdABNb3JnLmFwYWNoZS5zaGlyby5zdWJqZWN0LnN1cHBvcnQuRGVmYXVsdFN1YmplY3RDb250ZXh0X1BSSU5DSVBBTFNfU0VTU0lPTl9LRVlzcgAyb3JnLmFwYWNoZS5zaGlyby5zdWJqZWN0LlNpbXBsZVByaW5jaXBhbENvbGxlY3Rpb26of1glxqMISgMAAUwAD3JlYWxtUHJpbmNpcGFsc3QAD0xqYXZhL3V0aWwvTWFwO3hwc3IAF2phdmEudXRpbC5MaW5rZWRIYXNoTWFwNMBOXBBswPsCAAFaAAthY2Nlc3NPcmRlcnhxAH4ABj9AAAAAAAAMdwgAAAAQAAAAAXQAIGNvbS5kdC5jb3JlLnNoaXJvLlNoaXJvRGJSZWFsbV8wc3IAF2phdmEudXRpbC5MaW5rZWRIYXNoU2V02GzXWpXdKh4CAAB4cgARamF2YS51dGlsLkhhc2hTZXS6RIWVlri3NAMAAHhwdwwAAAAQP0AAAAAAAAFzcgAbY29tLmR0LmNvcmUuc2hpcm8uU2hpcm9Vc2VyAAAAAAAAAAECAAVMAAdhY2NvdW50dAASTGphdmEvbGFuZy9TdHJpbmc7TAACaWRxAH4AH0wABG5hbWVxAH4AH0wACHJvbGVMaXN0dAAQTGphdmEvdXRpbC9MaXN0O0wACXJvbGVOYW1lc3EAfgAgeHB0AAVhZG1pbnEAfgAMcQB+ACJzcgATamF2YS51dGlsLkFycmF5TGlzdHiB0h2Zx2GdAwABSQAEc2l6ZXhwAAAAAXcEAAAAAXQAJDk0MjBlMTJjLTMwMDMtNDQxYS1iZTc5LWQyZDZmNjFlNTQ3OHhzcQB+ACMAAAABdwQAAAABdAAS57O757uf566h55CG5Lq65ZGYeHh4AHcBAXEAfgAZeHQACXNoaXJvVXNlcnEAfgAhdAAVamF2YW1lbG9keS5yZW1vdGVVc2VydAAkY29tLmR0LmNvcmUuc2hpcm8uU2hpcm9Vc2VyQDU2ODVmZGEweHg=', 'ce782298532aa704cc5edbba4229e025', '01e7503f00714ae984d8041a254d43a8', '2018-02-08 18:33:19', '2018-02-08 18:33:19', '222.209.83.122', 'Mozilla/5.0 (Windows NT 10.0; Win64; x64) AppleWebKit/537.36 (KHTML, like Gecko) Chrome/60.0.3112.113 Safari/537.36', 'web'), ('c77676a1-32e0-48fc-b278-19cf2f26543b', '2018-03-17 22:25:00', null, 'c77676a1-32e0-48fc-b278-19cf2f26543b', 'rO0ABXNyACpvcmcuYXBhY2hlLnNoaXJvLnNlc3Npb24ubWd0LlNpbXBsZVNlc3Npb26dHKG41YxibgMAAHhwdwIA23QAJGM3NzY3NmExLTMyZTAtNDhmYy1iMjc4LTE5Y2YyZjI2NTQzYnNyAA5qYXZhLnV0aWwuRGF0ZWhqgQFLWXQZAwAAeHB3CAAAAWIj/R5SeHNxAH4AA3cIAAABYjRZdj54dxcAAAAGCPPQAAANMTkyLjE2OC4xMC4xMXNyABFqYXZhLnV0aWwuSGFzaE1hcAUH2sHDFmDRAwACRgAKbG9hZEZhY3RvckkACXRocmVzaG9sZHhwP0AAAAAAAAx3CAAAABAAAAAJdAALc2Vzc2lvbkZsYWdzcgARamF2YS5sYW5nLkJvb2xlYW7NIHKA1Zz67gIAAVoABXZhbHVleHABdAAHdXNlcl9pZHQAA3N5c3QAFGphdmFtZWxvZHkudXNlckFnZW50dAB4TW96aWxsYS81LjAgKE1hY2ludG9zaDsgSW50ZWwgTWFjIE9TIFggMTBfMTNfMykgQXBwbGVXZWJLaXQvNTM3LjM2IChLSFRNTCwgbGlrZSBHZWNrbykgQ2hyb21lLzYzLjAuMzIzOS44NCBTYWZhcmkvNTM3LjM2dABQb3JnLmFwYWNoZS5zaGlyby5zdWJqZWN0LnN1cHBvcnQuRGVmYXVsdFN1YmplY3RDb250ZXh0X0FVVEhFTlRJQ0FURURfU0VTU0lPTl9LRVlxAH4ACnQAFWphdmFtZWxvZHkucmVtb3RlQWRkcnQADTE5Mi4xNjguMTAuMTF0ABJqYXZhbWVsb2R5LmNvdW50cnl0AAJDTnQATW9yZy5hcGFjaGUuc2hpcm8uc3ViamVjdC5zdXBwb3J0LkRlZmF1bHRTdWJqZWN0Q29udGV4dF9QUklOQ0lQQUxTX1NFU1NJT05fS0VZc3IAMm9yZy5hcGFjaGUuc2hpcm8uc3ViamVjdC5TaW1wbGVQcmluY2lwYWxDb2xsZWN0aW9uqH9YJcajCEoDAAFMAA9yZWFsbVByaW5jaXBhbHN0AA9MamF2YS91dGlsL01hcDt4cHNyABdqYXZhLnV0aWwuTGlua2VkSGFzaE1hcDTATlwQbMD7AgABWgALYWNjZXNzT3JkZXJ4cQB+AAY/QAAAAAAADHcIAAAAEAAAAAF0ACBjb20uZHQuY29yZS5zaGlyby5TaGlyb0RiUmVhbG1fMHNyABdqYXZhLnV0aWwuTGlua2VkSGFzaFNldNhs11qV3SoeAgAAeHIAEWphdmEudXRpbC5IYXNoU2V0ukSFlZa4tzQDAAB4cHcMAAAAED9AAAAAAAABc3IAG2NvbS5kdC5jb3JlLnNoaXJvLlNoaXJvVXNlcgAAAAAAAAABAgAFTAAHYWNjb3VudHQAEkxqYXZhL2xhbmcvU3RyaW5nO0wAAmlkcQB+AB9MAARuYW1lcQB+AB9MAAhyb2xlTGlzdHQAEExqYXZhL3V0aWwvTGlzdDtMAAlyb2xlTmFtZXNxAH4AIHhwdAADc3lzcQB+AAxxAH4AInNyABNqYXZhLnV0aWwuQXJyYXlMaXN0eIHSHZnHYZ0DAAFJAARzaXpleHAAAAABdwQAAAABdAAkOTQyMGUxMmMtMzAwMy00NDFhLWJlNzktZDJkNmY2MWU1NDc4eHNxAH4AIwAAAAF3BAAAAAF0ABLns7vnu5/nrqHnkIbkurrlkZh4eHgAdwEBcQB+ABl4dAAJc2hpcm9Vc2VycQB+ACF0ABVqYXZhbWVsb2R5LnJlbW90ZVVzZXJ0ACRjb20uZHQuY29yZS5zaGlyby5TaGlyb1VzZXJAN2MwY2FjZDJ4eA==', '24d933e3b7ac6c6c0ff186118047aebc', 'sys', '2018-03-14 18:10:13', '2018-03-14 18:10:13', '192.168.10.11', 'Mozilla/5.0 (Macintosh; Intel Mac OS X 10_13_3) AppleWebKit/537.36 (KHTML, like Gecko) Chrome/63.0.3239.84 Safari/537.36', 'web'), ('0d16e2c6-578a-4c85-99f5-232cabfcffbf', '2018-03-14 08:35:14', null, '0d16e2c6-578a-4c85-99f5-232cabfcffbf', 'rO0ABXNyACpvcmcuYXBhY2hlLnNoaXJvLnNlc3Npb24ubWd0LlNpbXBsZVNlc3Npb26dHKG41YxibgMAAHhwdwIA23QAJDBkMTZlMmM2LTU3OGEtNGM4NS05OWY1LTIzMmNhYmZjZmZiZnNyAA5qYXZhLnV0aWwuRGF0ZWhqgQFLWXQZAwAAeHB3CAAAAWIh7r7leHEAfgAEdxMAAAAGCPPQAAAJMTI3LjAuMC4xc3IAEWphdmEudXRpbC5IYXNoTWFwBQfawcMWYNEDAAJGAApsb2FkRmFjdG9ySQAJdGhyZXNob2xkeHA/QAAAAAAADHcIAAAAEAAAAAl0AAtzZXNzaW9uRmxhZ3NyABFqYXZhLmxhbmcuQm9vbGVhbs0gcoDVnPruAgABWgAFdmFsdWV4cAF0AAd1c2VyX2lkdAAgMDFlNzUwM2YwMDcxNGFlOTg0ZDgwNDFhMjU0ZDQzYTh0ABRqYXZhbWVsb2R5LnVzZXJBZ2VudHQAck1vemlsbGEvNS4wIChXaW5kb3dzIE5UIDYuMTsgV2luNjQ7IHg2NCkgQXBwbGVXZWJLaXQvNTM3LjM2IChLSFRNTCwgbGlrZSBHZWNrbykgQ2hyb21lLzY0LjAuMzI4Mi4xODYgU2FmYXJpLzUzNy4zNnQAUG9yZy5hcGFjaGUuc2hpcm8uc3ViamVjdC5zdXBwb3J0LkRlZmF1bHRTdWJqZWN0Q29udGV4dF9BVVRIRU5USUNBVEVEX1NFU1NJT05fS0VZcQB+AAl0ABVqYXZhbWVsb2R5LnJlbW90ZUFkZHJ0AAkxMjcuMC4wLjF0ABJqYXZhbWVsb2R5LmNvdW50cnl0AAJDTnQATW9yZy5hcGFjaGUuc2hpcm8uc3ViamVjdC5zdXBwb3J0LkRlZmF1bHRTdWJqZWN0Q29udGV4dF9QUklOQ0lQQUxTX1NFU1NJT05fS0VZc3IAMm9yZy5hcGFjaGUuc2hpcm8uc3ViamVjdC5TaW1wbGVQcmluY2lwYWxDb2xsZWN0aW9uqH9YJcajCEoDAAFMAA9yZWFsbVByaW5jaXBhbHN0AA9MamF2YS91dGlsL01hcDt4cHNyABdqYXZhLnV0aWwuTGlua2VkSGFzaE1hcDTATlwQbMD7AgABWgALYWNjZXNzT3JkZXJ4cQB+AAU/QAAAAAAADHcIAAAAEAAAAAF0ACBjb20uZHQuY29yZS5zaGlyby5TaGlyb0RiUmVhbG1fMHNyABdqYXZhLnV0aWwuTGlua2VkSGFzaFNldNhs11qV3SoeAgAAeHIAEWphdmEudXRpbC5IYXNoU2V0ukSFlZa4tzQDAAB4cHcMAAAAED9AAAAAAAABc3IAG2NvbS5kdC5jb3JlLnNoaXJvLlNoaXJvVXNlcgAAAAAAAAABAgAFTAAHYWNjb3VudHQAEkxqYXZhL2xhbmcvU3RyaW5nO0wAAmlkcQB+AB5MAARuYW1lcQB+AB5MAAhyb2xlTGlzdHQAEExqYXZhL3V0aWwvTGlzdDtMAAlyb2xlTmFtZXNxAH4AH3hwdAAFYWRtaW5xAH4AC3EAfgAhc3IAE2phdmEudXRpbC5BcnJheUxpc3R4gdIdmcdhnQMAAUkABHNpemV4cAAAAAF3BAAAAAF0ACQ5NDIwZTEyYy0zMDAzLTQ0MWEtYmU3OS1kMmQ2ZjYxZTU0Nzh4c3EAfgAiAAAAAXcEAAAAAXQAEuezu+e7n+euoeeQhuS6uuWRmHh4eAB3AQFxAH4AGHh0AAlzaGlyb1VzZXJxAH4AIHQAFWphdmFtZWxvZHkucmVtb3RlVXNlcnQAJGNvbS5kdC5jb3JlLnNoaXJvLlNoaXJvVXNlckAzMjQzMGNlZHh4', 'c54b9d79f8815a7d1798f53f53b554bd', '01e7503f00714ae984d8041a254d43a8', '2018-03-14 08:35:17', '2018-03-14 08:35:14', '127.0.0.1', 'Mozilla/5.0 (Windows NT 6.1; Win64; x64) AppleWebKit/537.36 (KHTML, like Gecko) Chrome/64.0.3282.186 Safari/537.36', 'web'), ('5bfd5e57-df98-44d1-89a8-c6b4f5da82e9', '2018-03-16 15:25:39', null, '5bfd5e57-df98-44d1-89a8-c6b4f5da82e9', 'rO0ABXNyACpvcmcuYXBhY2hlLnNoaXJvLnNlc3Npb24ubWd0LlNpbXBsZVNlc3Npb26dHKG41YxibgMAAHhwdwIA23QAJDViZmQ1ZTU3LWRmOTgtNDRkMS04OWE4LWM2YjRmNWRhODJlOXNyAA5qYXZhLnV0aWwuRGF0ZWhqgQFLWXQZAwAAeHB3CAAAAWIixMyveHNxAH4AA3cIAAABYi2zK+p4dxcAAAAGCPPQAAANNjAuMTkwLjMxLjE2NHNyABFqYXZhLnV0aWwuSGFzaE1hcAUH2sHDFmDRAwACRgAKbG9hZEZhY3RvckkACXRocmVzaG9sZHhwP0AAAAAAAAx3CAAAABAAAAAJdAALc2Vzc2lvbkZsYWdzcgARamF2YS5sYW5nLkJvb2xlYW7NIHKA1Zz67gIAAVoABXZhbHVleHABdAAHdXNlcl9pZHQAIDAxZTc1MDNmMDA3MTRhZTk4NGQ4MDQxYTI1NGQ0M2E4dAAUamF2YW1lbG9keS51c2VyQWdlbnR0AHJNb3ppbGxhLzUuMCAoV2luZG93cyBOVCA2LjE7IFdpbjY0OyB4NjQpIEFwcGxlV2ViS2l0LzUzNy4zNiAoS0hUTUwsIGxpa2UgR2Vja28pIENocm9tZS82NC4wLjMyODIuMTg2IFNhZmFyaS81MzcuMzZ0AFBvcmcuYXBhY2hlLnNoaXJvLnN1YmplY3Quc3VwcG9ydC5EZWZhdWx0U3ViamVjdENvbnRleHRfQVVUSEVOVElDQVRFRF9TRVNTSU9OX0tFWXEAfgAKdAAVamF2YW1lbG9keS5yZW1vdGVBZGRydAANNjAuMTkwLjMxLjE2NHQAEmphdmFtZWxvZHkuY291bnRyeXQAAkNOdABNb3JnLmFwYWNoZS5zaGlyby5zdWJqZWN0LnN1cHBvcnQuRGVmYXVsdFN1YmplY3RDb250ZXh0X1BSSU5DSVBBTFNfU0VTU0lPTl9LRVlzcgAyb3JnLmFwYWNoZS5zaGlyby5zdWJqZWN0LlNpbXBsZVByaW5jaXBhbENvbGxlY3Rpb26of1glxqMISgMAAUwAD3JlYWxtUHJpbmNpcGFsc3QAD0xqYXZhL3V0aWwvTWFwO3hwc3IAF2phdmEudXRpbC5MaW5rZWRIYXNoTWFwNMBOXBBswPsCAAFaAAthY2Nlc3NPcmRlcnhxAH4ABj9AAAAAAAAMdwgAAAAQAAAAAXQAIGNvbS5kdC5jb3JlLnNoaXJvLlNoaXJvRGJSZWFsbV8wc3IAF2phdmEudXRpbC5MaW5rZWRIYXNoU2V02GzXWpXdKh4CAAB4cgARamF2YS51dGlsLkhhc2hTZXS6RIWVlri3NAMAAHhwdwwAAAAQP0AAAAAAAAFzcgAbY29tLmR0LmNvcmUuc2hpcm8uU2hpcm9Vc2VyAAAAAAAAAAECAAVMAAdhY2NvdW50dAASTGphdmEvbGFuZy9TdHJpbmc7TAACaWRxAH4AH0wABG5hbWVxAH4AH0wACHJvbGVMaXN0dAAQTGphdmEvdXRpbC9MaXN0O0wACXJvbGVOYW1lc3EAfgAgeHB0AAVhZG1pbnEAfgAMcQB+ACJzcgATamF2YS51dGlsLkFycmF5TGlzdHiB0h2Zx2GdAwABSQAEc2l6ZXhwAAAAAXcEAAAAAXQAJDk0MjBlMTJjLTMwMDMtNDQxYS1iZTc5LWQyZDZmNjFlNTQ3OHhzcQB+ACMAAAABdwQAAAABdAAS57O757uf566h55CG5Lq65ZGYeHh4AHcBAXEAfgAZeHQACXNoaXJvVXNlcnEAfgAhdAAVamF2YW1lbG9keS5yZW1vdGVVc2VydAAkY29tLmR0LmNvcmUuc2hpcm8uU2hpcm9Vc2VyQDVlN2JlM2FleHg=', 'bbd197e8123c2eeb699c350e82bd4d29', '01e7503f00714ae984d8041a254d43a8', '2018-03-14 12:29:05', '2018-03-14 12:29:05', '60.190.31.164', 'Mozilla/5.0 (Windows NT 6.1; Win64; x64) AppleWebKit/537.36 (KHTML, like Gecko) Chrome/64.0.3282.186 Safari/537.36', 'web'), ('b51ea090-07c7-47c9-bfc7-d89ea27fdcd5', '2018-03-13 12:19:42', null, 'b51ea090-07c7-47c9-bfc7-d89ea27fdcd5', 'rO0ABXNyACpvcmcuYXBhY2hlLnNoaXJvLnNlc3Npb24ubWd0LlNpbXBsZVNlc3Npb26dHKG41YxibgMAAHhwdwIA23QAJGI1MWVhMDkwLTA3YzctNDdjOS1iZmM3LWQ4OWVhMjdmZGNkNXNyAA5qYXZhLnV0aWwuRGF0ZWhqgQFLWXQZAwAAeHB3CAAAAWIdld6ReHNxAH4AA3cIAAABYh2V5Rh4dxMAAAAGCPPQAAAJMTI3LjAuMC4xc3IAEWphdmEudXRpbC5IYXNoTWFwBQfawcMWYNEDAAJGAApsb2FkRmFjdG9ySQAJdGhyZXNob2xkeHA/QAAAAAAADHcIAAAAEAAAAAl0AAtzZXNzaW9uRmxhZ3NyABFqYXZhLmxhbmcuQm9vbGVhbs0gcoDVnPruAgABWgAFdmFsdWV4cAF0AAd1c2VyX2lkdAAgMDFlNzUwM2YwMDcxNGFlOTg0ZDgwNDFhMjU0ZDQzYTh0ABRqYXZhbWVsb2R5LnVzZXJBZ2VudHQAck1vemlsbGEvNS4wIChXaW5kb3dzIE5UIDYuMTsgV2luNjQ7IHg2NCkgQXBwbGVXZWJLaXQvNTM3LjM2IChLSFRNTCwgbGlrZSBHZWNrbykgQ2hyb21lLzY0LjAuMzI4Mi4xODYgU2FmYXJpLzUzNy4zNnQAUG9yZy5hcGFjaGUuc2hpcm8uc3ViamVjdC5zdXBwb3J0LkRlZmF1bHRTdWJqZWN0Q29udGV4dF9BVVRIRU5USUNBVEVEX1NFU1NJT05fS0VZcQB+AAp0ABVqYXZhbWVsb2R5LnJlbW90ZUFkZHJ0AAkxMjcuMC4wLjF0ABJqYXZhbWVsb2R5LmNvdW50cnl0AAJDTnQATW9yZy5hcGFjaGUuc2hpcm8uc3ViamVjdC5zdXBwb3J0LkRlZmF1bHRTdWJqZWN0Q29udGV4dF9QUklOQ0lQQUxTX1NFU1NJT05fS0VZc3IAMm9yZy5hcGFjaGUuc2hpcm8uc3ViamVjdC5TaW1wbGVQcmluY2lwYWxDb2xsZWN0aW9uqH9YJcajCEoDAAFMAA9yZWFsbVByaW5jaXBhbHN0AA9MamF2YS91dGlsL01hcDt4cHNyABdqYXZhLnV0aWwuTGlua2VkSGFzaE1hcDTATlwQbMD7AgABWgALYWNjZXNzT3JkZXJ4cQB+AAY/QAAAAAAADHcIAAAAEAAAAAF0ACBjb20uZHQuY29yZS5zaGlyby5TaGlyb0RiUmVhbG1fMHNyABdqYXZhLnV0aWwuTGlua2VkSGFzaFNldNhs11qV3SoeAgAAeHIAEWphdmEudXRpbC5IYXNoU2V0ukSFlZa4tzQDAAB4cHcMAAAAED9AAAAAAAABc3IAG2NvbS5kdC5jb3JlLnNoaXJvLlNoaXJvVXNlcgAAAAAAAAABAgAFTAAHYWNjb3VudHQAEkxqYXZhL2xhbmcvU3RyaW5nO0wAAmlkcQB+AB9MAARuYW1lcQB+AB9MAAhyb2xlTGlzdHQAEExqYXZhL3V0aWwvTGlzdDtMAAlyb2xlTmFtZXNxAH4AIHhwdAAFYWRtaW5xAH4ADHEAfgAic3IAE2phdmEudXRpbC5BcnJheUxpc3R4gdIdmcdhnQMAAUkABHNpemV4cAAAAAF3BAAAAAF0ACQ5NDIwZTEyYy0zMDAzLTQ0MWEtYmU3OS1kMmQ2ZjYxZTU0Nzh4c3EAfgAjAAAAAXcEAAAAAXQAEuezu+e7n+euoeeQhuS6uuWRmHh4eAB3AQFxAH4AGXh0AAlzaGlyb1VzZXJxAH4AIXQAFWphdmFtZWxvZHkucmVtb3RlVXNlcnQAJGNvbS5kdC5jb3JlLnNoaXJvLlNoaXJvVXNlckAyZDUxNWI3OHh4', '6794988228dec0bc61a927b3d859dab2', '01e7503f00714ae984d8041a254d43a8', '2018-03-13 12:19:43', '2018-03-13 12:19:41', '127.0.0.1', 'Mozilla/5.0 (Windows NT 6.1; Win64; x64) AppleWebKit/537.36 (KHTML, like Gecko) Chrome/64.0.3282.186 Safari/537.36', 'web'), ('9abd9175-fba0-4948-803b-b6de87237342', '2018-03-13 16:13:53', null, '9abd9175-fba0-4948-803b-b6de87237342', 'rO0ABXNyACpvcmcuYXBhY2hlLnNoaXJvLnNlc3Npb24ubWd0LlNpbXBsZVNlc3Npb26dHKG41YxibgMAAHhwdwIA23QAJDlhYmQ5MTc1LWZiYTAtNDk0OC04MDNiLWI2ZGU4NzIzNzM0MnNyAA5qYXZhLnV0aWwuRGF0ZWhqgQFLWXQZAwAAeHB3CAAAAWIea+tbeHNxAH4AA3cIAAABYh5sS814dxMAAAAGCPPQAAAJMTI3LjAuMC4xc3IAEWphdmEudXRpbC5IYXNoTWFwBQfawcMWYNEDAAJGAApsb2FkRmFjdG9ySQAJdGhyZXNob2xkeHA/QAAAAAAADHcIAAAAEAAAAAp0AAtzZXNzaW9uRmxhZ3NyABFqYXZhLmxhbmcuQm9vbGVhbs0gcoDVnPruAgABWgAFdmFsdWV4cAF0ABFzaGlyb1NhdmVkUmVxdWVzdHNyACZvcmcuYXBhY2hlLnNoaXJvLndlYi51dGlsLlNhdmVkUmVxdWVzdK/OPK15gsq6AgADTAAGbWV0aG9kdAASTGphdmEvbGFuZy9TdHJpbmc7TAALcXVlcnlTdHJpbmdxAH4ADUwACnJlcXVlc3RVUklxAH4ADXhwdAADR0VUcHQADy94eS9kdC9jb25zb2xlL3QAB3VzZXJfaWR0ACAwMWU3NTAzZjAwNzE0YWU5ODRkODA0MWEyNTRkNDNhOHQAFGphdmFtZWxvZHkudXNlckFnZW50dAByTW96aWxsYS81LjAgKFdpbmRvd3MgTlQgNi4xOyBXaW42NDsgeDY0KSBBcHBsZVdlYktpdC81MzcuMzYgKEtIVE1MLCBsaWtlIEdlY2tvKSBDaHJvbWUvNjQuMC4zMjgyLjE4NiBTYWZhcmkvNTM3LjM2dABQb3JnLmFwYWNoZS5zaGlyby5zdWJqZWN0LnN1cHBvcnQuRGVmYXVsdFN1YmplY3RDb250ZXh0X0FVVEhFTlRJQ0FURURfU0VTU0lPTl9LRVlxAH4ACnQAFWphdmFtZWxvZHkucmVtb3RlQWRkcnQACTEyNy4wLjAuMXQAEmphdmFtZWxvZHkuY291bnRyeXQAAkNOdABNb3JnLmFwYWNoZS5zaGlyby5zdWJqZWN0LnN1cHBvcnQuRGVmYXVsdFN1YmplY3RDb250ZXh0X1BSSU5DSVBBTFNfU0VTU0lPTl9LRVlzcgAyb3JnLmFwYWNoZS5zaGlyby5zdWJqZWN0LlNpbXBsZVByaW5jaXBhbENvbGxlY3Rpb26of1glxqMISgMAAUwAD3JlYWxtUHJpbmNpcGFsc3QAD0xqYXZhL3V0aWwvTWFwO3hwc3IAF2phdmEudXRpbC5MaW5rZWRIYXNoTWFwNMBOXBBswPsCAAFaAAthY2Nlc3NPcmRlcnhxAH4ABj9AAAAAAAAMdwgAAAAQAAAAAXQAIGNvbS5kdC5jb3JlLnNoaXJvLlNoaXJvRGJSZWFsbV8wc3IAF2phdmEudXRpbC5MaW5rZWRIYXNoU2V02GzXWpXdKh4CAAB4cgARamF2YS51dGlsLkhhc2hTZXS6RIWVlri3NAMAAHhwdwwAAAAQP0AAAAAAAAFzcgAbY29tLmR0LmNvcmUuc2hpcm8uU2hpcm9Vc2VyAAAAAAAAAAECAAVMAAdhY2NvdW50cQB+AA1MAAJpZHEAfgANTAAEbmFtZXEAfgANTAAIcm9sZUxpc3R0ABBMamF2YS91dGlsL0xpc3Q7TAAJcm9sZU5hbWVzcQB+ACV4cHQABWFkbWlucQB+ABJxAH4AJ3NyABNqYXZhLnV0aWwuQXJyYXlMaXN0eIHSHZnHYZ0DAAFJAARzaXpleHAAAAABdwQAAAABdAAkOTQyMGUxMmMtMzAwMy00NDFhLWJlNzktZDJkNmY2MWU1NDc4eHNxAH4AKAAAAAF3BAAAAAF0ABLns7vnu5/nrqHnkIbkurrlkZh4eHgAdwEBcQB+AB94dAAJc2hpcm9Vc2VycQB+ACZ0ABVqYXZhbWVsb2R5LnJlbW90ZVVzZXJ0ACRjb20uZHQuY29yZS5zaGlyby5TaGlyb1VzZXJANTZlODcxNmR4eA==', '6e08f0c91ab26c268bbc91246ffeb803', '01e7503f00714ae984d8041a254d43a8', '2018-03-13 16:13:31', '2018-03-13 16:13:43', '127.0.0.1', 'Mozilla/5.0 (Windows NT 6.1; Win64; x64) AppleWebKit/537.36 (KHTML, like Gecko) Chrome/64.0.3282.186 Safari/537.36', 'web');
COMMIT;

-- ----------------------------
-- Table structure for `sys_user_bal_dtl`
-- ----------------------------
DROP TABLE IF EXISTS `sys_user_bal_dtl`;
CREATE TABLE `sys_user_bal_dtl` (
`id`  varchar(100) NOT NULL ,
`user_id`  varchar(100) NULL ,
`action`  varchar(100) NULL ,
`value`  varchar(100) NULL ,
`mark`  varchar(100) NULL ,
`flag`  varchar(100) NULL ,
`rtime`  datetime NULL ,
`is_delete`  char(1) NULL ,
PRIMARY KEY (`id`)
)

;

-- ----------------------------
-- Records of SYS_USER_BAL_DTL
-- ----------------------------
BEGIN;
INSERT INTO `sys_user_bal_dtl` VALUES ('540f4534-c9fc-409c-8a18-f8e69c268d71', '93c8d26d261042cb82ce4d7e629e4eec', 'reduce', '5', 'aa', null, '2018-02-25 13:27:02', 'N'), ('b0fc7ac0-f8bf-421e-9575-0fac274988d2', '93c8d26d261042cb82ce4d7e629e4eec', 'reduce', '5', 'aa', null, '2018-02-25 13:26:57', 'N');
COMMIT;

-- ----------------------------
-- Table structure for `sys_user_group`
-- ----------------------------
DROP TABLE IF EXISTS `sys_user_group`;
CREATE TABLE `sys_user_group` (
`group_id`  varchar(50) NOT NULL ,
`name`  varchar(200) NULL ,
`sort`  decimal(5,0) NULL ,
`mark`  text NULL ,
`deleted`  char(1) NULL ,
PRIMARY KEY (`group_id`)
)

;

-- ----------------------------
-- Records of SYS_USER_GROUP
-- ----------------------------
BEGIN;
INSERT INTO `sys_user_group` VALUES ('b2e47ad0ed9b41a88d6aeeae07a443fa', 't t', '12', null, 'N'), ('949342dc596b417888e6fb54cbe7c5bf', '组AA', '1', '其他', 'N'), ('ab6ba3b83a5c454a8ff9409dc213a1ab', 't', '12', '12', 'N');
COMMIT;

-- ----------------------------
-- Table structure for `sys_user_group_item`
-- ----------------------------
DROP TABLE IF EXISTS `sys_user_group_item`;
CREATE TABLE `sys_user_group_item` (
`id`  varchar(50) NOT NULL ,
`group_id`  varchar(50) NULL ,
`user_id`  varchar(50) NULL ,
PRIMARY KEY (`id`)
)

;

-- ----------------------------
-- Records of SYS_USER_GROUP_ITEM
-- ----------------------------
BEGIN;
COMMIT;

-- ----------------------------
-- Table structure for `sys_user_homeaddr`
-- ----------------------------
DROP TABLE IF EXISTS `sys_user_homeaddr`;
CREATE TABLE `sys_user_homeaddr` (
`id`  varchar(50) NOT NULL ,
`user_id`  varchar(50) NULL ,
`provinceid`  varchar(50) NULL ,
`provincename`  text NULL ,
`cityid`  varchar(50) NULL ,
`cityname`  text NULL ,
`areaid`  varchar(50) NULL ,
`areaname`  text NULL ,
`ct`  text NULL ,
`is_deleted`  char(1) NULL ,
PRIMARY KEY (`id`)
)

;

-- ----------------------------
-- Records of SYS_USER_HOMEADDR
-- ----------------------------
BEGIN;
COMMIT;

-- ----------------------------
-- Table structure for `sys_user_info`
-- ----------------------------
DROP TABLE IF EXISTS `sys_user_info`;
CREATE TABLE `sys_user_info` (
`user_id`  varchar(50) NOT NULL ,
`empl_id`  varchar(50) NOT NULL ,
`user_name`  varchar(100) NOT NULL ,
`user_type`  varchar(50) NOT NULL ,
`nickname`  varchar(200) NULL ,
`name`  varchar(200) NULL ,
`pwd`  varchar(50) NULL ,
`status`  char(1) NULL ,
`org_id`  varchar(50) NULL ,
`locked`  char(1) NOT NULL ,
`token`  varchar(100) NULL ,
`tel`  varchar(100) NULL ,
`qq`  varchar(20) NULL ,
`mail`  varchar(100) NULL ,
`profile`  text NULL ,
`mark`  varchar(200) NULL ,
`homeaddr_def`  varchar(50) NULL ,
`receaddr_def`  varchar(50) NULL ,
`birth`  datetime NULL ,
`weixin`  varchar(50) NULL ,
`sex`  char(1) NULL ,
`deleted`  char(1) NULL ,
`photo`  varchar(50) NULL ,
`create_time`  datetime NULL ,
`create_ip`  varchar(50) NULL ,
`last_login_time`  datetime NULL ,
`last_login_ip`  varchar(50) NULL ,
`system`  varchar(50) NULL ,
`open_id`  varchar(100) NULL ,
`score`  decimal(65,30) NULL ,
`shop_id`  varchar(50) NULL ,
`avatarurl`  text NULL ,
`balance`  decimal(10,0) NULL ,
PRIMARY KEY (`user_id`)
)

;

-- ----------------------------
-- Records of SYS_USER_INFO
-- ----------------------------
BEGIN;
INSERT INTO `sys_user_info` VALUES ('4b782be556134d4eb4b26bcc0eb89d56', '000211', 'fkfkfkfkf', 'sys', 'toy', 'fkfkfkfkf', '0', null, null, 'Y', null, '11', null, null, null, null, null, null, null, null, '1', 'Y', null, null, null, null, null, '1', null, '30', '3ec3309a3d4b45728b317d844571b5ee', null, null), ('48d409eed9094067b8c83df363fc2055', '000212', 'empl000212', 'empl', 'toy', 'AABC', '0', null, null, 'Y', null, '4135', null, null, null, null, null, null, null, null, '1', 'Y', null, null, null, null, null, '1', null, '30', '3ec3309a3d4b45728b317d844571b5ee', null, null), ('93c8d26d261042cb82ce4d7e629e4eec', '000213', '212', 'sys', 'toy', '1212', '0', null, null, 'Y', null, null, null, null, null, null, null, null, null, null, '1', 'Y', null, null, null, null, null, '1', null, '30', '3ec3309a3d4b45728b317d844571b5ee', null, '90'), ('sys', '000217', 'sys', 'sys', 'toy', '超级管理员', '0', null, null, 'N', null, '15728001528', null, null, null, null, null, '102', null, null, '1', 'N', null, null, null, null, null, '1', 'testoqpD20FV0JhbN1v_AEeFLtb3tmGo', '86', '3ec3309a3d4b45728b317d844571b5ee', null, null), ('5d47116aab744b6ebafa7ec3e39d67d8', '000218', 'Empl_000218', 'empl', 'toy', '忘了课', '0', null, null, 'Y', null, null, null, null, null, null, null, null, null, null, '1', 'N', null, null, null, null, null, '1', null, '30', '3ec3309a3d4b45728b317d844571b5ee', null, null), ('96d1ebdffbfa4f8b8fc984a7e3bcc02a', '000228', 'empl000228', 'empl', 'toy', 'tt', '0', null, null, 'Y', null, 'tt', null, null, null, null, null, null, null, null, '1', 'N', null, null, null, null, null, '1', null, null, null, null, null), ('14c698a763f44a7b89977286a9274949', '000210', 'empl000210', 'empl', 'toy', '欣欣2', '0', null, null, 'Y', null, '1257290', null, null, null, null, null, null, null, null, '1', 'Y', null, null, null, null, null, '1', null, '30', '3ec3309a3d4b45728b317d844571b5ee', null, null), ('9f2d6366359b41e28eea86e0b4f20020', '000223', 'hello', 'sys', 'toy', '阿道夫', '0', null, null, 'Y', null, null, null, null, null, '12', null, null, null, null, '1', 'N', null, null, null, null, null, '1', null, null, '3ec3309a3d4b45728b317d844571b5ee', null, null), ('2bab939bd0c3447d8dd2d7dcc3151c6a', '000229', 'lank', 'sys', 'toy', '24', '0', null, null, 'N', null, null, null, null, null, null, null, null, null, null, '1', 'N', null, null, null, null, null, '1', null, null, null, null, null), ('01e7503f00714ae984d8041a254d43a8', '000206', 'admin', 'sys', 'toy', 'admin12', 'admin', null, null, 'N', null, '15712', null, null, null, '12', null, null, null, null, '1', 'N', null, null, null, null, null, '5', null, '30', '3ec3309a3d4b45728b317d844571b5ee', null, null), ('14cf3de149d7401e982cf755ab723b18', '000207', 'juck', 'sys', 'toy', 'juck', '0', null, null, 'N', null, 'juck', null, null, null, null, null, null, null, null, '1', 'Y', null, null, null, null, null, '1', null, '30', '3ec3309a3d4b45728b317d844571b5ee', null, null), ('327f15ff5ec74a22b351e1b7a67af1ba', '000208', 'empl000208', 'empl', 'toy', '校王', '0', null, null, 'Y', null, '123', null, null, null, null, null, null, null, null, '1', 'Y', null, null, null, null, null, '1', null, '30', '3ec3309a3d4b45728b317d844571b5ee', null, null), ('e7f9d62412c14947aa338f809b3932ff', '000209', '测试2', 'sys', 'toy', '测试2', '0', null, null, 'Y', null, '157', null, null, null, null, null, null, null, null, '1', 'Y', null, null, null, null, null, '1', null, '30', '3ec3309a3d4b45728b317d844571b5ee', null, null), ('9a4b34d379a5476d9ffae5b23ef76bdc', '000215', 'Empl_000215', 'empl', 'toy', '小星星', '0', null, null, 'Y', null, '1572800123', null, null, null, null, null, null, null, null, '1', 'Y', null, null, null, null, null, '1', null, '30', '3ec3309a3d4b45728b317d844571b5ee', null, null), ('3931b3f32dab4bf4bb90ed543352c965', '000216', 'ce', 'sys', 'toy', 'ce', '0', null, null, 'N', null, '15728001454', null, null, null, null, null, null, null, null, '1', 'Y', null, null, null, null, null, '1', null, '30', '3ec3309a3d4b45728b317d844571b5ee', null, null), ('45855a173fe441c49249ae0460b80195', '000219', 'Empl_000219', 'empl', 'toy', '121212', '0', null, null, 'Y', null, null, null, null, null, null, null, null, null, null, '1', 'Y', null, null, null, null, null, '1', null, '30', '3ec3309a3d4b45728b317d844571b5ee', null, null), ('3430d3dba7844b3da22652cdc62bec08', '000220', 'Empl_000220', 'empl', 'toy', 'hh', '0', null, null, 'Y', null, null, null, null, null, null, null, null, null, null, '1', 'Y', null, null, null, null, null, '1', null, '30', '3ec3309a3d4b45728b317d844571b5ee', null, null), ('f7e9de374ca24f41b5f9f7428984e6c4', '30fe7b9b3a35206f2d323f41a187e5d1', '30fe7b9b3a35206f2d323f41a187e5d1', 'crm', 'k', 'toy', '0', null, null, 'N', null, null, null, null, null, null, null, '82650743-9411-4db9-88e1-e1071a2eb636', null, null, '1', 'N', null, null, null, null, null, '1', 'oqpD20FV0JhbN1v_AEeFLtb3tmGo', '0', null, 'https://wx.qlogo.cn/mmopen/vi_32/PiajxSqBRaEJBdYad5r8QpQvdl28gI2YJniafb28ONb85yJozssWuRf6WWwrRmgptXm1f0rcDicyYicADTfV1BM6gA/0', null), ('5d632eb8f72b40ae895944a3ac79636a', 'f80d3b480f5228b4a971a4b0309fea80', 'f80d3b480f5228b4a971a4b0309fea80', 'crm', 'Celine', 'toy', '0', null, null, 'N', null, null, null, null, null, null, null, null, null, null, '1', 'N', null, null, null, null, null, '1', 'oqpD20NYhF5s2dHCZTFZqTWe50ko', '0', null, 'https://wx.qlogo.cn/mmopen/vi_32/DYAIOgq83erqnibPPFKeGjH3orYrQcb2ce3bsOGicgiajJyEqfwaJJHSofDkXWXdic0E9geDH1fWcHmKM40OQk9MFQ/0', null), ('931c1faedbd646519676ebf891bb12c5', '000230', 'abcdef', 'sys', 'toy', '小王网', '0', null, null, 'N', null, null, null, null, null, null, null, null, null, null, '1', 'N', null, null, null, null, null, '1', null, '0', null, null, '0'), ('a04d5a2109e9432c90338f7bda86f2d8', '000203', 'hellodba2', 'sys', 'toy', '小小', '0', null, null, 'N', null, '1312', null, null, null, '小小', null, null, null, null, '1', 'Y', null, null, null, null, null, '1', null, '30', '3ec3309a3d4b45728b317d844571b5ee', null, null), ('3513854261eb4f15a65db1aeacc36ec0', '000204', '测试', 'sys', 'toy', '测试', '0', null, null, 'Y', null, '123', null, null, null, null, null, null, null, null, '1', 'Y', null, null, null, null, null, '1', null, '30', '3ec3309a3d4b45728b317d844571b5ee', null, null), ('ebc00cf3eab840f1a4430b0f5201b670', '000214', 'Empl_000214', 'empl', 'toy', '12次厕所', '0', null, null, 'Y', null, '12', null, null, null, null, null, null, null, null, '1', 'Y', null, null, null, null, null, '1', null, '30', '3ec3309a3d4b45728b317d844571b5ee', null, null), ('69b456bcc0d84ba6b416d09535f481be', 'e5d8c8036d6bc4fb50ae2882c70bc88f', 'e5d8c8036d6bc4fb50ae2882c70bc88f', 'crm', '在水一方', 'toy', '0', null, null, 'N', null, null, null, null, null, null, null, '45e2445d-0313-4991-9ef7-c04ff63e7fbe', null, null, '1', 'N', null, null, null, null, null, '1', 'oqpD20MsPQyDI68X2rQyK42o4exI', '0', null, 'https://wx.qlogo.cn/mmopen/vi_32/Q0j4TwGTfTJczcmo1D5JKsmVZhKHictYRNIiclBIA5oH2EHzribkUibcCL6Zu0s9LXvuYd2C80WtZwtNmBaZR2Bbbg/0', null), ('30c9c2043b264d5b84cc5d99b82c4208', '000231', 'app1', 'app', 'toy', 'app1', '0', null, null, 'N', null, null, null, null, null, null, null, null, null, null, '1', 'N', null, null, null, null, null, '1', null, '0', null, null, '0'), ('1', '1', 'dev', 'sys', null, null, '0', null, null, 'N', null, null, null, null, null, null, null, null, null, null, null, 'N', null, null, null, null, null, '1', null, '30', '3ec3309a3d4b45728b317d844571b5ee', null, null), ('3720fc2d053b473ba489b8b1143275c9', '000221', 'empl000221', 'empl', 'toy', '天天', '0', null, null, 'Y', null, '12', null, null, null, null, null, null, null, null, '1', 'Y', null, null, null, null, null, '1', null, '30', '3ec3309a3d4b45728b317d844571b5ee', null, null), ('e76eb3acfd9941d8a7b2ec9f8f230e1c', '000222', 'empl000222', 'empl', 'toy', '他天天', '0', null, null, 'Y', null, null, null, null, null, null, null, null, null, null, '1', 'Y', null, null, null, null, null, '1', null, '30', '3ec3309a3d4b45728b317d844571b5ee', null, null), ('4d3b0b83c39b42d3b770e04748ec1a88', '3d7ff5cf044cfbcdb73061d8757391d9', '3d7ff5cf044cfbcdb73061d8757391d9', 'crm', 'LeeFJ', 'toy', '0', null, null, 'N', null, null, null, null, null, null, null, null, null, null, '1', 'N', null, null, null, null, null, '1', 'oqpD20C-6ZFDFHMcZUvZmD2PbZpk', '0', null, 'https://wx.qlogo.cn/mmopen/vi_32/Q0j4TwGTfTKfuKOfiab53ib9NKnsIouPRySvxrWTNGuib1licjfdKHTIcj3cMX85pU5aXRDWkh0ra9S0y82dqjRIzQ/0', null);
COMMIT;

-- ----------------------------
-- Table structure for `sys_user_receivingaddr`
-- ----------------------------
DROP TABLE IF EXISTS `sys_user_receivingaddr`;
CREATE TABLE `sys_user_receivingaddr` (
`id`  varchar(50) NOT NULL ,
`user_id`  varchar(50) NULL ,
`provinceid`  varchar(50) NULL ,
`provincecode`  varchar(50) NULL ,
`provincename`  text NULL ,
`cityid`  varchar(50) NULL ,
`citycode`  varchar(50) NULL ,
`cityname`  text NULL ,
`areaid`  varchar(50) NULL ,
`areacode`  varchar(50) NULL ,
`areaname`  text NULL ,
`ct`  text NULL ,
`contactuser`  text NULL ,
`contact`  text NULL ,
`is_deleted`  char(1) NULL ,
`zcode`  varchar(50) NULL ,
`od`  decimal(65,30) NULL ,
PRIMARY KEY (`id`)
)

;

-- ----------------------------
-- Records of SYS_USER_RECEIVINGADDR
-- ----------------------------
BEGIN;
INSERT INTO `sys_user_receivingaddr` VALUES ('1', null, null, null, null, null, null, null, null, null, null, null, null, null, null, null, null), ('12', null, null, null, null, null, null, null, null, null, null, null, null, null, 'N', null, null), ('112', 'sys', null, null, null, null, null, null, null, null, null, null, null, null, 'Y', null, null), ('e9401b48-a0ad-4aa6-8101-66cfe4a5c22a', 'sys', '140000', null, null, '140300', null, null, '140311', null, null, 'yaongor', 'wangkeke', '1212', 'Y', '319123', null), ('c3b146dd-87a9-4eb6-bb62-441c3cd3be2c', 'sys', '140000', null, null, '140400', null, null, '140411', null, null, 'jk', 'yyuy', '676767', 'Y', 'k', null), ('8a77cffd-5b69-4018-9de2-ec1556e29eb3', 'sys', '110000', null, null, '110106', null, null, null, null, null, 'l', 'jkj', '9988', 'Y', 'kj', null), ('45e2445d-0313-4991-9ef7-c04ff63e7fbe', '69b456bcc0d84ba6b416d09535f481be', '620000', null, null, '620100', null, null, '620101', null, null, '尴尬哈哈哈', '搞好改革和', '15720008848', 'N', '韩国帅哥哥是个', null), ('82650743-9411-4db9-88e1-e1071a2eb636', 'f7e9de374ca24f41b5f9f7428984e6c4', '130000', null, null, '130200', null, null, '130202', null, null, '12', '12', '1212121', 'N', '12', null), ('11212', 'sys', null, null, null, null, null, null, null, null, null, null, null, null, 'Y', null, null), ('101', 'sys', '110000', '1', '浙江省', '110101', '2', '宁波市', null, '3', '鄞州区', '天一支行招商分行审计部2楼', '成121212', '1231223445', 'Y', '315174', '1'), ('102', 'sys', '110000', '1', '浙江省', '110101', '2', '宁波市', null, '3', '鄞州区', '天一支行招商分行审计部2楼', 'cheng23', '1231223445', 'N', '315171', '1'), ('103', 'sys', '1', '1', '浙江省', '2', '2', '宁波市', '3', '3', '鄞州区', '天一支行招商分行审计部2楼', '阿斯顿', '1231223445', 'Y', '315174', '1'), ('104', 'sys', '110000', '1', '浙江省', '110101', '2', '宁波市', null, '3', '鄞州区', '天一支行招商分行审计部2楼', '阿斯顿发', '1231223445', 'N', '315174', '1'), ('105', 'sys', '1', '1', '浙江省', '2', '2', '宁波市', '3', '3', '鄞州区', '天一支行招商分行审计部2楼', '阿道夫', '1231223445', 'N', '315174', '1'), ('a9645721-1ec8-4b0a-871d-10252fed2f7f', 'f7e9de374ca24f41b5f9f7428984e6c4', '320000', null, null, '320100', null, null, '320111', null, null, '苏家小区', '金额', '15728001523', 'N', '315174', null), ('a0659975-1bf7-44ed-bee0-40594dec9cc4', 'sys', '150000', null, null, '150100', null, null, '150101', null, null, 'undefined', 'undefined', 'undefined', 'Y', 'undefined', null), ('2aec80f4-0ef3-4484-86fc-5aa6425de094', 'sys', '130000', null, null, '130100', null, null, '130101', null, null, 'undefined', 'undefined', 'undefined', 'Y', 'undefined', null), ('643a024e-b8b6-419b-9294-718c8f78fd38', 'sys', '140000', null, null, '140300', null, null, '140302', null, null, '东盟2', 'asdf金接', '15728001256', 'N', '319241', null), ('a5808421-1a8c-48e5-98bb-c5890795fe9b', 'f7e9de374ca24f41b5f9f7428984e6c4', '110000', null, null, '110101', null, null, null, null, null, '1212地址', '用户22', '15728001212', 'N', '121212', null);
COMMIT;

-- ----------------------------
-- Table structure for `sys_user_role`
-- ----------------------------
DROP TABLE IF EXISTS `sys_user_role`;
CREATE TABLE `sys_user_role` (
`user_id`  varchar(50) NOT NULL ,
`role_id`  varchar(50) NOT NULL ,
`org_id`  varchar(50) NULL ,
PRIMARY KEY (`user_id`, `role_id`)
)

;

-- ----------------------------
-- Records of SYS_USER_ROLE
-- ----------------------------
BEGIN;
INSERT INTO `sys_user_role` VALUES ('1', '9420e12c-3003-441a-be79-d2d6f61e5478', null), ('1', '2ea5b10d-d0db-46e8-8d60-0df175cb39f3', null), ('ff87dd93-cec6-4b3d-b67c-7e0ab21bb5a6', '9420e12c-3003-441a-be79-d2d6f61e5478', null), ('3931b3f32dab4bf4bb90ed543352c965', '0664ef6a-bfa6-4a66-b876-63defcd388cd', null), ('892e8740-7e48-46f5-9bcb-9590f2f1fa3f', '9420e12c-3003-441a-be79-d2d6f61e5478', null), ('6e549925-692e-4a77-bf04-b6eae9b95927', '0664ef6a-bfa6-4a66-b876-63defcd388cd', null), ('327f15ff5ec74a22b351e1b7a67af1ba', '9420e12c-3003-441a-be79-d2d6f61e5478', null), ('14cf3de149d7401e982cf755ab723b18', '0664ef6a-bfa6-4a66-b876-63defcd388cd', null), ('14cf3de149d7401e982cf755ab723b18', '2ea5b10d-d0db-46e8-8d60-0df175cb39f3', null), ('01e7503f00714ae984d8041a254d43a8', '9420e12c-3003-441a-be79-d2d6f61e5478', null), ('14c698a763f44a7b89977286a9274949', '0664ef6a-bfa6-4a66-b876-63defcd388cd', null), ('14c698a763f44a7b89977286a9274949', '9420e12c-3003-441a-be79-d2d6f61e5478', null), ('48d409eed9094067b8c83df363fc2055', '0664ef6a-bfa6-4a66-b876-63defcd388cd', null), ('48d409eed9094067b8c83df363fc2055', '9420e12c-3003-441a-be79-d2d6f61e5478', null), ('ebc00cf3eab840f1a4430b0f5201b670', '0664ef6a-bfa6-4a66-b876-63defcd388cd', null), ('ebc00cf3eab840f1a4430b0f5201b670', '9420e12c-3003-441a-be79-d2d6f61e5478', null), ('5007fd96-7615-48d3-ae22-4443bf6470b6', '9420e12c-3003-441a-be79-d2d6f61e5478', null), ('sys', '9420e12c-3003-441a-be79-d2d6f61e5478', null);
COMMIT;

-- ----------------------------
-- Table structure for `sys_user_score_dtl`
-- ----------------------------
DROP TABLE IF EXISTS `sys_user_score_dtl`;
CREATE TABLE `sys_user_score_dtl` (
`id`  varchar(100) NOT NULL ,
`user_id`  varchar(100) NULL ,
`action`  varchar(100) NULL ,
`value`  varchar(100) NULL ,
`mark`  varchar(100) NULL ,
`flag`  varchar(100) NULL ,
`rtime`  datetime NULL ,
`is_delete`  char(1) NULL ,
PRIMARY KEY (`id`)
)

;

-- ----------------------------
-- Records of SYS_USER_SCORE_DTL
-- ----------------------------
BEGIN;
INSERT INTO `sys_user_score_dtl` VALUES ('aa5ce765-9438-4629-85c4-fe813d3b96a3', 'sys', 'add', '1', '签到', 'qd', '2017-11-15 12:53:06', 'N');
COMMIT;
